"vname","vlabel","vdesc","vname_alias","vscope","vloc","duplicates","dd_f_level","raw_first5","raw_type","vconvert","vtype","vtype_class","vlength","vformat","rg_properties","rg_preview","rg_stats","rg_graphics","rg_hash","dgf_standardize","dgf_validate"
"F9_00_ORG_NAME_L1","F9_00_ORG_NAME_L1","Organization name line 1","","","",FALSE,"","INTERNATIONAL UNI... ;; 
RETAIL MERCHANTS ... ;; 
MORRIS COUNTY FAR... ;; 
NATIONAL ASSOCIAT... ;; 
AMERICAN MEAD MAK...","character",NA,"character","character",97,NA,"[ 
  {  ""STAT"" :  ""Rows""  ,  ""VAL"" :  ""25,000""  ,  ""PER"" :  """"  }, 
  {  ""STAT"" :  ""Distinct""  ,  ""VAL"" :  ""17,455""  ,  ""PER"" :  ""(69.8%)""  }, 
  {  ""STAT"" :  ""Missing/NA""  ,  ""VAL"" :  ""1,378""  ,  ""PER"" :  ""(5.5%)""  }, 
  {  ""STAT"" :  ""Most Common""  ,  ""VAL"" :  ""AMERICAN LEGION""  ,  ""PER"" :  ""(2.3%)""  }
]","AMERICAN LEGION ;; ROTARY INTERNATIONAL ;; BENEVOLENT & PROTECTIVE ORDER OF ELKS OF THE USA ;; VETERANS OF FOREIGN WARS OF THE UNITED STATES DE ;; INTERNATIONAL ASSOCIATION OF LIONS CLUBS ;; KNIGHTS OF COLUMBUS ;; FRATERNAL ORDER OF EAGLES ;; INTERNATIONAL ASSOCIATION OF FIRE FIGHTERS ;; UNITED STEELWORKERS ;; AMERICAN FEDERATION OF TEACHERS ;; KIWANIS INTERNATIONAL INC ;; INTERNATIONAL BROTHERHOO","{
  ""STATS"": [
    {
      ""STAT"": ""Minimum"",
      ""CHARACTERS"": 3,
      ""WORDS"": 1
    },
    {
      ""STAT"": ""Median"",
      ""CHARACTERS"": 34,
      ""WORDS"": 5
    },
    {
      ""STAT"": ""Mean"",
      ""CHARACTERS"": 35.64,
      ""WORDS"": 5.08
    },
    {
      ""STAT"": ""Max"",
      ""CHARACTERS"": 97,
      ""WORDS"": 17
    },
    {
      ""STAT"": ""Skew"",
      ""CHARACTERS"": 0.43,
      ""WORDS"": 0.94
    }
  ],
  ""HIST"": [
    ""<?xml version=\""1.0\"" encoding=\""UTF-8\""?>\n<svg xmlns=\""http://www.w3.org/2000/svg\"" xmlns:xlink=\""http://www.w3.org/1999/xlink\"" width=\""48.00pt\"" height=\""12.00pt\"" viewBox=\""0 0 48.00 12.00\"">\n  <g class=\""svglite\"">\n    <defs>\n      <style type=\""text/css\""><![CDATA[\n    .svglite line, .svglite polyline, .svglite polygon, .svglite path, .svglite rect, .svglite circle {\n      fill: none;\n      stroke: #000000;\n      stroke-linecap: round;\n      stroke-linejoin: round;\n      stroke-miterlimit: 10.00;\n    }\n    .svglite text {\n      white-space: pre;\n    }\n    .svglite g.glyphgroup path {\n      fill: inherit;\n      stroke: none;\n    }\n  ]]><\/style>\n    <\/defs>\n    <rect width=\""100%\"" height=\""100%\"" style=\""stroke: none; fill: none;\""/>\n    <defs>\n      <clipPath id=\""cpMC4wMHw0OC4wMHwwLjAwfDEyLjAw\"">\n        <rect x=\""0.00\"" y=\""0.00\"" width=\""48.00\"" height=\""12.00\""/>\n      <\/clipPath>\n    <\/defs>\n    <g clip-path=\""url(#cpMC4wMHw0OC4wMHwwLjAwfDEyLjAw)\"">\n<\/g>\n    <defs>\n      <clipPath id=\""cpMC4wMHw0OC4wMHwyLjg4fDEyLjAw\"">\n        <rect x=\""0.00\"" y=\""2.88\"" width=\""48.00\"" height=\""9.12\""/>\n      <\/clipPath>\n    <\/defs>\n    <g clip-path=\""url(#cpMC4wMHw0OC4wMHwyLjg4fDEyLjAw)\"">\n      <rect x=\""0.36\"" y=\""11.63\"" width=\""2.36\"" height=\""0.037\"" style=\""stroke-width: 0.38; fill: #D3D3D3;\""/>\n      <rect x=\""2.72\"" y=\""11.08\"" width=\""2.36\"" height=\""0.58\"" style=\""stroke-width: 0.38; fill: #D3D3D3;\""/>\n      <rect x=\""5.09\"" y=\""9.53\"" width=\""2.36\"" height=\""2.13\"" style=\""stroke-width: 0.38; fill: #D3D3D3;\""/>\n      <rect x=\""7.45\"" y=\""6.90\"" width=\""2.36\"" height=\""4.76\"" style=\""stroke-width: 0.38; fill: #D3D3D3;\""/>\n      <rect x=\""9.82\"" y=\""5.47\"" width=\""2.36\"" height=\""6.19\"" style=\""stroke-width: 0.38; fill: #D3D3D3;\""/>\n      <rect x=\""12.18\"" y=\""4.25\"" width=\""2.36\"" height=\""7.41\"" style=\""stroke-width: 0.38; fill: #D3D3D3;\""/>\n      <rect x=\""14.54\"" y=\""3.22\"" width=\""2.36\"" height=\""8.44\"" style=\""stroke-width: 0.38; fill: #D3D3D3;\""/>\n      <rect x=\""16.91\"" y=\""4.44\"" width=\""2.36\"" height=\""7.22\"" style=\""stroke-width: 0.38; fill: #D3D3D3;\""/>\n      <rect x=\""19.27\"" y=\""5.79\"" width=\""2.36\"" height=\""5.87\"" style=\""stroke-width: 0.38; fill: #D3D3D3;\""/>\n      <rect x=\""21.64\"" y=\""7.12\"" width=\""2.36\"" height=\""4.55\"" style=\""stroke-width: 0.38; fill: #D3D3D3;\""/>\n      <rect x=\""24.00\"" y=\""9.30\"" width=\""2.36\"" height=\""2.36\"" style=\""stroke-width: 0.38; fill: #D3D3D3;\""/>\n      <rect x=\""26.36\"" y=\""9.56\"" width=\""2.36\"" height=\""2.10\"" style=\""stroke-width: 0.38; fill: #D3D3D3;\""/>\n      <rect x=\""28.73\"" y=\""9.65\"" width=\""2.36\"" height=\""2.01\"" style=\""stroke-width: 0.38; fill: #D3D3D3;\""/>\n      <rect x=\""31.09\"" y=\""10.53\"" width=\""2.36\"" height=\""1.14\"" style=\""stroke-width: 0.38; fill: #D3D3D3;\""/>\n      <rect x=\""33.46\"" y=\""11.65\"" width=\""2.36\"" height=\""0.0093\"" style=\""stroke-width: 0.38; fill: #D3D3D3;\""/>\n      <rect x=\""35.82\"" y=\""11.65\"" width=\""2.36\"" height=\""0.0093\"" style=\""stroke-width: 0.38; fill: #D3D3D3;\""/>\n      <rect x=\""38.18\"" y=\""11.66\"" width=\""2.36\"" height=\""0.0023\"" style=\""stroke-width: 0.38; fill: #D3D3D3;\""/>\n      <rect x=\""40.55\"" y=\""11.66\"" width=\""2.36\"" height=\""0.00\"" style=\""stroke-width: 0.38; fill: #D3D3D3;\""/>\n      <rect x=\""42.91\"" y=\""11.66\"" width=\""2.36\"" height=\""0.0023\"" style=\""stroke-width: 0.38; fill: #D3D3D3;\""/>\n      <rect x=\""45.28\"" y=\""11.66\"" width=\""2.36\"" height=\""0.0023\"" style=\""stroke-width: 0.38; fill: #D3D3D3;\""/>\n    <\/g>\n  <\/g>\n<\/svg>\n"",
    ""<?xml version=\""1.0\"" encoding=\""UTF-8\""?>\n<svg xmlns=\""http://www.w3.org/2000/svg\"" xmlns:xlink=\""http://www.w3.org/1999/xlink\"" width=\""48.00pt\"" height=\""12.00pt\"" viewBox=\""0 0 48.00 12.00\"">\n  <g class=\""svglite\"">\n    <defs>\n      <style type=\""text/css\""><![CDATA[\n    .svglite line, .svglite polyline, .svglite polygon, .svglite path, .svglite rect, .svglite circle {\n      fill: none;\n      stroke: #000000;\n      stroke-linecap: round;\n      stroke-linejoin: round;\n      stroke-miterlimit: 10.00;\n    }\n    .svglite text {\n      white-space: pre;\n    }\n    .svglite g.glyphgroup path {\n      fill: inherit;\n      stroke: none;\n    }\n  ]]><\/style>\n    <\/defs>\n    <rect width=\""100%\"" height=\""100%\"" style=\""stroke: none; fill: none;\""/>\n    <defs>\n      <clipPath id=\""cpMC4wMHw0OC4wMHwwLjAwfDEyLjAw\"">\n        <rect x=\""0.00\"" y=\""0.00\"" width=\""48.00\"" height=\""12.00\""/>\n      <\/clipPath>\n    <\/defs>\n    <g clip-path=\""url(#cpMC4wMHw0OC4wMHwwLjAwfDEyLjAw)\"">\n<\/g>\n    <defs>\n      <clipPath id=\""cpMC4wMHw0OC4wMHwyLjg4fDEyLjAw\"">\n        <rect x=\""0.00\"" y=\""2.88\"" width=\""48.00\"" height=\""9.12\""/>\n      <\/clipPath>\n    <\/defs>\n    <g clip-path=\""url(#cpMC4wMHw0OC4wMHwyLjg4fDEyLjAw)\"">\n      <rect x=\""1.78\"" y=\""8.74\"" width=\""2.78\"" height=\""2.92\"" style=\""stroke-width: 0.38; fill: #D3D3D3;\""/>\n      <rect x=\""4.56\"" y=\""6.92\"" width=\""2.78\"" height=\""4.75\"" style=\""stroke-width: 0.38; fill: #D3D3D3;\""/>\n      <rect x=\""7.33\"" y=\""3.22\"" width=\""2.78\"" height=\""8.44\"" style=\""stroke-width: 0.38; fill: #D3D3D3;\""/>\n      <rect x=\""10.11\"" y=\""3.77\"" width=\""2.78\"" height=\""7.89\"" style=\""stroke-width: 0.38; fill: #D3D3D3;\""/>\n      <rect x=\""12.89\"" y=\""7.49\"" width=\""2.78\"" height=\""4.17\"" style=\""stroke-width: 0.38; fill: #D3D3D3;\""/>\n      <rect x=\""15.67\"" y=\""8.90\"" width=\""2.78\"" height=\""2.76\"" style=\""stroke-width: 0.38; fill: #D3D3D3;\""/>\n      <rect x=\""18.44\"" y=\""9.84\"" width=\""2.78\"" height=\""1.83\"" style=\""stroke-width: 0.38; fill: #D3D3D3;\""/>\n      <rect x=\""21.22\"" y=\""10.20\"" width=\""2.78\"" height=\""1.46\"" style=\""stroke-width: 0.38; fill: #D3D3D3;\""/>\n      <rect x=\""24.00\"" y=\""11.15\"" width=\""2.78\"" height=\""0.51\"" style=\""stroke-width: 0.38; fill: #D3D3D3;\""/>\n      <rect x=\""26.78\"" y=\""10.95\"" width=\""2.78\"" height=\""0.72\"" style=\""stroke-width: 0.38; fill: #D3D3D3;\""/>\n      <rect x=\""29.56\"" y=\""11.47\"" width=\""2.78\"" height=\""0.20\"" style=\""stroke-width: 0.38; fill: #D3D3D3;\""/>\n      <rect x=\""32.33\"" y=\""11.63\"" width=\""2.78\"" height=\""0.035\"" style=\""stroke-width: 0.38; fill: #D3D3D3;\""/>\n      <rect x=\""35.11\"" y=\""11.65\"" width=\""2.78\"" height=\""0.017\"" style=\""stroke-width: 0.38; fill: #D3D3D3;\""/>\n      <rect x=\""37.89\"" y=\""11.66\"" width=\""2.78\"" height=\""0.0045\"" style=\""stroke-width: 0.38; fill: #D3D3D3;\""/>\n      <rect x=\""40.67\"" y=\""11.66\"" width=\""2.78\"" height=\""0.0045\"" style=\""stroke-width: 0.38; fill: #D3D3D3;\""/>\n      <rect x=\""43.44\"" y=\""11.66\"" width=\""2.78\"" height=\""0.0015\"" style=\""stroke-width: 0.38; fill: #D3D3D3;\""/>\n    <\/g>\n  <\/g>\n<\/svg>\n""
  ],
  ""COMMON"": [
    {
      ""Value"": ""AMERICAN LEGION"",
      ""Frequency"": 573
    },
    {
      ""Value"": ""ROTARY INTERNATIONAL"",
      ""Frequency"": 493
    },
    {
      ""Value"": ""BENEVOLENT & PROTECTIVE ORDER OF ELKS OF THE USA"",
      ""Frequency"": 302
    },
    {
      ""Value"": ""INTERNATIONAL ASSOCIATION OF LIONS CLUBS"",
      ""Frequency"": 250
    },
    {
      ""Value"": ""KNIGHTS OF COLUMBUS"",
      ""Frequency"": 236
    },
    {
      ""Value"": ""FRATERNAL ORDER OF EAGLES"",
      ""Frequency"": 195
    }
  ]
}","[ 
  {  ""ww"" :  ""INC""  ,  ""Freq"" :  6234  }, 
  {  ""ww"" :  ""ASSOCIATION""  ,  ""Freq"" :  5553  }, 
  {  ""ww"" :  ""CLUB""  ,  ""Freq"" :  2150  }, 
  {  ""ww"" :  ""INTERNATIONAL""  ,  ""Freq"" :  2135  }, 
  {  ""ww"" :  ""AMERICAN""  ,  ""Freq"" :  1664  }, 
  {  ""ww"" :  ""COUNTY""  ,  ""Freq"" :  1115  }, 
  {  ""ww"" :  ""ORDER""  ,  ""Freq"" :  1026  }, 
  {  ""ww"" :  ""UNITED""  ,  ""Freq"" :  867  }, 
  {  ""ww"" :  ""CHAMBER""  ,  ""Freq"" :  856  }, 
  {  ""ww"" :  ""COMMERCE""  ,  ""Freq"" :  841  }, 
  {  ""ww"" :  ""UNION""  ,  ""Freq"" :  799  }, 
  {  ""ww"" :  ""LEGION""  ,  ""Freq"" :  752  }, 
  {  ""ww"" :  ""FIRE""  ,  ""Freq"" :  677  }, 
  {  ""ww"" :  ""VETERANS""  ,  ""Freq"" :  656  }, 
  {  ""ww"" :  ""CORPORATION""  ,  ""Freq"" :  606  }, 
  {  ""ww"" :  ""WORKERS""  ,  ""Freq"" :  593  }, 
  {  ""ww"" :  ""FUND""  ,  ""Freq"" :  555  }, 
  {  ""ww"" :  ""NEW""  ,  ""Freq"" :  555  }, 
  {  ""ww"" :  ""FEDERATION""  ,  ""Freq"" :  554  }, 
  {  ""ww"" :  ""AMERICA""  ,  ""Freq"" :  548  }, 
  {  ""ww"" :  ""SOCIETY""  ,  ""Freq"" :  545  }, 
  {  ""ww"" :  ""ROTARY""  ,  ""Freq"" :  537  }, 
  {  ""ww"" :  ""NATIONAL""  ,  ""Freq"" :  536  }, 
  {  ""ww"" :  ""FOREIGN""  ,  ""Freq"" :  515  }, 
  {  ""ww"" :  ""WARS""  ,  ""Freq"" :  514  }, 
  {  ""ww"" :  ""STATE""  ,  ""Freq"" :  479  }, 
  {  ""ww"" :  ""FRATERNITY""  ,  ""Freq"" :  477  }, 
  {  ""ww"" :  ""BENEVOLENT""  ,  ""Freq"" :  466  }, 
  {  ""ww"" :  ""EMPLOYEES""  ,  ""Freq"" :  454  }, 
  {  ""ww"" :  ""CEMETERY""  ,  ""Freq"" :  440  }, 
  {  ""ww"" :  ""WATER""  ,  ""Freq"" :  438  }, 
  {  ""ww"" :  ""TRUST""  ,  ""Freq"" :  436  }, 
  {  ""ww"" :  ""HEALTH""  ,  ""Freq"" :  426  }, 
  {  ""ww"" :  ""DEPT""  ,  ""Freq"" :  415  }, 
  {  ""ww"" :  ""STATES""  ,  ""Freq"" :  409  }, 
  {  ""ww"" :  ""BUREAU""  ,  ""Freq"" :  399  }, 
  {  ""ww"" :  ""DEPARTMENT""  ,  ""Freq"" :  399  }, 
  {  ""ww"" :  ""USA""  ,  ""Freq"" :  371  }, 
  {  ""ww"" :  ""COUNCIL""  ,  ""Freq"" :  370  }, 
  {  ""ww"" :  ""PROTECTIVE""  ,  ""Freq"" :  361  }, 
  {  ""ww"" :  ""ELKS""  ,  ""Freq"" :  353  }, 
  {  ""ww"" :  ""FARM""  ,  ""Freq"" :  334  }, 
  {  ""ww"" :  ""FRATERNAL""  ,  ""Freq"" :  334  }, 
  {  ""ww"" :  ""COUNTRY""  ,  ""Freq"" :  331  }, 
  {  ""ww"" :  ""ALPHA""  ,  ""Freq"" :  322  }, 
  {  ""ww"" :  ""CHAPTER""  ,  ""Freq"" :  321  }, 
  {  ""ww"" :  ""VOLUNTEER""  ,  ""Freq"" :  321  }, 
  {  ""ww"" :  ""CALIFORNIA""  ,  ""Freq"" :  318  }, 
  {  ""ww"" :  ""COMPANY""  ,  ""Freq"" :  317  }, 
  {  ""ww"" :  ""COMMUNITY""  ,  ""Freq"" :  316  }
]","c37e83a29aac696516a76c253df473d9","",""
"F0_00_ORG_CONTACT","F0_00_ORG_CONTACT","Contact person (from IRS files)","","","",FALSE,"","JACK ARGILA ;; 
KATHY/NANCY ;; 
DAVE A WARRINGTON ;; 
BRIAN WING ;; 
GARY M SIMMONS","character",NA,"character","character",33,NA,"[ 
  {  ""STAT"" :  ""Rows""  ,  ""VAL"" :  ""25,000""  ,  ""PER"" :  """"  }, 
  {  ""STAT"" :  ""Distinct""  ,  ""VAL"" :  ""10,990""  ,  ""PER"" :  ""(44.0%)""  }, 
  {  ""STAT"" :  ""Missing/NA""  ,  ""VAL"" :  ""13,392""  ,  ""PER"" :  ""(53.6%)""  }, 
  {  ""STAT"" :  ""Most Common""  ,  ""VAL"" :  ""TREASURER""  ,  ""PER"" :  ""(0.3%)""  }
]","TREASURER ;; FINANCIAL SECRETARY ;; THE ORGANIZATION ;; SORORITY SOLUTIONS ;; WORTHY SECRETARY ;; COMMERCE ;; PEO TREASURER ;; PRESIDENT ;; SECRETARY ;; THE BANK OF NEW YORK MELLON ;; COMMANDER ;; SECRETARY TREASURER ;; AGRECORDS ;; SCIARABBA WALKER ;; AIPSO ;; QUARTERMASTER ;; CREST MANAGEMENT ;; BRIANNE TILLOTSON ;; MIDAMERICA RET & ADMIN SOL INC ;; POST QUARTERMASTER ;; BOARD OF TRUSTEES ;; GEO","{
  ""STATS"": [
    {
      ""STAT"": ""Minimum"",
      ""CHARACTERS"": 1,
      ""WORDS"": 1
    },
    {
      ""STAT"": ""Median"",
      ""CHARACTERS"": 14,
      ""WORDS"": 2
    },
    {
      ""STAT"": ""Mean"",
      ""CHARACTERS"": 15.02,
      ""WORDS"": 2.49
    },
    {
      ""STAT"": ""Max"",
      ""CHARACTERS"": 33,
      ""WORDS"": 9
    },
    {
      ""STAT"": ""Skew"",
      ""CHARACTERS"": 1.29,
      ""WORDS"": 1.63
    }
  ],
  ""HIST"": [
    ""<?xml version=\""1.0\"" encoding=\""UTF-8\""?>\n<svg xmlns=\""http://www.w3.org/2000/svg\"" xmlns:xlink=\""http://www.w3.org/1999/xlink\"" width=\""48.00pt\"" height=\""12.00pt\"" viewBox=\""0 0 48.00 12.00\"">\n  <g class=\""svglite\"">\n    <defs>\n      <style type=\""text/css\""><![CDATA[\n    .svglite line, .svglite polyline, .svglite polygon, .svglite path, .svglite rect, .svglite circle {\n      fill: none;\n      stroke: #000000;\n      stroke-linecap: round;\n      stroke-linejoin: round;\n      stroke-miterlimit: 10.00;\n    }\n    .svglite text {\n      white-space: pre;\n    }\n    .svglite g.glyphgroup path {\n      fill: inherit;\n      stroke: none;\n    }\n  ]]><\/style>\n    <\/defs>\n    <rect width=\""100%\"" height=\""100%\"" style=\""stroke: none; fill: none;\""/>\n    <defs>\n      <clipPath id=\""cpMC4wMHw0OC4wMHwwLjAwfDEyLjAw\"">\n        <rect x=\""0.00\"" y=\""0.00\"" width=\""48.00\"" height=\""12.00\""/>\n      <\/clipPath>\n    <\/defs>\n    <g clip-path=\""url(#cpMC4wMHw0OC4wMHwwLjAwfDEyLjAw)\"">\n<\/g>\n    <defs>\n      <clipPath id=\""cpMC4wMHw0OC4wMHwyLjg4fDEyLjAw\"">\n        <rect x=\""0.00\"" y=\""2.88\"" width=\""48.00\"" height=\""9.12\""/>\n      <\/clipPath>\n    <\/defs>\n    <g clip-path=\""url(#cpMC4wMHw0OC4wMHwyLjg4fDEyLjAw)\"">\n      <rect x=\""0.39\"" y=\""11.63\"" width=\""2.78\"" height=\""0.033\"" style=\""stroke-width: 0.38; fill: #D3D3D3;\""/>\n      <rect x=\""3.17\"" y=\""11.34\"" width=\""2.78\"" height=\""0.32\"" style=\""stroke-width: 0.38; fill: #D3D3D3;\""/>\n      <rect x=\""5.94\"" y=\""11.48\"" width=\""2.78\"" height=\""0.19\"" style=\""stroke-width: 0.38; fill: #D3D3D3;\""/>\n      <rect x=\""8.72\"" y=\""11.00\"" width=\""2.78\"" height=\""0.66\"" style=\""stroke-width: 0.38; fill: #D3D3D3;\""/>\n      <rect x=\""11.50\"" y=\""8.53\"" width=\""2.78\"" height=\""3.13\"" style=\""stroke-width: 0.38; fill: #D3D3D3;\""/>\n      <rect x=\""14.28\"" y=\""4.73\"" width=\""2.78\"" height=\""6.93\"" style=\""stroke-width: 0.38; fill: #D3D3D3;\""/>\n      <rect x=\""17.06\"" y=\""3.22\"" width=\""2.78\"" height=\""8.44\"" style=\""stroke-width: 0.38; fill: #D3D3D3;\""/>\n      <rect x=\""19.83\"" y=\""5.33\"" width=\""2.78\"" height=\""6.33\"" style=\""stroke-width: 0.38; fill: #D3D3D3;\""/>\n      <rect x=\""22.61\"" y=\""8.36\"" width=\""2.78\"" height=\""3.30\"" style=\""stroke-width: 0.38; fill: #D3D3D3;\""/>\n      <rect x=\""25.39\"" y=\""9.89\"" width=\""2.78\"" height=\""1.78\"" style=\""stroke-width: 0.38; fill: #D3D3D3;\""/>\n      <rect x=\""28.17\"" y=\""10.62\"" width=\""2.78\"" height=\""1.04\"" style=\""stroke-width: 0.38; fill: #D3D3D3;\""/>\n      <rect x=\""30.94\"" y=\""10.93\"" width=\""2.78\"" height=\""0.73\"" style=\""stroke-width: 0.38; fill: #D3D3D3;\""/>\n      <rect x=\""33.72\"" y=\""10.96\"" width=\""2.78\"" height=\""0.70\"" style=\""stroke-width: 0.38; fill: #D3D3D3;\""/>\n      <rect x=\""36.50\"" y=\""11.05\"" width=\""2.78\"" height=\""0.61\"" style=\""stroke-width: 0.38; fill: #D3D3D3;\""/>\n      <rect x=\""39.28\"" y=\""11.29\"" width=\""2.78\"" height=\""0.37\"" style=\""stroke-width: 0.38; fill: #D3D3D3;\""/>\n      <rect x=\""42.06\"" y=\""11.32\"" width=\""2.78\"" height=\""0.34\"" style=\""stroke-width: 0.38; fill: #D3D3D3;\""/>\n      <rect x=\""44.83\"" y=\""11.27\"" width=\""2.78\"" height=\""0.39\"" style=\""stroke-width: 0.38; fill: #D3D3D3;\""/>\n    <\/g>\n  <\/g>\n<\/svg>\n"",
    ""<?xml version=\""1.0\"" encoding=\""UTF-8\""?>\n<svg xmlns=\""http://www.w3.org/2000/svg\"" xmlns:xlink=\""http://www.w3.org/1999/xlink\"" width=\""48.00pt\"" height=\""12.00pt\"" viewBox=\""0 0 48.00 12.00\"">\n  <g class=\""svglite\"">\n    <defs>\n      <style type=\""text/css\""><![CDATA[\n    .svglite line, .svglite polyline, .svglite polygon, .svglite path, .svglite rect, .svglite circle {\n      fill: none;\n      stroke: #000000;\n      stroke-linecap: round;\n      stroke-linejoin: round;\n      stroke-miterlimit: 10.00;\n    }\n    .svglite text {\n      white-space: pre;\n    }\n    .svglite g.glyphgroup path {\n      fill: inherit;\n      stroke: none;\n    }\n  ]]><\/style>\n    <\/defs>\n    <rect width=\""100%\"" height=\""100%\"" style=\""stroke: none; fill: none;\""/>\n    <defs>\n      <clipPath id=\""cpMC4wMHw0OC4wMHwwLjAwfDEyLjAw\"">\n        <rect x=\""0.00\"" y=\""0.00\"" width=\""48.00\"" height=\""12.00\""/>\n      <\/clipPath>\n    <\/defs>\n    <g clip-path=\""url(#cpMC4wMHw0OC4wMHwwLjAwfDEyLjAw)\"">\n<\/g>\n    <defs>\n      <clipPath id=\""cpMC4wMHw0OC4wMHwyLjg4fDEyLjAw\"">\n        <rect x=\""0.00\"" y=\""2.88\"" width=\""48.00\"" height=\""9.12\""/>\n      <\/clipPath>\n    <\/defs>\n    <g clip-path=\""url(#cpMC4wMHw0OC4wMHwyLjg4fDEyLjAw)\"">\n      <rect x=\""1.78\"" y=\""11.20\"" width=\""2.78\"" height=\""0.47\"" style=\""stroke-width: 0.38; fill: #D3D3D3;\""/>\n      <rect x=\""4.56\"" y=\""3.22\"" width=\""2.78\"" height=\""8.44\"" style=\""stroke-width: 0.38; fill: #D3D3D3;\""/>\n      <rect x=\""7.33\"" y=\""11.66\"" width=\""2.78\"" height=\""0.00\"" style=\""stroke-width: 0.38; fill: #D3D3D3;\""/>\n      <rect x=\""10.11\"" y=\""7.80\"" width=\""2.78\"" height=\""3.87\"" style=\""stroke-width: 0.38; fill: #D3D3D3;\""/>\n      <rect x=\""12.89\"" y=\""11.66\"" width=\""2.78\"" height=\""0.00\"" style=\""stroke-width: 0.38; fill: #D3D3D3;\""/>\n      <rect x=\""15.67\"" y=\""10.65\"" width=\""2.78\"" height=\""1.02\"" style=\""stroke-width: 0.38; fill: #D3D3D3;\""/>\n      <rect x=\""18.44\"" y=\""11.66\"" width=\""2.78\"" height=\""0.00\"" style=\""stroke-width: 0.38; fill: #D3D3D3;\""/>\n      <rect x=\""21.22\"" y=\""11.35\"" width=\""2.78\"" height=\""0.31\"" style=\""stroke-width: 0.38; fill: #D3D3D3;\""/>\n      <rect x=\""24.00\"" y=\""11.66\"" width=\""2.78\"" height=\""0.00\"" style=\""stroke-width: 0.38; fill: #D3D3D3;\""/>\n      <rect x=\""26.78\"" y=\""11.55\"" width=\""2.78\"" height=\""0.12\"" style=\""stroke-width: 0.38; fill: #D3D3D3;\""/>\n      <rect x=\""29.56\"" y=\""11.66\"" width=\""2.78\"" height=\""0.00\"" style=\""stroke-width: 0.38; fill: #D3D3D3;\""/>\n      <rect x=\""32.33\"" y=\""11.64\"" width=\""2.78\"" height=\""0.020\"" style=\""stroke-width: 0.38; fill: #D3D3D3;\""/>\n      <rect x=\""35.11\"" y=\""11.66\"" width=\""2.78\"" height=\""0.00\"" style=\""stroke-width: 0.38; fill: #D3D3D3;\""/>\n      <rect x=\""37.89\"" y=\""11.66\"" width=\""2.78\"" height=\""0.0049\"" style=\""stroke-width: 0.38; fill: #D3D3D3;\""/>\n      <rect x=\""40.67\"" y=\""11.66\"" width=\""2.78\"" height=\""0.00\"" style=\""stroke-width: 0.38; fill: #D3D3D3;\""/>\n      <rect x=\""43.44\"" y=\""11.66\"" width=\""2.78\"" height=\""0.0012\"" style=\""stroke-width: 0.38; fill: #D3D3D3;\""/>\n    <\/g>\n  <\/g>\n<\/svg>\n""
  ],
  ""COMMON"": [
    {
      ""Value"": ""TREASURER"",
      ""Frequency"": 67
    },
    {
      ""Value"": ""FINANCIAL SECRETARY"",
      ""Frequency"": 66
    },
    {
      ""Value"": ""THE ORGANIZATION"",
      ""Frequency"": 44
    },
    {
      ""Value"": ""SORORITY SOLUTIONS"",
      ""Frequency"": 27
    },
    {
      ""Value"": ""WORTHY SECRETARY"",
      ""Frequency"": 24
    },
    {
      ""Value"": ""COMMERCE"",
      ""Frequency"": 18
    }
  ]
}","[ 
  {  ""ww"" :  ""JOHN""  ,  ""Freq"" :  289  }, 
  {  ""ww"" :  ""J""  ,  ""Freq"" :  286  }, 
  {  ""ww"" :  ""L""  ,  ""Freq"" :  227  }, 
  {  ""ww"" :  ""TREASURER""  ,  ""Freq"" :  227  }, 
  {  ""ww"" :  ""ROBERT""  ,  ""Freq"" :  223  }, 
  {  ""ww"" :  ""JAMES""  ,  ""Freq"" :  219  }, 
  {  ""ww"" :  ""DAVID""  ,  ""Freq"" :  218  }, 
  {  ""ww"" :  ""M""  ,  ""Freq"" :  211  }, 
  {  ""ww"" :  ""MICHAEL""  ,  ""Freq"" :  204  }, 
  {  ""ww"" :  ""R""  ,  ""Freq"" :  196  }, 
  {  ""ww"" :  ""E""  ,  ""Freq"" :  190  }, 
  {  ""ww"" :  ""INC""  ,  ""Freq"" :  182  }, 
  {  ""ww"" :  ""D""  ,  ""Freq"" :  176  }, 
  {  ""ww"" :  ""WILLIAM""  ,  ""Freq"" :  166  }, 
  {  ""ww"" :  ""C""  ,  ""Freq"" :  163  }, 
  {  ""ww"" :  ""RICHARD""  ,  ""Freq"" :  155  }, 
  {  ""ww"" :  ""SECRETARY""  ,  ""Freq"" :  146  }, 
  {  ""ww"" :  ""THOMAS""  ,  ""Freq"" :  141  }, 
  {  ""ww"" :  ""JR""  ,  ""Freq"" :  140  }, 
  {  ""ww"" :  ""W""  ,  ""Freq"" :  138  }, 
  {  ""ww"" :  ""S""  ,  ""Freq"" :  117  }, 
  {  ""ww"" :  ""F""  ,  ""Freq"" :  104  }, 
  {  ""ww"" :  ""P""  ,  ""Freq"" :  104  }, 
  {  ""ww"" :  ""MANAGEMENT""  ,  ""Freq"" :  90  }, 
  {  ""ww"" :  ""CHARLES""  ,  ""Freq"" :  89  }, 
  {  ""ww"" :  ""H""  ,  ""Freq"" :  89  }, 
  {  ""ww"" :  ""PAUL""  ,  ""Freq"" :  89  }, 
  {  ""ww"" :  ""MARK""  ,  ""Freq"" :  88  }, 
  {  ""ww"" :  ""BANK""  ,  ""Freq"" :  86  }, 
  {  ""ww"" :  ""FINANCIAL""  ,  ""Freq"" :  82  }, 
  {  ""ww"" :  ""B""  ,  ""Freq"" :  81  }, 
  {  ""ww"" :  ""PRES""  ,  ""Freq"" :  81  }, 
  {  ""ww"" :  ""JOSEPH""  ,  ""Freq"" :  80  }, 
  {  ""ww"" :  ""BRIAN""  ,  ""Freq"" :  78  }, 
  {  ""ww"" :  ""CO""  ,  ""Freq"" :  75  }, 
  {  ""ww"" :  ""SMITH""  ,  ""Freq"" :  75  }, 
  {  ""ww"" :  ""G""  ,  ""Freq"" :  73  }, 
  {  ""ww"" :  ""MARY""  ,  ""Freq"" :  72  }, 
  {  ""ww"" :  ""TREAS""  ,  ""Freq"" :  68  }, 
  {  ""ww"" :  ""K""  ,  ""Freq"" :  67  }, 
  {  ""ww"" :  ""T""  ,  ""Freq"" :  67  }, 
  {  ""ww"" :  ""JOHNSON""  ,  ""Freq"" :  64  }, 
  {  ""ww"" :  ""SCOTT""  ,  ""Freq"" :  64  }, 
  {  ""ww"" :  ""PRESIDENT""  ,  ""Freq"" :  63  }, 
  {  ""ww"" :  ""CPA""  ,  ""Freq"" :  61  }, 
  {  ""ww"" :  ""LARRY""  ,  ""Freq"" :  61  }, 
  {  ""ww"" :  ""RONALD""  ,  ""Freq"" :  61  }, 
  {  ""ww"" :  ""GEORGE""  ,  ""Freq"" :  60  }, 
  {  ""ww"" :  ""COMPANY""  ,  ""Freq"" :  56  }, 
  {  ""ww"" :  ""FRANK""  ,  ""Freq"" :  56  }
]","76eeb54cf49bfd89dd1feb1306dfeb31","",""
"F9_00_ORG_ADDR_L1","F9_00_ORG_ADDR_L1","Organization street address line 1","","","",FALSE,"","4 COURT SQUARE ;; 
5101 MONUMENT AVE ;; 
818 LINDA DR ;; 
PO BOX 7002 ;; 
5214 25TH AVE N","character",NA,"character","character",35,NA,"[ 
  {  ""STAT"" :  ""Rows""  ,  ""VAL"" :  ""25,000""  ,  ""PER"" :  """"  }, 
  {  ""STAT"" :  ""Distinct""  ,  ""VAL"" :  ""18,785""  ,  ""PER"" :  ""(75.1%)""  }, 
  {  ""STAT"" :  ""Missing/NA""  ,  ""VAL"" :  ""1,378""  ,  ""PER"" :  ""(5.5%)""  }, 
  {  ""STAT"" :  ""Most Common""  ,  ""VAL"" :  ""9717 ELK GROVE FLORIN RD STE B""  ,  ""PER"" :  ""(0.1%)""  }
]","9717 ELK GROVE FLORIN RD STE B ;; 1154 TOWN AND COUNTRY COMMONS DR ;; PO BOX 1 ;; PO BOX 2 ;; PO BOX 5 ;; PO BOX 66 ;; PO BOX 86 ;; PO BOX 111 ;; PO BOX 217 ;; PO BOX 26 ;; PO BOX 6 ;; 695 PRO MED LN STE 300 ;; PO BOX 187 ;; PO BOX 123 ;; PO BOX 40 ;; PO BOX 535007 ;; PO BOX 8 ;; PO BOX 151 ;; PO BOX 175 ;; PO BOX 24 ;; PO BOX 37 ;; PO BOX 4 ;; PO BOX 9 ;; 3700 GRAND AVE ;; PO BOX 23 ;; PO BOX 250","{
  ""STATS"": [
    {
      ""STAT"": ""Minimum"",
      ""CHARACTERS"": 2,
      ""WORDS"": 1
    },
    {
      ""STAT"": ""Median"",
      ""CHARACTERS"": 15,
      ""WORDS"": 3
    },
    {
      ""STAT"": ""Mean"",
      ""CHARACTERS"": 16.04,
      ""WORDS"": 3.75
    },
    {
      ""STAT"": ""Max"",
      ""CHARACTERS"": 35,
      ""WORDS"": 9
    },
    {
      ""STAT"": ""Skew"",
      ""CHARACTERS"": 0.97,
      ""WORDS"": 1.42
    }
  ],
  ""HIST"": [
    ""<?xml version=\""1.0\"" encoding=\""UTF-8\""?>\n<svg xmlns=\""http://www.w3.org/2000/svg\"" xmlns:xlink=\""http://www.w3.org/1999/xlink\"" width=\""48.00pt\"" height=\""12.00pt\"" viewBox=\""0 0 48.00 12.00\"">\n  <g class=\""svglite\"">\n    <defs>\n      <style type=\""text/css\""><![CDATA[\n    .svglite line, .svglite polyline, .svglite polygon, .svglite path, .svglite rect, .svglite circle {\n      fill: none;\n      stroke: #000000;\n      stroke-linecap: round;\n      stroke-linejoin: round;\n      stroke-miterlimit: 10.00;\n    }\n    .svglite text {\n      white-space: pre;\n    }\n    .svglite g.glyphgroup path {\n      fill: inherit;\n      stroke: none;\n    }\n  ]]><\/style>\n    <\/defs>\n    <rect width=\""100%\"" height=\""100%\"" style=\""stroke: none; fill: none;\""/>\n    <defs>\n      <clipPath id=\""cpMC4wMHw0OC4wMHwwLjAwfDEyLjAw\"">\n        <rect x=\""0.00\"" y=\""0.00\"" width=\""48.00\"" height=\""12.00\""/>\n      <\/clipPath>\n    <\/defs>\n    <g clip-path=\""url(#cpMC4wMHw0OC4wMHwwLjAwfDEyLjAw)\"">\n<\/g>\n    <defs>\n      <clipPath id=\""cpMC4wMHw0OC4wMHwyLjg4fDEyLjAw\"">\n        <rect x=\""0.00\"" y=\""2.88\"" width=\""48.00\"" height=\""9.12\""/>\n      <\/clipPath>\n    <\/defs>\n    <g clip-path=\""url(#cpMC4wMHw0OC4wMHwyLjg4fDEyLjAw)\"">\n      <rect x=\""1.78\"" y=\""11.65\"" width=\""2.69\"" height=\""0.013\"" style=\""stroke-width: 0.38; fill: #D3D3D3;\""/>\n      <rect x=\""4.47\"" y=\""11.64\"" width=\""2.69\"" height=\""0.027\"" style=\""stroke-width: 0.38; fill: #D3D3D3;\""/>\n      <rect x=\""7.16\"" y=\""11.34\"" width=\""2.69\"" height=\""0.32\"" style=\""stroke-width: 0.38; fill: #D3D3D3;\""/>\n      <rect x=\""9.86\"" y=\""3.22\"" width=\""2.69\"" height=\""8.44\"" style=\""stroke-width: 0.38; fill: #D3D3D3;\""/>\n      <rect x=\""12.55\"" y=\""3.78\"" width=\""2.69\"" height=\""7.88\"" style=\""stroke-width: 0.38; fill: #D3D3D3;\""/>\n      <rect x=\""15.25\"" y=\""5.94\"" width=\""2.69\"" height=\""5.73\"" style=\""stroke-width: 0.38; fill: #D3D3D3;\""/>\n      <rect x=\""17.94\"" y=\""6.49\"" width=\""2.69\"" height=\""5.17\"" style=\""stroke-width: 0.38; fill: #D3D3D3;\""/>\n      <rect x=\""20.63\"" y=\""7.08\"" width=\""2.69\"" height=\""4.58\"" style=\""stroke-width: 0.38; fill: #D3D3D3;\""/>\n      <rect x=\""23.33\"" y=\""8.17\"" width=\""2.69\"" height=\""3.49\"" style=\""stroke-width: 0.38; fill: #D3D3D3;\""/>\n      <rect x=\""26.02\"" y=\""8.84\"" width=\""2.69\"" height=\""2.83\"" style=\""stroke-width: 0.38; fill: #D3D3D3;\""/>\n      <rect x=\""28.71\"" y=\""9.73\"" width=\""2.69\"" height=\""1.93\"" style=\""stroke-width: 0.38; fill: #D3D3D3;\""/>\n      <rect x=\""31.41\"" y=\""10.00\"" width=\""2.69\"" height=\""1.66\"" style=\""stroke-width: 0.38; fill: #D3D3D3;\""/>\n      <rect x=\""34.10\"" y=\""10.38\"" width=\""2.69\"" height=\""1.28\"" style=\""stroke-width: 0.38; fill: #D3D3D3;\""/>\n      <rect x=\""36.79\"" y=\""10.87\"" width=\""2.69\"" height=\""0.80\"" style=\""stroke-width: 0.38; fill: #D3D3D3;\""/>\n      <rect x=\""39.49\"" y=\""11.08\"" width=\""2.69\"" height=\""0.58\"" style=\""stroke-width: 0.38; fill: #D3D3D3;\""/>\n      <rect x=\""42.18\"" y=\""11.24\"" width=\""2.69\"" height=\""0.43\"" style=\""stroke-width: 0.38; fill: #D3D3D3;\""/>\n      <rect x=\""44.88\"" y=\""11.46\"" width=\""2.69\"" height=\""0.21\"" style=\""stroke-width: 0.38; fill: #D3D3D3;\""/>\n    <\/g>\n  <\/g>\n<\/svg>\n"",
    ""<?xml version=\""1.0\"" encoding=\""UTF-8\""?>\n<svg xmlns=\""http://www.w3.org/2000/svg\"" xmlns:xlink=\""http://www.w3.org/1999/xlink\"" width=\""48.00pt\"" height=\""12.00pt\"" viewBox=\""0 0 48.00 12.00\"">\n  <g class=\""svglite\"">\n    <defs>\n      <style type=\""text/css\""><![CDATA[\n    .svglite line, .svglite polyline, .svglite polygon, .svglite path, .svglite rect, .svglite circle {\n      fill: none;\n      stroke: #000000;\n      stroke-linecap: round;\n      stroke-linejoin: round;\n      stroke-miterlimit: 10.00;\n    }\n    .svglite text {\n      white-space: pre;\n    }\n    .svglite g.glyphgroup path {\n      fill: inherit;\n      stroke: none;\n    }\n  ]]><\/style>\n    <\/defs>\n    <rect width=\""100%\"" height=\""100%\"" style=\""stroke: none; fill: none;\""/>\n    <defs>\n      <clipPath id=\""cpMC4wMHw0OC4wMHwwLjAwfDEyLjAw\"">\n        <rect x=\""0.00\"" y=\""0.00\"" width=\""48.00\"" height=\""12.00\""/>\n      <\/clipPath>\n    <\/defs>\n    <g clip-path=\""url(#cpMC4wMHw0OC4wMHwwLjAwfDEyLjAw)\"">\n<\/g>\n    <defs>\n      <clipPath id=\""cpMC4wMHw0OC4wMHwyLjg4fDEyLjAw\"">\n        <rect x=\""0.00\"" y=\""2.88\"" width=\""48.00\"" height=\""9.12\""/>\n      <\/clipPath>\n    <\/defs>\n    <g clip-path=\""url(#cpMC4wMHw0OC4wMHwyLjg4fDEyLjAw)\"">\n      <rect x=\""1.78\"" y=\""11.65\"" width=\""2.78\"" height=\""0.010\"" style=\""stroke-width: 0.38; fill: #D3D3D3;\""/>\n      <rect x=\""4.56\"" y=\""11.62\"" width=\""2.78\"" height=\""0.047\"" style=\""stroke-width: 0.38; fill: #D3D3D3;\""/>\n      <rect x=\""7.33\"" y=\""11.66\"" width=\""2.78\"" height=\""0.00\"" style=\""stroke-width: 0.38; fill: #D3D3D3;\""/>\n      <rect x=\""10.11\"" y=\""3.22\"" width=\""2.78\"" height=\""8.44\"" style=\""stroke-width: 0.38; fill: #D3D3D3;\""/>\n      <rect x=\""12.89\"" y=\""11.66\"" width=\""2.78\"" height=\""0.00\"" style=\""stroke-width: 0.38; fill: #D3D3D3;\""/>\n      <rect x=\""15.67\"" y=\""8.36\"" width=\""2.78\"" height=\""3.30\"" style=\""stroke-width: 0.38; fill: #D3D3D3;\""/>\n      <rect x=\""18.44\"" y=\""11.66\"" width=\""2.78\"" height=\""0.00\"" style=\""stroke-width: 0.38; fill: #D3D3D3;\""/>\n      <rect x=\""21.22\"" y=\""10.19\"" width=\""2.78\"" height=\""1.47\"" style=\""stroke-width: 0.38; fill: #D3D3D3;\""/>\n      <rect x=\""24.00\"" y=\""11.66\"" width=\""2.78\"" height=\""0.00\"" style=\""stroke-width: 0.38; fill: #D3D3D3;\""/>\n      <rect x=\""26.78\"" y=\""10.48\"" width=\""2.78\"" height=\""1.18\"" style=\""stroke-width: 0.38; fill: #D3D3D3;\""/>\n      <rect x=\""29.56\"" y=\""11.66\"" width=\""2.78\"" height=\""0.00\"" style=\""stroke-width: 0.38; fill: #D3D3D3;\""/>\n      <rect x=\""32.33\"" y=\""11.43\"" width=\""2.78\"" height=\""0.23\"" style=\""stroke-width: 0.38; fill: #D3D3D3;\""/>\n      <rect x=\""35.11\"" y=\""11.66\"" width=\""2.78\"" height=\""0.00\"" style=\""stroke-width: 0.38; fill: #D3D3D3;\""/>\n      <rect x=\""37.89\"" y=\""11.60\"" width=\""2.78\"" height=\""0.064\"" style=\""stroke-width: 0.38; fill: #D3D3D3;\""/>\n      <rect x=\""40.67\"" y=\""11.66\"" width=\""2.78\"" height=\""0.00\"" style=\""stroke-width: 0.38; fill: #D3D3D3;\""/>\n      <rect x=\""43.44\"" y=\""11.66\"" width=\""2.78\"" height=\""0.0069\"" style=\""stroke-width: 0.38; fill: #D3D3D3;\""/>\n    <\/g>\n  <\/g>\n<\/svg>\n""
  ],
  ""COMMON"": [
    {
      ""Value"": ""9717 ELK GROVE FLORIN RD STE B"",
      ""Frequency"": 37
    },
    {
      ""Value"": ""1154 TOWN AND COUNTRY COMMONS DR"",
      ""Frequency"": 23
    },
    {
      ""Value"": ""PO BOX 1"",
      ""Frequency"": 20
    },
    {
      ""Value"": ""PO BOX 2"",
      ""Frequency"": 19
    },
    {
      ""Value"": ""PO BOX 5"",
      ""Frequency"": 19
    },
    {
      ""Value"": ""PO BOX 66"",
      ""Frequency"": 18
    }
  ]
}","[ 
  {  ""ww"" :  ""BOX""  ,  ""Freq"" :  7649  }, 
  {  ""ww"" :  ""PO""  ,  ""Freq"" :  7593  }, 
  {  ""ww"" :  ""ST""  ,  ""Freq"" :  4183  }, 
  {  ""ww"" :  ""STE""  ,  ""Freq"" :  2811  }, 
  {  ""ww"" :  ""RD""  ,  ""Freq"" :  2537  }, 
  {  ""ww"" :  ""AVE""  ,  ""Freq"" :  2464  }, 
  {  ""ww"" :  ""DR""  ,  ""Freq"" :  1558  }, 
  {  ""ww"" :  ""N""  ,  ""Freq"" :  1201  }, 
  {  ""ww"" :  ""W""  ,  ""Freq"" :  1146  }, 
  {  ""ww"" :  ""S""  ,  ""Freq"" :  1123  }, 
  {  ""ww"" :  ""E""  ,  ""Freq"" :  1075  }, 
  {  ""ww"" :  ""BLVD""  ,  ""Freq"" :  809  }, 
  {  ""ww"" :  ""STREET""  ,  ""Freq"" :  598  }, 
  {  ""ww"" :  ""MAIN""  ,  ""Freq"" :  573  }, 
  {  ""ww"" :  ""NW""  ,  ""Freq"" :  391  }, 
  {  ""ww"" :  ""LN""  ,  ""Freq"" :  356  }, 
  {  ""ww"" :  ""ROAD""  ,  ""Freq"" :  344  }, 
  {  ""ww"" :  ""100""  ,  ""Freq"" :  275  }, 
  {  ""ww"" :  ""CT""  ,  ""Freq"" :  262  }, 
  {  ""ww"" :  ""200""  ,  ""Freq"" :  260  }, 
  {  ""ww"" :  ""1""  ,  ""Freq"" :  254  }, 
  {  ""ww"" :  ""AVENUE""  ,  ""Freq"" :  254  }, 
  {  ""ww"" :  ""WAY""  ,  ""Freq"" :  244  }, 
  {  ""ww"" :  ""NE""  ,  ""Freq"" :  233  }, 
  {  ""ww"" :  ""PARK""  ,  ""Freq"" :  207  }, 
  {  ""ww"" :  ""SW""  ,  ""Freq"" :  198  }, 
  {  ""ww"" :  ""300""  ,  ""Freq"" :  191  }, 
  {  ""ww"" :  ""HWY""  ,  ""Freq"" :  189  }, 
  {  ""ww"" :  ""HIGHWAY""  ,  ""Freq"" :  187  }, 
  {  ""ww"" :  ""SUITE""  ,  ""Freq"" :  183  }, 
  {  ""ww"" :  ""DRIVE""  ,  ""Freq"" :  178  }, 
  {  ""ww"" :  ""PL""  ,  ""Freq"" :  173  }, 
  {  ""ww"" :  ""PKWY""  ,  ""Freq"" :  171  }, 
  {  ""ww"" :  ""CO""  ,  ""Freq"" :  167  }, 
  {  ""ww"" :  ""STATE""  ,  ""Freq"" :  167  }, 
  {  ""ww"" :  ""SE""  ,  ""Freq"" :  162  }, 
  {  ""ww"" :  ""WASHINGTON""  ,  ""Freq"" :  158  }, 
  {  ""ww"" :  ""400""  ,  ""Freq"" :  157  }, 
  {  ""ww"" :  ""CIR""  ,  ""Freq"" :  154  }, 
  {  ""ww"" :  ""BROADWAY""  ,  ""Freq"" :  148  }, 
  {  ""ww"" :  ""101""  ,  ""Freq"" :  141  }, 
  {  ""ww"" :  ""WEST""  ,  ""Freq"" :  139  }, 
  {  ""ww"" :  ""B""  ,  ""Freq"" :  135  }, 
  {  ""ww"" :  ""201""  ,  ""Freq"" :  133  }, 
  {  ""ww"" :  ""500""  ,  ""Freq"" :  128  }, 
  {  ""ww"" :  ""FLOOR""  ,  ""Freq"" :  122  }, 
  {  ""ww"" :  ""SOUTH""  ,  ""Freq"" :  122  }, 
  {  ""ww"" :  ""2""  ,  ""Freq"" :  118  }, 
  {  ""ww"" :  ""3RD""  ,  ""Freq"" :  116  }, 
  {  ""ww"" :  ""EAST""  ,  ""Freq"" :  116  }
]","e9393b1aed63f68b36fe261c33347f0e","",""
"F9_00_ORG_ADDR_CITY","F9_00_ORG_ADDR_CITY","Organization city","","","",FALSE,"","LONG ISLAND CITY ;; 
RICHMOND ;; 
DAINGERFIELD ;; 
FREDERICKSBRG ;; 
ST PETERSBURG","character",NA,"character","character",22,NA,"[ 
  {  ""STAT"" :  ""Rows""  ,  ""VAL"" :  ""25,000""  ,  ""PER"" :  """"  }, 
  {  ""STAT"" :  ""Distinct""  ,  ""VAL"" :  ""5,986""  ,  ""PER"" :  ""(23.9%)""  }, 
  {  ""STAT"" :  ""Missing/NA""  ,  ""VAL"" :  ""1,378""  ,  ""PER"" :  ""(5.5%)""  }, 
  {  ""STAT"" :  ""Most Common""  ,  ""VAL"" :  ""WASHINGTON""  ,  ""PER"" :  ""(1.3%)""  }
]","WASHINGTON ;; NEW YORK ;; CHICAGO ;; HOUSTON ;; COLUMBUS ;; INDIANAPOLIS ;; SPRINGFIELD ;; SACRAMENTO ;; AUSTIN ;; LOS ANGELES ;; PITTSBURGH ;; ATLANTA ;; DALLAS ;; SAN FRANCISCO ;; SAN DIEGO ;; SEATTLE ;; PORTLAND ;; COLUMBIA ;; ALEXANDRIA ;; PHILADELPHIA ;; DENVER ;; SAINT LOUIS ;; LAS VEGAS ;; BOSTON ;; PHOENIX ;; LOUISVILLE ;; MADISON ;; RICHMOND ;; ALBANY ;; CLEVELAND ;; HONOLULU ;; LEXINGTON","{
  ""STATS"": [
    {
      ""STAT"": ""Minimum"",
      ""CHARACTERS"": 3,
      ""WORDS"": 1
    },
    {
      ""STAT"": ""Median"",
      ""CHARACTERS"": 9,
      ""WORDS"": 1
    },
    {
      ""STAT"": ""Mean"",
      ""CHARACTERS"": 8.69,
      ""WORDS"": 1.26
    },
    {
      ""STAT"": ""Max"",
      ""CHARACTERS"": 22,
      ""WORDS"": 4
    },
    {
      ""STAT"": ""Skew"",
      ""CHARACTERS"": 0.23,
      ""WORDS"": 1.46
    }
  ],
  ""HIST"": [
    ""<?xml version=\""1.0\"" encoding=\""UTF-8\""?>\n<svg xmlns=\""http://www.w3.org/2000/svg\"" xmlns:xlink=\""http://www.w3.org/1999/xlink\"" width=\""48.00pt\"" height=\""12.00pt\"" viewBox=\""0 0 48.00 12.00\"">\n  <g class=\""svglite\"">\n    <defs>\n      <style type=\""text/css\""><![CDATA[\n    .svglite line, .svglite polyline, .svglite polygon, .svglite path, .svglite rect, .svglite circle {\n      fill: none;\n      stroke: #000000;\n      stroke-linecap: round;\n      stroke-linejoin: round;\n      stroke-miterlimit: 10.00;\n    }\n    .svglite text {\n      white-space: pre;\n    }\n    .svglite g.glyphgroup path {\n      fill: inherit;\n      stroke: none;\n    }\n  ]]><\/style>\n    <\/defs>\n    <rect width=\""100%\"" height=\""100%\"" style=\""stroke: none; fill: none;\""/>\n    <defs>\n      <clipPath id=\""cpMC4wMHw0OC4wMHwwLjAwfDEyLjAw\"">\n        <rect x=\""0.00\"" y=\""0.00\"" width=\""48.00\"" height=\""12.00\""/>\n      <\/clipPath>\n    <\/defs>\n    <g clip-path=\""url(#cpMC4wMHw0OC4wMHwwLjAwfDEyLjAw)\"">\n<\/g>\n    <defs>\n      <clipPath id=\""cpMC4wMHw0OC4wMHwyLjg4fDEyLjAw\"">\n        <rect x=\""0.00\"" y=\""2.88\"" width=\""48.00\"" height=\""9.12\""/>\n      <\/clipPath>\n    <\/defs>\n    <g clip-path=\""url(#cpMC4wMHw0OC4wMHwyLjg4fDEyLjAw)\"">\n      <rect x=\""1.78\"" y=\""10.50\"" width=\""2.34\"" height=\""1.16\"" style=\""stroke-width: 0.38; fill: #D3D3D3;\""/>\n      <rect x=\""4.12\"" y=\""9.05\"" width=\""2.34\"" height=\""2.61\"" style=\""stroke-width: 0.38; fill: #D3D3D3;\""/>\n      <rect x=\""6.46\"" y=\""4.33\"" width=\""2.34\"" height=\""7.33\"" style=\""stroke-width: 0.38; fill: #D3D3D3;\""/>\n      <rect x=\""8.80\"" y=\""3.22\"" width=\""2.34\"" height=\""8.44\"" style=\""stroke-width: 0.38; fill: #D3D3D3;\""/>\n      <rect x=\""11.13\"" y=\""3.85\"" width=\""2.34\"" height=\""7.81\"" style=\""stroke-width: 0.38; fill: #D3D3D3;\""/>\n      <rect x=\""13.47\"" y=\""4.44\"" width=\""2.34\"" height=\""7.22\"" style=\""stroke-width: 0.38; fill: #D3D3D3;\""/>\n      <rect x=\""15.81\"" y=\""3.48\"" width=\""2.34\"" height=\""8.18\"" style=\""stroke-width: 0.38; fill: #D3D3D3;\""/>\n      <rect x=\""18.15\"" y=\""6.08\"" width=\""2.34\"" height=\""5.58\"" style=\""stroke-width: 0.38; fill: #D3D3D3;\""/>\n      <rect x=\""20.49\"" y=\""7.85\"" width=\""2.34\"" height=\""3.82\"" style=\""stroke-width: 0.38; fill: #D3D3D3;\""/>\n      <rect x=\""22.83\"" y=\""8.46\"" width=\""2.34\"" height=\""3.21\"" style=\""stroke-width: 0.38; fill: #D3D3D3;\""/>\n      <rect x=\""25.17\"" y=\""11.51\"" width=\""2.34\"" height=\""0.15\"" style=\""stroke-width: 0.38; fill: #D3D3D3;\""/>\n      <rect x=\""27.51\"" y=\""11.58\"" width=\""2.34\"" height=\""0.085\"" style=\""stroke-width: 0.38; fill: #D3D3D3;\""/>\n      <rect x=\""29.85\"" y=\""11.59\"" width=\""2.34\"" height=\""0.073\"" style=\""stroke-width: 0.38; fill: #D3D3D3;\""/>\n      <rect x=\""32.19\"" y=\""11.63\"" width=\""2.34\"" height=\""0.033\"" style=\""stroke-width: 0.38; fill: #D3D3D3;\""/>\n      <rect x=\""34.53\"" y=\""11.65\"" width=\""2.34\"" height=\""0.0094\"" style=\""stroke-width: 0.38; fill: #D3D3D3;\""/>\n      <rect x=\""36.87\"" y=\""11.65\"" width=\""2.34\"" height=\""0.012\"" style=\""stroke-width: 0.38; fill: #D3D3D3;\""/>\n      <rect x=\""39.20\"" y=\""11.66\"" width=\""2.34\"" height=\""0.0047\"" style=\""stroke-width: 0.38; fill: #D3D3D3;\""/>\n      <rect x=\""41.54\"" y=\""11.66\"" width=\""2.34\"" height=\""0.0024\"" style=\""stroke-width: 0.38; fill: #D3D3D3;\""/>\n      <rect x=\""43.88\"" y=\""11.66\"" width=\""2.34\"" height=\""0.0024\"" style=\""stroke-width: 0.38; fill: #D3D3D3;\""/>\n    <\/g>\n  <\/g>\n<\/svg>\n"",
    ""<?xml version=\""1.0\"" encoding=\""UTF-8\""?>\n<svg xmlns=\""http://www.w3.org/2000/svg\"" xmlns:xlink=\""http://www.w3.org/1999/xlink\"" width=\""48.00pt\"" height=\""12.00pt\"" viewBox=\""0 0 48.00 12.00\"">\n  <g class=\""svglite\"">\n    <defs>\n      <style type=\""text/css\""><![CDATA[\n    .svglite line, .svglite polyline, .svglite polygon, .svglite path, .svglite rect, .svglite circle {\n      fill: none;\n      stroke: #000000;\n      stroke-linecap: round;\n      stroke-linejoin: round;\n      stroke-miterlimit: 10.00;\n    }\n    .svglite text {\n      white-space: pre;\n    }\n    .svglite g.glyphgroup path {\n      fill: inherit;\n      stroke: none;\n    }\n  ]]><\/style>\n    <\/defs>\n    <rect width=\""100%\"" height=\""100%\"" style=\""stroke: none; fill: none;\""/>\n    <defs>\n      <clipPath id=\""cpMC4wMHw0OC4wMHwwLjAwfDEyLjAw\"">\n        <rect x=\""0.00\"" y=\""0.00\"" width=\""48.00\"" height=\""12.00\""/>\n      <\/clipPath>\n    <\/defs>\n    <g clip-path=\""url(#cpMC4wMHw0OC4wMHwwLjAwfDEyLjAw)\"">\n<\/g>\n    <defs>\n      <clipPath id=\""cpMC4wMHw0OC4wMHwyLjg4fDEyLjAw\"">\n        <rect x=\""0.00\"" y=\""2.88\"" width=\""48.00\"" height=\""9.12\""/>\n      <\/clipPath>\n    <\/defs>\n    <g clip-path=\""url(#cpMC4wMHw0OC4wMHwyLjg4fDEyLjAw)\"">\n      <rect x=\""1.78\"" y=\""3.22\"" width=\""2.96\"" height=\""8.44\"" style=\""stroke-width: 0.38; fill: #D3D3D3;\""/>\n      <rect x=\""4.74\"" y=\""11.66\"" width=\""2.96\"" height=\""0.00\"" style=\""stroke-width: 0.38; fill: #D3D3D3;\""/>\n      <rect x=\""7.70\"" y=\""11.66\"" width=\""2.96\"" height=\""0.00\"" style=\""stroke-width: 0.38; fill: #D3D3D3;\""/>\n      <rect x=\""10.67\"" y=\""11.66\"" width=\""2.96\"" height=\""0.00\"" style=\""stroke-width: 0.38; fill: #D3D3D3;\""/>\n      <rect x=\""13.63\"" y=\""9.01\"" width=\""2.96\"" height=\""2.65\"" style=\""stroke-width: 0.38; fill: #D3D3D3;\""/>\n      <rect x=\""16.59\"" y=\""11.66\"" width=\""2.96\"" height=\""0.00\"" style=\""stroke-width: 0.38; fill: #D3D3D3;\""/>\n      <rect x=\""19.56\"" y=\""11.66\"" width=\""2.96\"" height=\""0.00\"" style=\""stroke-width: 0.38; fill: #D3D3D3;\""/>\n      <rect x=\""22.52\"" y=\""11.66\"" width=\""2.96\"" height=\""0.00\"" style=\""stroke-width: 0.38; fill: #D3D3D3;\""/>\n      <rect x=\""25.48\"" y=\""11.66\"" width=\""2.96\"" height=\""0.00\"" style=\""stroke-width: 0.38; fill: #D3D3D3;\""/>\n      <rect x=\""28.44\"" y=\""11.54\"" width=\""2.96\"" height=\""0.12\"" style=\""stroke-width: 0.38; fill: #D3D3D3;\""/>\n      <rect x=\""31.41\"" y=\""11.66\"" width=\""2.96\"" height=\""0.00\"" style=\""stroke-width: 0.38; fill: #D3D3D3;\""/>\n      <rect x=\""34.37\"" y=\""11.66\"" width=\""2.96\"" height=\""0.00\"" style=\""stroke-width: 0.38; fill: #D3D3D3;\""/>\n      <rect x=\""37.33\"" y=\""11.66\"" width=\""2.96\"" height=\""0.00\"" style=\""stroke-width: 0.38; fill: #D3D3D3;\""/>\n      <rect x=\""40.30\"" y=\""11.66\"" width=\""2.96\"" height=\""0.00\"" style=\""stroke-width: 0.38; fill: #D3D3D3;\""/>\n      <rect x=\""43.26\"" y=\""11.66\"" width=\""2.96\"" height=\""0.0033\"" style=\""stroke-width: 0.38; fill: #D3D3D3;\""/>\n    <\/g>\n  <\/g>\n<\/svg>\n""
  ],
  ""COMMON"": [
    {
      ""Value"": ""WASHINGTON"",
      ""Frequency"": 331
    },
    {
      ""Value"": ""NEW YORK"",
      ""Frequency"": 262
    },
    {
      ""Value"": ""CHICAGO"",
      ""Frequency"": 187
    },
    {
      ""Value"": ""HOUSTON"",
      ""Frequency"": 184
    },
    {
      ""Value"": ""COLUMBUS"",
      ""Frequency"": 143
    },
    {
      ""Value"": ""INDIANAPOLIS"",
      ""Frequency"": 133
    }
  ]
}","[ 
  {  ""ww"" :  ""CITY""  ,  ""Freq"" :  526  }, 
  {  ""ww"" :  ""NEW""  ,  ""Freq"" :  451  }, 
  {  ""ww"" :  ""SAN""  ,  ""Freq"" :  406  }, 
  {  ""ww"" :  ""WASHINGTON""  ,  ""Freq"" :  336  }, 
  {  ""ww"" :  ""YORK""  ,  ""Freq"" :  282  }, 
  {  ""ww"" :  ""CHICAGO""  ,  ""Freq"" :  198  }, 
  {  ""ww"" :  ""SAINT""  ,  ""Freq"" :  190  }, 
  {  ""ww"" :  ""HOUSTON""  ,  ""Freq"" :  184  }, 
  {  ""ww"" :  ""PARK""  ,  ""Freq"" :  177  }, 
  {  ""ww"" :  ""LAKE""  ,  ""Freq"" :  167  }, 
  {  ""ww"" :  ""COLUMBUS""  ,  ""Freq"" :  143  }, 
  {  ""ww"" :  ""FALLS""  ,  ""Freq"" :  141  }, 
  {  ""ww"" :  ""WEST""  ,  ""Freq"" :  137  }, 
  {  ""ww"" :  ""LOS""  ,  ""Freq"" :  136  }, 
  {  ""ww"" :  ""SACRAMENTO""  ,  ""Freq"" :  135  }, 
  {  ""ww"" :  ""INDIANAPOLIS""  ,  ""Freq"" :  133  }, 
  {  ""ww"" :  ""SPRINGFIELD""  ,  ""Freq"" :  131  }, 
  {  ""ww"" :  ""SANTA""  ,  ""Freq"" :  128  }, 
  {  ""ww"" :  ""AUSTIN""  ,  ""Freq"" :  122  }, 
  {  ""ww"" :  ""ANGELES""  ,  ""Freq"" :  121  }, 
  {  ""ww"" :  ""FORT""  ,  ""Freq"" :  121  }, 
  {  ""ww"" :  ""ST""  ,  ""Freq"" :  118  }, 
  {  ""ww"" :  ""PITTSBURGH""  ,  ""Freq"" :  115  }, 
  {  ""ww"" :  ""GROVE""  ,  ""Freq"" :  109  }, 
  {  ""ww"" :  ""BEACH""  ,  ""Freq"" :  108  }, 
  {  ""ww"" :  ""ATLANTA""  ,  ""Freq"" :  107  }, 
  {  ""ww"" :  ""DALLAS""  ,  ""Freq"" :  105  }, 
  {  ""ww"" :  ""FRANCISCO""  ,  ""Freq"" :  100  }, 
  {  ""ww"" :  ""DIEGO""  ,  ""Freq"" :  98  }, 
  {  ""ww"" :  ""SEATTLE""  ,  ""Freq"" :  98  }, 
  {  ""ww"" :  ""LOUIS""  ,  ""Freq"" :  97  }, 
  {  ""ww"" :  ""COLUMBIA""  ,  ""Freq"" :  96  }, 
  {  ""ww"" :  ""PORTLAND""  ,  ""Freq"" :  92  }, 
  {  ""ww"" :  ""ALEXANDRIA""  ,  ""Freq"" :  86  }, 
  {  ""ww"" :  ""EAST""  ,  ""Freq"" :  84  }, 
  {  ""ww"" :  ""LAS""  ,  ""Freq"" :  82  }, 
  {  ""ww"" :  ""PHILADELPHIA""  ,  ""Freq"" :  82  }, 
  {  ""ww"" :  ""ROCK""  ,  ""Freq"" :  81  }, 
  {  ""ww"" :  ""DENVER""  ,  ""Freq"" :  80  }, 
  {  ""ww"" :  ""MADISON""  ,  ""Freq"" :  78  }, 
  {  ""ww"" :  ""BOSTON""  ,  ""Freq"" :  77  }, 
  {  ""ww"" :  ""HILL""  ,  ""Freq"" :  76  }, 
  {  ""ww"" :  ""RICHMOND""  ,  ""Freq"" :  76  }, 
  {  ""ww"" :  ""VALLEY""  ,  ""Freq"" :  76  }, 
  {  ""ww"" :  ""SALEM""  ,  ""Freq"" :  75  }, 
  {  ""ww"" :  ""VEGAS""  ,  ""Freq"" :  73  }, 
  {  ""ww"" :  ""GRAND""  ,  ""Freq"" :  71  }, 
  {  ""ww"" :  ""PHOENIX""  ,  ""Freq"" :  71  }, 
  {  ""ww"" :  ""ALBANY""  ,  ""Freq"" :  70  }, 
  {  ""ww"" :  ""DES""  ,  ""Freq"" :  70  }
]","f5dbd5c29eebf7a4dc24a738a5ee5b5d","",""
"EIN","EIN","EIN","","","",FALSE,"","113161527 ;; 
540354670 ;; 
751627109 ;; 
061636713 ;; 
542015951","numeric","as.character","character","character",9,"as_EIN","[ 
  {  ""STAT"" :  ""Rows""  ,  ""VAL"" :  ""25,000""  ,  ""PER"" :  """"  }, 
  {  ""STAT"" :  ""Distinct""  ,  ""VAL"" :  ""24,794""  ,  ""PER"" :  ""(99.2%)""  }, 
  {  ""STAT"" :  ""Most Common""  ,  ""VAL"" :  ""010100593""  ,  ""PER"" :  ""(0.0%)""  }
]","010100593 ;; 010218055 ;; 010220588 ;; 010266289 ;; 010273431 ;; 010286963 ;; 010440702 ;; 010468398 ;; 010523313 ;; 010524078 ;; 010573723 ;; 010715375 ;; 010744517 ;; 010815981 ;; 010852125 ;; 010874048 ;; 010961458 ;; 016011483 ;; 016012302 ;; 016019950 ;; 016022337 ;; 016123853 ;; 020172119 ;; 020187390 ;; 020212092 ;; 020232424 ;; 020241397 ;; 020257793 ;; 020324779 ;; 020349390 ;; 020542944","{
  ""STATS"": [
    {
      ""STAT"": ""Minimum"",
      ""CHARACTERS"": 9,
      ""WORDS"": 1
    },
    {
      ""STAT"": ""Median"",
      ""CHARACTERS"": 9,
      ""WORDS"": 1
    },
    {
      ""STAT"": ""Mean"",
      ""CHARACTERS"": 9,
      ""WORDS"": 1
    },
    {
      ""STAT"": ""Max"",
      ""CHARACTERS"": 9,
      ""WORDS"": 1
    },
    {
      ""STAT"": ""Skew""
    }
  ],
  ""HIST"": [
    ""<?xml version=\""1.0\"" encoding=\""UTF-8\""?>\n<svg xmlns=\""http://www.w3.org/2000/svg\"" xmlns:xlink=\""http://www.w3.org/1999/xlink\"" width=\""48.00pt\"" height=\""12.00pt\"" viewBox=\""0 0 48.00 12.00\"">\n  <g class=\""svglite\"">\n    <defs>\n      <style type=\""text/css\""><![CDATA[\n    .svglite line, .svglite polyline, .svglite polygon, .svglite path, .svglite rect, .svglite circle {\n      fill: none;\n      stroke: #000000;\n      stroke-linecap: round;\n      stroke-linejoin: round;\n      stroke-miterlimit: 10.00;\n    }\n    .svglite text {\n      white-space: pre;\n    }\n    .svglite g.glyphgroup path {\n      fill: inherit;\n      stroke: none;\n    }\n  ]]><\/style>\n    <\/defs>\n    <rect width=\""100%\"" height=\""100%\"" style=\""stroke: none; fill: none;\""/>\n    <defs>\n      <clipPath id=\""cpMC4wMHw0OC4wMHwwLjAwfDEyLjAw\"">\n        <rect x=\""0.00\"" y=\""0.00\"" width=\""48.00\"" height=\""12.00\""/>\n      <\/clipPath>\n    <\/defs>\n    <g clip-path=\""url(#cpMC4wMHw0OC4wMHwwLjAwfDEyLjAw)\"">\n<\/g>\n    <defs>\n      <clipPath id=\""cpMC4wMHw0OC4wMHwyLjg4fDEyLjAw\"">\n        <rect x=\""0.00\"" y=\""2.88\"" width=\""48.00\"" height=\""9.12\""/>\n      <\/clipPath>\n    <\/defs>\n    <g clip-path=\""url(#cpMC4wMHw0OC4wMHwyLjg4fDEyLjAw)\"">\n      <rect x=\""-0.69\"" y=\""3.22\"" width=\""30.86\"" height=\""8.44\"" style=\""stroke-width: 0.38; fill: #D3D3D3;\""/>\n    <\/g>\n  <\/g>\n<\/svg>\n"",
    ""<?xml version=\""1.0\"" encoding=\""UTF-8\""?>\n<svg xmlns=\""http://www.w3.org/2000/svg\"" xmlns:xlink=\""http://www.w3.org/1999/xlink\"" width=\""48.00pt\"" height=\""12.00pt\"" viewBox=\""0 0 48.00 12.00\"">\n  <g class=\""svglite\"">\n    <defs>\n      <style type=\""text/css\""><![CDATA[\n    .svglite line, .svglite polyline, .svglite polygon, .svglite path, .svglite rect, .svglite circle {\n      fill: none;\n      stroke: #000000;\n      stroke-linecap: round;\n      stroke-linejoin: round;\n      stroke-miterlimit: 10.00;\n    }\n    .svglite text {\n      white-space: pre;\n    }\n    .svglite g.glyphgroup path {\n      fill: inherit;\n      stroke: none;\n    }\n  ]]><\/style>\n    <\/defs>\n    <rect width=\""100%\"" height=\""100%\"" style=\""stroke: none; fill: none;\""/>\n    <defs>\n      <clipPath id=\""cpMC4wMHw0OC4wMHwwLjAwfDEyLjAw\"">\n        <rect x=\""0.00\"" y=\""0.00\"" width=\""48.00\"" height=\""12.00\""/>\n      <\/clipPath>\n    <\/defs>\n    <g clip-path=\""url(#cpMC4wMHw0OC4wMHwwLjAwfDEyLjAw)\"">\n<\/g>\n    <defs>\n      <clipPath id=\""cpMC4wMHw0OC4wMHwyLjg4fDEyLjAw\"">\n        <rect x=\""0.00\"" y=\""2.88\"" width=\""48.00\"" height=\""9.12\""/>\n      <\/clipPath>\n    <\/defs>\n    <g clip-path=\""url(#cpMC4wMHw0OC4wMHwyLjg4fDEyLjAw)\"">\n      <rect x=\""-31.56\"" y=\""3.22\"" width=\""55.56\"" height=\""8.44\"" style=\""stroke-width: 0.38; fill: #D3D3D3;\""/>\n    <\/g>\n  <\/g>\n<\/svg>\n""
  ],
  ""COMMON"": [
    {
      ""Value"": ""010100593"",
      ""Frequency"": 2
    },
    {
      ""Value"": ""010218055"",
      ""Frequency"": 2
    },
    {
      ""Value"": ""010220588"",
      ""Frequency"": 2
    },
    {
      ""Value"": ""010266289"",
      ""Frequency"": 2
    },
    {
      ""Value"": ""010273431"",
      ""Frequency"": 2
    },
    {
      ""Value"": ""010286963"",
      ""Frequency"": 2
    }
  ]
}","[ 
  {  ""ww"" :  ""010100593""  ,  ""Freq"" :  2  }, 
  {  ""ww"" :  ""010218055""  ,  ""Freq"" :  2  }, 
  {  ""ww"" :  ""010220588""  ,  ""Freq"" :  2  }, 
  {  ""ww"" :  ""010266289""  ,  ""Freq"" :  2  }, 
  {  ""ww"" :  ""010273431""  ,  ""Freq"" :  2  }, 
  {  ""ww"" :  ""010286963""  ,  ""Freq"" :  2  }, 
  {  ""ww"" :  ""010440702""  ,  ""Freq"" :  2  }, 
  {  ""ww"" :  ""010468398""  ,  ""Freq"" :  2  }, 
  {  ""ww"" :  ""010523313""  ,  ""Freq"" :  2  }, 
  {  ""ww"" :  ""010524078""  ,  ""Freq"" :  2  }, 
  {  ""ww"" :  ""010573723""  ,  ""Freq"" :  2  }, 
  {  ""ww"" :  ""010715375""  ,  ""Freq"" :  2  }, 
  {  ""ww"" :  ""010744517""  ,  ""Freq"" :  2  }, 
  {  ""ww"" :  ""010815981""  ,  ""Freq"" :  2  }, 
  {  ""ww"" :  ""010852125""  ,  ""Freq"" :  2  }, 
  {  ""ww"" :  ""010874048""  ,  ""Freq"" :  2  }, 
  {  ""ww"" :  ""010961458""  ,  ""Freq"" :  2  }, 
  {  ""ww"" :  ""016011483""  ,  ""Freq"" :  2  }, 
  {  ""ww"" :  ""016012302""  ,  ""Freq"" :  2  }, 
  {  ""ww"" :  ""016019950""  ,  ""Freq"" :  2  }, 
  {  ""ww"" :  ""016022337""  ,  ""Freq"" :  2  }, 
  {  ""ww"" :  ""016123853""  ,  ""Freq"" :  2  }, 
  {  ""ww"" :  ""020172119""  ,  ""Freq"" :  2  }, 
  {  ""ww"" :  ""020187390""  ,  ""Freq"" :  2  }, 
  {  ""ww"" :  ""020212092""  ,  ""Freq"" :  2  }, 
  {  ""ww"" :  ""020232424""  ,  ""Freq"" :  2  }, 
  {  ""ww"" :  ""020241397""  ,  ""Freq"" :  2  }, 
  {  ""ww"" :  ""020257793""  ,  ""Freq"" :  2  }, 
  {  ""ww"" :  ""020324779""  ,  ""Freq"" :  2  }, 
  {  ""ww"" :  ""020349390""  ,  ""Freq"" :  2  }, 
  {  ""ww"" :  ""020542944""  ,  ""Freq"" :  2  }, 
  {  ""ww"" :  ""020548015""  ,  ""Freq"" :  2  }, 
  {  ""ww"" :  ""020624171""  ,  ""Freq"" :  2  }, 
  {  ""ww"" :  ""020695158""  ,  ""Freq"" :  2  }, 
  {  ""ww"" :  ""020733394""  ,  ""Freq"" :  2  }, 
  {  ""ww"" :  ""020755665""  ,  ""Freq"" :  2  }, 
  {  ""ww"" :  ""020760066""  ,  ""Freq"" :  2  }, 
  {  ""ww"" :  ""022231480""  ,  ""Freq"" :  2  }, 
  {  ""ww"" :  ""026009900""  ,  ""Freq"" :  2  }, 
  {  ""ww"" :  ""026012379""  ,  ""Freq"" :  2  }, 
  {  ""ww"" :  ""026012425""  ,  ""Freq"" :  2  }, 
  {  ""ww"" :  ""026012451""  ,  ""Freq"" :  2  }, 
  {  ""ww"" :  ""026012680""  ,  ""Freq"" :  2  }, 
  {  ""ww"" :  ""026012755""  ,  ""Freq"" :  2  }, 
  {  ""ww"" :  ""026012771""  ,  ""Freq"" :  2  }, 
  {  ""ww"" :  ""026013114""  ,  ""Freq"" :  2  }, 
  {  ""ww"" :  ""030119710""  ,  ""Freq"" :  2  }, 
  {  ""ww"" :  ""030123326""  ,  ""Freq"" :  2  }, 
  {  ""ww"" :  ""030135990""  ,  ""Freq"" :  2  }, 
  {  ""ww"" :  ""030144952""  ,  ""Freq"" :  2  }
]","a28e478f06e485ee20d4aa6a9bd10432","",""
"SUBSECCD","SUBSECCD","IRS subsection code","","","",FALSE,"[ 
  {  ""level"" :  ""2""  ,  ""label"" :  ""2""  }, 
  {  ""level"" :  ""4""  ,  ""label"" :  ""4""  }, 
  {  ""level"" :  ""5""  ,  ""label"" :  ""5""  }, 
  {  ""level"" :  ""6""  ,  ""label"" :  ""6""  }, 
  {  ""level"" :  ""7""  ,  ""label"" :  ""7""  }, 
  {  ""level"" :  ""8""  ,  ""label"" :  ""8""  }, 
  {  ""level"" :  ""9""  ,  ""label"" :  ""9""  }, 
  {  ""level"" :  ""10""  ,  ""label"" :  ""10""  }, 
  {  ""level"" :  ""11""  ,  ""label"" :  ""11""  }, 
  {  ""level"" :  ""12""  ,  ""label"" :  ""12""  }, 
  {  ""level"" :  ""13""  ,  ""label"" :  ""13""  }, 
  {  ""level"" :  ""14""  ,  ""label"" :  ""14""  }, 
  {  ""level"" :  ""15""  ,  ""label"" :  ""15""  }, 
  {  ""level"" :  ""16""  ,  ""label"" :  ""16""  }, 
  {  ""level"" :  ""17""  ,  ""label"" :  ""17""  }, 
  {  ""level"" :  ""18""  ,  ""label"" :  ""18""  }, 
  {  ""level"" :  ""19""  ,  ""label"" :  ""19""  }, 
  {  ""level"" :  ""23""  ,  ""label"" :  ""23""  }, 
  {  ""level"" :  ""24""  ,  ""label"" :  ""24""  }, 
  {  ""level"" :  ""25""  ,  ""label"" :  ""25""  }, 
  {  ""level"" :  ""26""  ,  ""label"" :  ""26""  }, 
  {  ""level"" :  ""27""  ,  ""label"" :  ""27""  }, 
  {  ""level"" :  ""29""  ,  ""label"" :  ""29""  }
]","5 ;; 
6 ;; 
25 ;; 
4 ;; 
19","numeric",NA,"factor","factor",2,NA,"[ 
  {  ""STAT"" :  ""Rows""  ,  ""VAL"" :  ""25,000""  ,  ""PER"" :  """"  }, 
  {  ""STAT"" :  ""Distinct""  ,  ""VAL"" :  ""23""  ,  ""PER"" :  ""(0.1%)""  }, 
  {  ""STAT"" :  ""Most Common""  ,  ""VAL"" :  ""6""  ,  ""PER"" :  ""(25.6%)""  }
]","6 ;; 4 ;; 7 ;; 5 ;; 8 ;; 19 ;; 9 ;; 12 ;; 13 ;; 2 ;; 10 ;; 14 ;; 25 ;; 15 ;; 17 ;; 23 ;; 11 ;; 26 ;; 16 ;; 18 ;; 24 ;; 27 ;; 29","[ 
  {  ""Value"" :  ""6""  ,  ""Frequency"" :  6391  }, 
  {  ""Value"" :  ""4""  ,  ""Frequency"" :  4936  }, 
  {  ""Value"" :  ""7""  ,  ""Frequency"" :  3571  }, 
  {  ""Value"" :  ""5""  ,  ""Frequency"" :  3449  }, 
  {  ""Value"" :  ""8""  ,  ""Frequency"" :  1479  }, 
  {  ""Value"" :  ""19""  ,  ""Frequency"" :  1459  }, 
  {  ""Value"" :  ""9""  ,  ""Frequency"" :  1033  }, 
  {  ""Value"" :  ""12""  ,  ""Frequency"" :  642  }, 
  {  ""Value"" :  ""13""  ,  ""Frequency"" :  561  }, 
  {  ""Value"" :  ""2""  ,  ""Frequency"" :  545  }, 
  {  ""Value"" :  ""10""  ,  ""Frequency"" :  466  }, 
  {  ""Value"" :  ""14""  ,  ""Frequency"" :  311  }, 
  {  ""Value"" :  ""25""  ,  ""Frequency"" :  88  }, 
  {  ""Value"" :  ""15""  ,  ""Frequency"" :  32  }, 
  {  ""Value"" :  ""17""  ,  ""Frequency"" :  22  }, 
  {  ""Value"" :  ""23""  ,  ""Frequency"" :  6  }, 
  {  ""Value"" :  ""11""  ,  ""Frequency"" :  2  }, 
  {  ""Value"" :  ""26""  ,  ""Frequency"" :  2  }, 
  {  ""Value"" :  ""16""  ,  ""Frequency"" :  1  }, 
  {  ""Value"" :  ""18""  ,  ""Frequency"" :  1  }, 
  {  ""Value"" :  ""24""  ,  ""Frequency"" :  1  }, 
  {  ""Value"" :  ""27""  ,  ""Frequency"" :  1  }, 
  {  ""Value"" :  ""29""  ,  ""Frequency"" :  1  }
]","[ 
  {  ""x"" :  ""6""  ,  ""Freq"" :  6391  }, 
  {  ""x"" :  ""4""  ,  ""Freq"" :  4936  }, 
  {  ""x"" :  ""7""  ,  ""Freq"" :  3571  }, 
  {  ""x"" :  ""5""  ,  ""Freq"" :  3449  }, 
  {  ""x"" :  ""8""  ,  ""Freq"" :  1479  }, 
  {  ""x"" :  ""19""  ,  ""Freq"" :  1459  }, 
  {  ""x"" :  ""9""  ,  ""Freq"" :  1033  }, 
  {  ""x"" :  ""12""  ,  ""Freq"" :  642  }, 
  {  ""x"" :  ""13""  ,  ""Freq"" :  561  }, 
  {  ""x"" :  ""2""  ,  ""Freq"" :  545  }, 
  {  ""x"" :  ""other""  ,  ""Freq"" :  934  }
]","8545f03c0a4d4efa73af76e780bf57fd","",""
"BMF_ACTIV1","BMF_ACTIV1","IRS Activity Code 1","","","",FALSE,"[ 
  {  ""level"" :  ""263""  ,  ""label"" :  ""263""  }, 
  {  ""level"" :  ""200""  ,  ""label"" :  ""200""  }, 
  {  ""level"" :  ""379""  ,  ""label"" :  ""379""  }, 
  {  ""level"" :  ""0""  ,  ""label"" :  ""0""  }, 
  {  ""level"" :  ""407""  ,  ""label"" :  ""407""  }, 
  {  ""level"" :  ""907""  ,  ""label"" :  ""907""  }, 
  {  ""level"" :  ""321""  ,  ""label"" :  ""321""  }, 
  {  ""level"" :  ""40""  ,  ""label"" :  ""40""  }, 
  {  ""level"" :  ""520""  ,  ""label"" :  ""520""  }, 
  {  ""level"" :  ""260""  ,  ""label"" :  ""260""  }, 
  {  ""level"" :  ""211""  ,  ""label"" :  ""211""  }, 
  {  ""level"" :  ""205""  ,  ""label"" :  ""205""  }, 
  {  ""level"" :  ""264""  ,  ""label"" :  ""264""  }, 
  {  ""level"" :  ""284""  ,  ""label"" :  ""284""  }, 
  {  ""level"" :  ""280""  ,  ""label"" :  ""280""  }, 
  {  ""level"" :  ""318""  ,  ""label"" :  ""318""  }, 
  {  ""level"" :  ""36""  ,  ""label"" :  ""36""  }, 
  {  ""level"" :  ""399""  ,  ""label"" :  ""399""  }, 
  {  ""level"" :  ""402""  ,  ""label"" :  ""402""  }, 
  {  ""level"" :  ""919""  ,  ""label"" :  ""919""  }, 
  {  ""level"" :  ""900""  ,  ""label"" :  ""900""  }, 
  {  ""level"" :  ""160""  ,  ""label"" :  ""160""  }, 
  {  ""level"" :  ""265""  ,  ""label"" :  ""265""  }, 
  {  ""level"" :  ""319""  ,  ""label"" :  ""319""  }, 
  {  ""level"" :  ""230""  ,  ""label"" :  ""230""  }, 
  {  ""level"" :  ""286""  ,  ""label"" :  ""286""  }, 
  {  ""level"" :  ""279""  ,  ""label"" :  ""279""  }, 
  {  ""level"" :  ""229""  ,  ""label"" :  ""229""  }, 
  {  ""level"" :  ""905""  ,  ""label"" :  ""905""  }, 
  {  ""level"" :  ""59""  ,  ""label"" :  ""59""  }, 
  {  ""level"" :  ""328""  ,  ""label"" :  ""328""  }, 
  {  ""level"" :  ""382""  ,  ""label"" :  ""382""  }, 
  {  ""level"" :  ""908""  ,  ""label"" :  ""908""  }, 
  {  ""level"" :  ""561""  ,  ""label"" :  ""561""  }, 
  {  ""level"" :  ""179""  ,  ""label"" :  ""179""  }, 
  {  ""level"" :  ""911""  ,  ""label"" :  ""911""  }, 
  {  ""level"" :  ""261""  ,  ""label"" :  ""261""  }, 
  {  ""level"" :  ""213""  ,  ""label"" :  ""213""  }, 
  {  ""level"" :  ""250""  ,  ""label"" :  ""250""  }, 
  {  ""level"" :  ""912""  ,  ""label"" :  ""912""  }, 
  {  ""level"" :  ""317""  ,  ""label"" :  ""317""  }, 
  {  ""level"" :  ""288""  ,  ""label"" :  ""288""  }, 
  {  ""level"" :  ""999""  ,  ""label"" :  ""999""  }, 
  {  ""level"" :  ""32""  ,  ""label"" :  ""32""  }, 
  {  ""level"" :  ""281""  ,  ""label"" :  ""281""  }, 
  {  ""level"" :  ""300""  ,  ""label"" :  ""300""  }, 
  {  ""level"" :  ""998""  ,  ""label"" :  ""998""  }, 
  {  ""level"" :  ""285""  ,  ""label"" :  ""285""  }, 
  {  ""level"" :  ""381""  ,  ""label"" :  ""381""  }, 
  {  ""level"" :  ""901""  ,  ""label"" :  ""901""  }, 
  {  ""level"" :  ""65""  ,  ""label"" :  ""65""  }, 
  {  ""level"" :  ""151""  ,  ""label"" :  ""151""  }, 
  {  ""level"" :  ""403""  ,  ""label"" :  ""403""  }, 
  {  ""level"" :  ""602""  ,  ""label"" :  ""602""  }, 
  {  ""level"" :  ""30""  ,  ""label"" :  ""30""  }, 
  {  ""level"" :  ""325""  ,  ""label"" :  ""325""  }, 
  {  ""level"" :  ""123""  ,  ""label"" :  ""123""  }, 
  {  ""level"" :  ""921""  ,  ""label"" :  ""921""  }, 
  {  ""level"" :  ""262""  ,  ""label"" :  ""262""  }, 
  {  ""level"" :  ""253""  ,  ""label"" :  ""253""  }, 
  {  ""level"" :  ""42""  ,  ""label"" :  ""42""  }, 
  {  ""level"" :  ""269""  ,  ""label"" :  ""269""  }, 
  {  ""level"" :  ""920""  ,  ""label"" :  ""920""  }, 
  {  ""level"" :  ""922""  ,  ""label"" :  ""922""  }, 
  {  ""level"" :  ""201""  ,  ""label"" :  ""201""  }, 
  {  ""level"" :  ""163""  ,  ""label"" :  ""163""  }, 
  {  ""level"" :  ""34""  ,  ""label"" :  ""34""  }, 
  {  ""level"" :  ""480""  ,  ""label"" :  ""480""  }, 
  {  ""level"" :  ""119""  ,  ""label"" :  ""119""  }, 
  {  ""level"" :  ""259""  ,  ""label"" :  ""259""  }, 
  {  ""level"" :  ""204""  ,  ""label"" :  ""204""  }, 
  {  ""level"" :  ""924""  ,  ""label"" :  ""924""  }, 
  {  ""level"" :  ""237""  ,  ""label"" :  ""237""  }, 
  {  ""level"" :  ""287""  ,  ""label"" :  ""287""  }, 
  {  ""level"" :  ""297""  ,  ""label"" :  ""297""  }, 
  {  ""level"" :  ""298""  ,  ""label"" :  ""298""  }, 
  {  ""level"" :  ""917""  ,  ""label"" :  ""917""  }, 
  {  ""level"" :  ""161""  ,  ""label"" :  ""161""  }, 
  {  ""level"" :  ""126""  ,  ""label"" :  ""126""  }, 
  {  ""level"" :  ""916""  ,  ""label"" :  ""916""  }, 
  {  ""level"" :  ""994""  ,  ""label"" :  ""994""  }, 
  {  ""level"" :  ""904""  ,  ""label"" :  ""904""  }, 
  {  ""level"" :  ""5""  ,  ""label"" :  ""5""  }, 
  {  ""level"" :  ""350""  ,  ""label"" :  ""350""  }, 
  {  ""level"" :  ""401""  ,  ""label"" :  ""401""  }, 
  {  ""level"" :  ""526""  ,  ""label"" :  ""526""  }, 
  {  ""level"" :  ""251""  ,  ""label"" :  ""251""  }, 
  {  ""level"" :  ""560""  ,  ""label"" :  ""560""  }, 
  {  ""level"" :  ""559""  ,  ""label"" :  ""559""  }, 
  {  ""level"" :  ""92""  ,  ""label"" :  ""92""  }, 
  {  ""level"" :  ""509""  ,  ""label"" :  ""509""  }, 
  {  ""level"" :  ""232""  ,  ""label"" :  ""232""  }, 
  {  ""level"" :  ""4""  ,  ""label"" :  ""4""  }, 
  {  ""level"" :  ""530""  ,  ""label"" :  ""530""  }, 
  {  ""level"" :  ""125""  ,  ""label"" :  ""125""  }, 
  {  ""level"" :  ""995""  ,  ""label"" :  ""995""  }, 
  {  ""level"" :  ""601""  ,  ""label"" :  ""601""  }, 
  {  ""level"" :  ""408""  ,  ""label"" :  ""408""  }, 
  {  ""level"" :  ""199""  ,  ""label"" :  ""199""  }, 
  {  ""level"" :  ""166""  ,  ""label"" :  ""166""  }, 
  {  ""level"" :  ""430""  ,  ""label"" :  ""430""  }, 
  {  ""level"" :  ""543""  ,  ""label"" :  ""543""  }, 
  {  ""level"" :  ""162""  ,  ""label"" :  ""162""  }, 
  {  ""level"" :  ""404""  ,  ""label"" :  ""404""  }, 
  {  ""level"" :  ""482""  ,  ""label"" :  ""482""  }, 
  {  ""level"" :  ""158""  ,  ""label"" :  ""158""  }, 
  {  ""level"" :  ""164""  ,  ""label"" :  ""164""  }, 
  {  ""level"" :  ""267""  ,  ""label"" :  ""267""  }, 
  {  ""level"" :  ""268""  ,  ""label"" :  ""268""  }, 
  {  ""level"" :  ""380""  ,  ""label"" :  ""380""  }, 
  {  ""level"" :  ""566""  ,  ""label"" :  ""566""  }, 
  {  ""level"" :  ""299""  ,  ""label"" :  ""299""  }, 
  {  ""level"" :  ""927""  ,  ""label"" :  ""927""  }, 
  {  ""level"" :  ""400""  ,  ""label"" :  ""400""  }, 
  {  ""level"" :  ""282""  ,  ""label"" :  ""282""  }, 
  {  ""level"" :  ""600""  ,  ""label"" :  ""600""  }, 
  {  ""level"" :  ""91""  ,  ""label"" :  ""91""  }, 
  {  ""level"" :  ""928""  ,  ""label"" :  ""928""  }, 
  {  ""level"" :  ""124""  ,  ""label"" :  ""124""  }, 
  {  ""level"" :  ""575""  ,  ""label"" :  ""575""  }, 
  {  ""level"" :  ""206""  ,  ""label"" :  ""206""  }, 
  {  ""level"" :  ""249""  ,  ""label"" :  ""249""  }, 
  {  ""level"" :  ""361""  ,  ""label"" :  ""361""  }, 
  {  ""level"" :  ""153""  ,  ""label"" :  ""153""  }, 
  {  ""level"" :  ""149""  ,  ""label"" :  ""149""  }, 
  {  ""level"" :  ""37""  ,  ""label"" :  ""37""  }, 
  {  ""level"" :  ""8""  ,  ""label"" :  ""8""  }, 
  {  ""level"" :  ""301""  ,  ""label"" :  ""301""  }, 
  {  ""level"" :  ""573""  ,  ""label"" :  ""573""  }, 
  {  ""level"" :  ""43""  ,  ""label"" :  ""43""  }, 
  {  ""level"" :  ""903""  ,  ""label"" :  ""903""  }, 
  {  ""level"" :  ""29""  ,  ""label"" :  ""29""  }, 
  {  ""level"" :  ""74""  ,  ""label"" :  ""74""  }, 
  {  ""level"" :  ""121""  ,  ""label"" :  ""121""  }, 
  {  ""level"" :  ""157""  ,  ""label"" :  ""157""  }, 
  {  ""level"" :  ""349""  ,  ""label"" :  ""349""  }, 
  {  ""level"" :  ""203""  ,  ""label"" :  ""203""  }, 
  {  ""level"" :  ""207""  ,  ""label"" :  ""207""  }, 
  {  ""level"" :  ""902""  ,  ""label"" :  ""902""  }, 
  {  ""level"" :  ""850""  ,  ""label"" :  ""850""  }, 
  {  ""level"" :  ""64""  ,  ""label"" :  ""64""  }, 
  {  ""level"" :  ""150""  ,  ""label"" :  ""150""  }, 
  {  ""level"" :  ""3""  ,  ""label"" :  ""3""  }, 
  {  ""level"" :  ""603""  ,  ""label"" :  ""603""  }, 
  {  ""level"" :  ""90""  ,  ""label"" :  ""90""  }, 
  {  ""level"" :  ""61""  ,  ""label"" :  ""61""  }, 
  {  ""level"" :  ""915""  ,  ""label"" :  ""915""  }, 
  {  ""level"" :  ""202""  ,  ""label"" :  ""202""  }, 
  {  ""level"" :  ""210""  ,  ""label"" :  ""210""  }, 
  {  ""level"" :  ""35""  ,  ""label"" :  ""35""  }, 
  {  ""level"" :  ""254""  ,  ""label"" :  ""254""  }, 
  {  ""level"" :  ""429""  ,  ""label"" :  ""429""  }, 
  {  ""level"" :  ""154""  ,  ""label"" :  ""154""  }, 
  {  ""level"" :  ""234""  ,  ""label"" :  ""234""  }, 
  {  ""level"" :  ""33""  ,  ""label"" :  ""33""  }, 
  {  ""level"" :  ""296""  ,  ""label"" :  ""296""  }, 
  {  ""level"" :  ""574""  ,  ""label"" :  ""574""  }, 
  {  ""level"" :  ""356""  ,  ""label"" :  ""356""  }, 
  {  ""level"" :  ""209""  ,  ""label"" :  ""209""  }, 
  {  ""level"" :  ""233""  ,  ""label"" :  ""233""  }, 
  {  ""level"" :  ""120""  ,  ""label"" :  ""120""  }, 
  {  ""level"" :  ""322""  ,  ""label"" :  ""322""  }, 
  {  ""level"" :  ""914""  ,  ""label"" :  ""914""  }, 
  {  ""level"" :  ""406""  ,  ""label"" :  ""406""  }, 
  {  ""level"" :  ""93""  ,  ""label"" :  ""93""  }, 
  {  ""level"" :  ""231""  ,  ""label"" :  ""231""  }, 
  {  ""level"" :  ""514""  ,  ""label"" :  ""514""  }, 
  {  ""level"" :  ""49""  ,  ""label"" :  ""49""  }, 
  {  ""level"" :  ""532""  ,  ""label"" :  ""532""  }, 
  {  ""level"" :  ""481""  ,  ""label"" :  ""481""  }, 
  {  ""level"" :  ""353""  ,  ""label"" :  ""353""  }, 
  {  ""level"" :  ""354""  ,  ""label"" :  ""354""  }, 
  {  ""level"" :  ""38""  ,  ""label"" :  ""38""  }, 
  {  ""level"" :  ""320""  ,  ""label"" :  ""320""  }, 
  {  ""level"" :  ""351""  ,  ""label"" :  ""351""  }, 
  {  ""level"" :  ""465""  ,  ""label"" :  ""465""  }, 
  {  ""level"" :  ""562""  ,  ""label"" :  ""562""  }, 
  {  ""level"" :  ""524""  ,  ""label"" :  ""524""  }, 
  {  ""level"" :  ""431""  ,  ""label"" :  ""431""  }, 
  {  ""level"" :  ""515""  ,  ""label"" :  ""515""  }, 
  {  ""level"" :  ""405""  ,  ""label"" :  ""405""  }, 
  {  ""level"" :  ""165""  ,  ""label"" :  ""165""  }, 
  {  ""level"" :  ""460""  ,  ""label"" :  ""460""  }, 
  {  ""level"" :  ""7""  ,  ""label"" :  ""7""  }, 
  {  ""level"" :  ""355""  ,  ""label"" :  ""355""  }, 
  {  ""level"" :  ""180""  ,  ""label"" :  ""180""  }, 
  {  ""level"" :  ""302""  ,  ""label"" :  ""302""  }, 
  {  ""level"" :  ""62""  ,  ""label"" :  ""62""  }, 
  {  ""level"" :  ""923""  ,  ""label"" :  ""923""  }, 
  {  ""level"" :  ""101""  ,  ""label"" :  ""101""  }, 
  {  ""level"" :  ""529""  ,  ""label"" :  ""529""  }, 
  {  ""level"" :  ""398""  ,  ""label"" :  ""398""  }, 
  {  ""level"" :  ""60""  ,  ""label"" :  ""60""  }, 
  {  ""level"" :  ""517""  ,  ""label"" :  ""517""  }, 
  {  ""level"" :  ""46""  ,  ""label"" :  ""46""  }, 
  {  ""level"" :  ""323""  ,  ""label"" :  ""323""  }, 
  {  ""level"" :  ""1""  ,  ""label"" :  ""1""  }, 
  {  ""level"" :  ""512""  ,  ""label"" :  ""512""  }, 
  {  ""level"" :  ""159""  ,  ""label"" :  ""159""  }, 
  {  ""level"" :  ""525""  ,  ""label"" :  ""525""  }, 
  {  ""level"" :  ""542""  ,  ""label"" :  ""542""  }, 
  {  ""level"" :  ""76""  ,  ""label"" :  ""76""  }, 
  {  ""level"" :  ""906""  ,  ""label"" :  ""906""  }, 
  {  ""level"" :  ""632""  ,  ""label"" :  ""632""  }, 
  {  ""level"" :  ""167""  ,  ""label"" :  ""167""  }, 
  {  ""level"" :  ""208""  ,  ""label"" :  ""208""  }, 
  {  ""level"" :  ""462""  ,  ""label"" :  ""462""  }, 
  {  ""level"" :  ""531""  ,  ""label"" :  ""531""  }, 
  {  ""level"" :  ""152""  ,  ""label"" :  ""152""  }, 
  {  ""level"" :  ""212""  ,  ""label"" :  ""212""  }, 
  {  ""level"" :  ""913""  ,  ""label"" :  ""913""  }, 
  {  ""level"" :  ""88""  ,  ""label"" :  ""88""  }, 
  {  ""level"" :  ""235""  ,  ""label"" :  ""235""  }, 
  {  ""level"" :  ""236""  ,  ""label"" :  ""236""  }, 
  {  ""level"" :  ""2""  ,  ""label"" :  ""2""  }, 
  {  ""level"" :  ""449""  ,  ""label"" :  ""449""  }, 
  {  ""level"" :  ""910""  ,  ""label"" :  ""910""  }, 
  {  ""level"" :  ""510""  ,  ""label"" :  ""510""  }, 
  {  ""level"" :  ""327""  ,  ""label"" :  ""327""  }, 
  {  ""level"" :  ""918""  ,  ""label"" :  ""918""  }, 
  {  ""level"" :  ""39""  ,  ""label"" :  ""39""  }, 
  {  ""level"" :  ""564""  ,  ""label"" :  ""564""  }, 
  {  ""level"" :  ""31""  ,  ""label"" :  ""31""  }, 
  {  ""level"" :  ""41""  ,  ""label"" :  ""41""  }, 
  {  ""level"" :  ""563""  ,  ""label"" :  ""563""  }, 
  {  ""level"" :  ""252""  ,  ""label"" :  ""252""  }, 
  {  ""level"" :  ""155""  ,  ""label"" :  ""155""  }, 
  {  ""level"" :  ""181""  ,  ""label"" :  ""181""  }, 
  {  ""level"" :  ""72""  ,  ""label"" :  ""72""  }
]","263 ;; 
200 ;; 
379 ;; 
0 ;; 
407","numeric","as.factor","factor","factor",3,NA,"[ 
  {  ""STAT"" :  ""Rows""  ,  ""VAL"" :  ""25,000""  ,  ""PER"" :  """"  }, 
  {  ""STAT"" :  ""Distinct""  ,  ""VAL"" :  ""230""  ,  ""PER"" :  ""(0.9%)""  }, 
  {  ""STAT"" :  ""Missing/NA""  ,  ""VAL"" :  ""1,887""  ,  ""PER"" :  ""(7.5%)""  }, 
  {  ""STAT"" :  ""Most Common""  ,  ""VAL"" :  ""0""  ,  ""PER"" :  ""(23.2%)""  }
]","0 ;; 263 ;; 200 ;; 907 ;; 36 ;; 279 ;; 205 ;; 319 ;; 318 ;; 59 ;; 407 ;; 520 ;; 900 ;; 265 ;; 264 ;; 280 ;; 260 ;; 250 ;; 999 ;; 920 ;; 30 ;; 912 ;; 261 ;; 230 ;; 65 ;; 998 ;; 229 ;; 317 ;; 403 ;; 201 ;; 908 ;; 288 ;; 911 ;; 399 ;; 286 ;; 161 ;; 922 ;; 281 ;; 350 ;; 123 ;; 287 ;; 382 ;; 401 ;; 921 ;; 34 ;; 119 ;; 408 ;; 602 ;; 251 ;; 262 ;; 40 ;; 402 ;; 480 ;; 32 ;; 232 ;; 298 ;; 211 ;; 381 ;; 158","[ 
  {  ""Value"" :  ""0""  ,  ""Frequency"" :  5807  }, 
  {  ""Value"" :  ""263""  ,  ""Frequency"" :  1782  }, 
  {  ""Value"" :  ""200""  ,  ""Frequency"" :  1648  }, 
  {  ""Value"" :  ""907""  ,  ""Frequency"" :  1212  }, 
  {  ""Value"" :  ""36""  ,  ""Frequency"" :  1054  }, 
  {  ""Value"" :  ""279""  ,  ""Frequency"" :  998  }, 
  {  ""Value"" :  ""205""  ,  ""Frequency"" :  949  }, 
  {  ""Value"" :  ""319""  ,  ""Frequency"" :  547  }, 
  {  ""Value"" :  ""318""  ,  ""Frequency"" :  467  }, 
  {  ""Value"" :  ""59""  ,  ""Frequency"" :  467  }, 
  {  ""Value"" :  ""407""  ,  ""Frequency"" :  401  }, 
  {  ""Value"" :  ""520""  ,  ""Frequency"" :  401  }, 
  {  ""Value"" :  ""900""  ,  ""Frequency"" :  323  }, 
  {  ""Value"" :  ""265""  ,  ""Frequency"" :  322  }, 
  {  ""Value"" :  ""264""  ,  ""Frequency"" :  301  }, 
  {  ""Value"" :  ""280""  ,  ""Frequency"" :  293  }, 
  {  ""Value"" :  ""260""  ,  ""Frequency"" :  276  }, 
  {  ""Value"" :  ""250""  ,  ""Frequency"" :  203  }, 
  {  ""Value"" :  ""999""  ,  ""Frequency"" :  200  }, 
  {  ""Value"" :  ""920""  ,  ""Frequency"" :  187  }, 
  {  ""Value"" :  ""30""  ,  ""Frequency"" :  179  }, 
  {  ""Value"" :  ""912""  ,  ""Frequency"" :  163  }, 
  {  ""Value"" :  ""261""  ,  ""Frequency"" :  162  }, 
  {  ""Value"" :  ""230""  ,  ""Frequency"" :  145  }, 
  {  ""Value"" :  ""65""  ,  ""Frequency"" :  143  }, 
  {  ""Value"" :  ""998""  ,  ""Frequency"" :  140  }, 
  {  ""Value"" :  ""229""  ,  ""Frequency"" :  137  }, 
  {  ""Value"" :  ""317""  ,  ""Frequency"" :  137  }, 
  {  ""Value"" :  ""403""  ,  ""Frequency"" :  136  }, 
  {  ""Value"" :  ""201""  ,  ""Frequency"" :  136  }, 
  {  ""Value"" :  ""908""  ,  ""Frequency"" :  125  }, 
  {  ""Value"" :  ""288""  ,  ""Frequency"" :  121  }, 
  {  ""Value"" :  ""911""  ,  ""Frequency"" :  120  }, 
  {  ""Value"" :  ""399""  ,  ""Frequency"" :  117  }, 
  {  ""Value"" :  ""286""  ,  ""Frequency"" :  115  }, 
  {  ""Value"" :  ""161""  ,  ""Frequency"" :  112  }, 
  {  ""Value"" :  ""922""  ,  ""Frequency"" :  97  }, 
  {  ""Value"" :  ""281""  ,  ""Frequency"" :  93  }, 
  {  ""Value"" :  ""350""  ,  ""Frequency"" :  91  }, 
  {  ""Value"" :  ""123""  ,  ""Frequency"" :  85  }, 
  {  ""Value"" :  ""287""  ,  ""Frequency"" :  78  }, 
  {  ""Value"" :  ""382""  ,  ""Frequency"" :  73  }, 
  {  ""Value"" :  ""401""  ,  ""Frequency"" :  69  }, 
  {  ""Value"" :  ""921""  ,  ""Frequency"" :  67  }, 
  {  ""Value"" :  ""34""  ,  ""Frequency"" :  60  }, 
  {  ""Value"" :  ""119""  ,  ""Frequency"" :  59  }, 
  {  ""Value"" :  ""408""  ,  ""Frequency"" :  58  }, 
  {  ""Value"" :  ""602""  ,  ""Frequency"" :  57  }, 
  {  ""Value"" :  ""251""  ,  ""Frequency"" :  56  }, 
  {  ""Value"" :  ""262""  ,  ""Frequency"" :  55  }
]","[ 
  {  ""x"" :  ""0""  ,  ""Freq"" :  5807  }, 
  {  ""x"" :  ""263""  ,  ""Freq"" :  1782  }, 
  {  ""x"" :  ""200""  ,  ""Freq"" :  1648  }, 
  {  ""x"" :  ""907""  ,  ""Freq"" :  1212  }, 
  {  ""x"" :  ""36""  ,  ""Freq"" :  1054  }, 
  {  ""x"" :  ""279""  ,  ""Freq"" :  998  }, 
  {  ""x"" :  ""205""  ,  ""Freq"" :  949  }, 
  {  ""x"" :  ""319""  ,  ""Freq"" :  547  }, 
  {  ""x"" :  ""318""  ,  ""Freq"" :  467  }, 
  {  ""x"" :  ""59""  ,  ""Freq"" :  467  }, 
  {  ""x"" :  ""other""  ,  ""Freq"" :  8182  }
]","303b9d7406915fc40ffde1ad546ec639","",""
"NTMAJ12","NTMAJ12","NTEE major group (12)","","","",FALSE,"[ 
  {  ""level"" :  ""AR""  ,  ""label"" :  ""AR""  }, 
  {  ""level"" :  ""BH""  ,  ""label"" :  ""BH""  }, 
  {  ""level"" :  ""ED""  ,  ""label"" :  ""ED""  }, 
  {  ""level"" :  ""EH""  ,  ""label"" :  ""EH""  }, 
  {  ""level"" :  ""EN""  ,  ""label"" :  ""EN""  }, 
  {  ""level"" :  ""HE""  ,  ""label"" :  ""HE""  }, 
  {  ""level"" :  ""HU""  ,  ""label"" :  ""HU""  }, 
  {  ""level"" :  ""IN""  ,  ""label"" :  ""IN""  }, 
  {  ""level"" :  ""MU""  ,  ""label"" :  ""MU""  }, 
  {  ""level"" :  ""PU""  ,  ""label"" :  ""PU""  }, 
  {  ""level"" :  ""RE""  ,  ""label"" :  ""RE""  }, 
  {  ""level"" :  ""UN""  ,  ""label"" :  ""UN""  }
]","HU ;; 
PU ;; 
UN ;; 
ED ;; 
AR","character",NA,"factor","factor",2,NA,"[ 
  {  ""STAT"" :  ""Rows""  ,  ""VAL"" :  ""25,000""  ,  ""PER"" :  """"  }, 
  {  ""STAT"" :  ""Distinct""  ,  ""VAL"" :  ""12""  ,  ""PER"" :  ""(0.0%)""  }, 
  {  ""STAT"" :  ""Most Common""  ,  ""VAL"" :  ""PU""  ,  ""PER"" :  ""(36.5%)""  }
]","PU ;; HU ;; MU ;; ED ;; UN ;; HE ;; AR ;; EN ;; IN ;; EH ;; RE ;; BH","[ 
  {  ""Value"" :  ""PU""  ,  ""Frequency"" :  9128  }, 
  {  ""Value"" :  ""HU""  ,  ""Frequency"" :  7955  }, 
  {  ""Value"" :  ""MU""  ,  ""Frequency"" :  2480  }, 
  {  ""Value"" :  ""ED""  ,  ""Frequency"" :  1528  }, 
  {  ""Value"" :  ""UN""  ,  ""Frequency"" :  1524  }, 
  {  ""Value"" :  ""HE""  ,  ""Frequency"" :  994  }, 
  {  ""Value"" :  ""AR""  ,  ""Frequency"" :  615  }, 
  {  ""Value"" :  ""EN""  ,  ""Frequency"" :  508  }, 
  {  ""Value"" :  ""IN""  ,  ""Frequency"" :  101  }, 
  {  ""Value"" :  ""EH""  ,  ""Frequency"" :  79  }, 
  {  ""Value"" :  ""RE""  ,  ""Frequency"" :  64  }, 
  {  ""Value"" :  ""BH""  ,  ""Frequency"" :  24  }
]","[ 
  {  ""x"" :  ""PU""  ,  ""Freq"" :  9128  }, 
  {  ""x"" :  ""HU""  ,  ""Freq"" :  7955  }, 
  {  ""x"" :  ""MU""  ,  ""Freq"" :  2480  }, 
  {  ""x"" :  ""ED""  ,  ""Freq"" :  1528  }, 
  {  ""x"" :  ""UN""  ,  ""Freq"" :  1524  }, 
  {  ""x"" :  ""HE""  ,  ""Freq"" :  994  }, 
  {  ""x"" :  ""AR""  ,  ""Freq"" :  615  }, 
  {  ""x"" :  ""EN""  ,  ""Freq"" :  508  }, 
  {  ""x"" :  ""other""  ,  ""Freq"" :  268  }
]","47e592979b51bef034581a5ac944748c","",""
"NTEE1","NTEE1","NTEE major group","","","",FALSE,"[ 
  {  ""level"" :  ""A""  ,  ""label"" :  ""A""  }, 
  {  ""level"" :  ""B""  ,  ""label"" :  ""B""  }, 
  {  ""level"" :  ""C""  ,  ""label"" :  ""C""  }, 
  {  ""level"" :  ""D""  ,  ""label"" :  ""D""  }, 
  {  ""level"" :  ""E""  ,  ""label"" :  ""E""  }, 
  {  ""level"" :  ""F""  ,  ""label"" :  ""F""  }, 
  {  ""level"" :  ""G""  ,  ""label"" :  ""G""  }, 
  {  ""level"" :  ""H""  ,  ""label"" :  ""H""  }, 
  {  ""level"" :  ""I""  ,  ""label"" :  ""I""  }, 
  {  ""level"" :  ""J""  ,  ""label"" :  ""J""  }, 
  {  ""level"" :  ""K""  ,  ""label"" :  ""K""  }, 
  {  ""level"" :  ""L""  ,  ""label"" :  ""L""  }, 
  {  ""level"" :  ""M""  ,  ""label"" :  ""M""  }, 
  {  ""level"" :  ""N""  ,  ""label"" :  ""N""  }, 
  {  ""level"" :  ""O""  ,  ""label"" :  ""O""  }, 
  {  ""level"" :  ""P""  ,  ""label"" :  ""P""  }, 
  {  ""level"" :  ""Q""  ,  ""label"" :  ""Q""  }, 
  {  ""level"" :  ""R""  ,  ""label"" :  ""R""  }, 
  {  ""level"" :  ""S""  ,  ""label"" :  ""S""  }, 
  {  ""level"" :  ""T""  ,  ""label"" :  ""T""  }, 
  {  ""level"" :  ""U""  ,  ""label"" :  ""U""  }, 
  {  ""level"" :  ""V""  ,  ""label"" :  ""V""  }, 
  {  ""level"" :  ""W""  ,  ""label"" :  ""W""  }, 
  {  ""level"" :  ""X""  ,  ""label"" :  ""X""  }, 
  {  ""level"" :  ""Y""  ,  ""label"" :  ""Y""  }, 
  {  ""level"" :  ""Z""  ,  ""label"" :  ""Z""  }
]","J ;; 
S ;; 
K ;; 
N ;; 
M","character",NA,"factor","factor",1,NA,"[ 
  {  ""STAT"" :  ""Rows""  ,  ""VAL"" :  ""25,000""  ,  ""PER"" :  """"  }, 
  {  ""STAT"" :  ""Distinct""  ,  ""VAL"" :  ""27""  ,  ""PER"" :  ""(0.1%)""  }, 
  {  ""STAT"" :  ""Missing/NA""  ,  ""VAL"" :  ""1,497""  ,  ""PER"" :  ""(6.0%)""  }, 
  {  ""STAT"" :  ""Most Common""  ,  ""VAL"" :  ""S""  ,  ""PER"" :  ""(23.3%)""  }
]","S ;; N ;; W ;; Y ;; J ;; B ;; M ;; L ;; A ;; K ;; E ;; I ;; G ;; C ;; P ;; D ;; U ;; R ;; T ;; F ;; Q ;; O ;; X ;; Z ;; H ;; V","[ 
  {  ""Value"" :  ""S""  ,  ""Frequency"" :  5817  }, 
  {  ""Value"" :  ""N""  ,  ""Frequency"" :  3018  }, 
  {  ""Value"" :  ""W""  ,  ""Frequency"" :  2835  }, 
  {  ""Value"" :  ""Y""  ,  ""Frequency"" :  2480  }, 
  {  ""Value"" :  ""J""  ,  ""Frequency"" :  1961  }, 
  {  ""Value"" :  ""B""  ,  ""Frequency"" :  1552  }, 
  {  ""Value"" :  ""M""  ,  ""Frequency"" :  876  }, 
  {  ""Value"" :  ""L""  ,  ""Frequency"" :  669  }, 
  {  ""Value"" :  ""A""  ,  ""Frequency"" :  615  }, 
  {  ""Value"" :  ""K""  ,  ""Frequency"" :  590  }, 
  {  ""Value"" :  ""E""  ,  ""Frequency"" :  574  }, 
  {  ""Value"" :  ""I""  ,  ""Frequency"" :  557  }, 
  {  ""Value"" :  ""G""  ,  ""Frequency"" :  382  }, 
  {  ""Value"" :  ""C""  ,  ""Frequency"" :  338  }, 
  {  ""Value"" :  ""P""  ,  ""Frequency"" :  210  }, 
  {  ""Value"" :  ""D""  ,  ""Frequency"" :  170  }, 
  {  ""Value"" :  ""U""  ,  ""Frequency"" :  166  }, 
  {  ""Value"" :  ""R""  ,  ""Frequency"" :  164  }, 
  {  ""Value"" :  ""T""  ,  ""Frequency"" :  142  }, 
  {  ""Value"" :  ""F""  ,  ""Frequency"" :  103  }, 
  {  ""Value"" :  ""Q""  ,  ""Frequency"" :  101  }, 
  {  ""Value"" :  ""O""  ,  ""Frequency"" :  74  }, 
  {  ""Value"" :  ""X""  ,  ""Frequency"" :  64  }, 
  {  ""Value"" :  ""Z""  ,  ""Frequency"" :  27  }, 
  {  ""Value"" :  ""H""  ,  ""Frequency"" :  14  }, 
  {  ""Value"" :  ""V""  ,  ""Frequency"" :  4  }
]","[ 
  {  ""x"" :  ""S""  ,  ""Freq"" :  5817  }, 
  {  ""x"" :  ""N""  ,  ""Freq"" :  3018  }, 
  {  ""x"" :  ""W""  ,  ""Freq"" :  2835  }, 
  {  ""x"" :  ""Y""  ,  ""Freq"" :  2480  }, 
  {  ""x"" :  ""J""  ,  ""Freq"" :  1961  }, 
  {  ""x"" :  ""B""  ,  ""Freq"" :  1552  }, 
  {  ""x"" :  ""M""  ,  ""Freq"" :  876  }, 
  {  ""x"" :  ""L""  ,  ""Freq"" :  669  }, 
  {  ""x"" :  ""A""  ,  ""Freq"" :  615  }, 
  {  ""x"" :  ""K""  ,  ""Freq"" :  590  }, 
  {  ""x"" :  ""E""  ,  ""Freq"" :  574  }, 
  {  ""x"" :  ""I""  ,  ""Freq"" :  557  }, 
  {  ""x"" :  ""other""  ,  ""Freq"" :  1959  }
]","cc2692a6b5411ae2949be174b9e1198a","",""
"NTEEFINAL","NTEEFINAL",NA,"","","",FALSE,"[ 
  {  ""level"" :  ""J40""  ,  ""label"" :  ""J40""  }, 
  {  ""level"" :  ""S41""  ,  ""label"" :  ""S41""  }, 
  {  ""level"" :  ""K28""  ,  ""label"" :  ""K28""  }, 
  {  ""level"" :  ""N61""  ,  ""label"" :  ""N61""  }, 
  {  ""level"" :  ""S47""  ,  ""label"" :  ""S47""  }, 
  {  ""level"" :  ""M24""  ,  ""label"" :  ""M24""  }, 
  {  ""level"" :  ""S80""  ,  ""label"" :  ""S80""  }, 
  {  ""level"" :  ""W30""  ,  ""label"" :  ""W30""  }, 
  {  ""level"" :  ""S03""  ,  ""label"" :  ""S03""  }, 
  {  ""level"" :  ""N68""  ,  ""label"" :  ""N68""  }, 
  {  ""level"" :  ""L11""  ,  ""label"" :  ""L11""  }, 
  {  ""level"" :  ""B82""  ,  ""label"" :  ""B82""  }, 
  {  ""level"" :  ""A30""  ,  ""label"" :  ""A30""  }, 
  {  ""level"" :  ""Y42""  ,  ""label"" :  ""Y42""  }, 
  {  ""level"" :  ""Y0120""  ,  ""label"" :  ""Y0120""  }, 
  {  ""level"" :  ""D60""  ,  ""label"" :  ""D60""  }, 
  {  ""level"" :  ""D03""  ,  ""label"" :  ""D03""  }, 
  {  ""level"" :  ""Y20""  ,  ""label"" :  ""Y20""  }, 
  {  ""level"" :  ""N50""  ,  ""label"" :  ""N50""  }, 
  {  ""level"" :  ""N60""  ,  ""label"" :  ""N60""  }, 
  {  ""level"" :  ""Y23""  ,  ""label"" :  ""Y23""  }, 
  {  ""level"" :  ""S22""  ,  ""label"" :  ""S22""  }, 
  {  ""level"" :  ""E11""  ,  ""label"" :  ""E11""  }, 
  {  ""level"" :  ""N66""  ,  ""label"" :  ""N66""  }, 
  {  ""level"" :  ""B40""  ,  ""label"" :  ""B40""  }, 
  {  ""level"" :  ""Y41""  ,  ""label"" :  ""Y41""  }, 
  {  ""level"" :  ""L50""  ,  ""label"" :  ""L50""  }, 
  {  ""level"" :  ""S21""  ,  ""label"" :  ""S21""  }, 
  {  ""level"" :  ""Y43""  ,  ""label"" :  ""Y43""  }, 
  {  ""level"" :  ""Y50""  ,  ""label"" :  ""Y50""  }, 
  {  ""level"" :  ""P82""  ,  ""label"" :  ""P82""  }, 
  {  ""level"" :  ""A80""  ,  ""label"" :  ""A80""  }, 
  {  ""level"" :  ""E80""  ,  ""label"" :  ""E80""  }, 
  {  ""level"" :  ""D40""  ,  ""label"" :  ""D40""  }, 
  {  ""level"" :  ""N6A""  ,  ""label"" :  ""N6A""  }, 
  {  ""level"" :  ""S20""  ,  ""label"" :  ""S20""  }, 
  {  ""level"" :  ""G30""  ,  ""label"" :  ""G30""  }, 
  {  ""level"" :  ""Z99""  ,  ""label"" :  ""Z99""  }, 
  {  ""level"" :  ""X22""  ,  ""label"" :  ""X22""  }, 
  {  ""level"" :  ""J20""  ,  ""label"" :  ""J20""  }, 
  {  ""level"" :  ""M03""  ,  ""label"" :  ""M03""  }, 
  {  ""level"" :  ""E99""  ,  ""label"" :  ""E99""  }, 
  {  ""level"" :  ""Y01""  ,  ""label"" :  ""Y01""  }, 
  {  ""level"" :  ""N64""  ,  ""label"" :  ""N64""  }, 
  {  ""level"" :  ""N69""  ,  ""label"" :  ""N69""  }, 
  {  ""level"" :  ""S01""  ,  ""label"" :  ""S01""  }, 
  {  ""level"" :  ""N40""  ,  ""label"" :  ""N40""  }, 
  {  ""level"" :  ""L20""  ,  ""label"" :  ""L20""  }, 
  {  ""level"" :  ""Y03""  ,  ""label"" :  ""Y03""  }, 
  {  ""level"" :  ""B83""  ,  ""label"" :  ""B83""  }, 
  {  ""level"" :  ""U31""  ,  ""label"" :  ""U31""  }, 
  {  ""level"" :  ""B03""  ,  ""label"" :  ""B03""  }, 
  {  ""level"" :  ""E1186""  ,  ""label"" :  ""E1186""  }, 
  {  ""level"" :  ""E31""  ,  ""label"" :  ""E31""  }, 
  {  ""level"" :  ""E0170""  ,  ""label"" :  ""E0170""  }, 
  {  ""level"" :  ""N31""  ,  ""label"" :  ""N31""  }, 
  {  ""level"" :  ""P03""  ,  ""label"" :  ""P03""  }, 
  {  ""level"" :  ""S0130""  ,  ""label"" :  ""S0130""  }, 
  {  ""level"" :  ""W80""  ,  ""label"" :  ""W80""  }, 
  {  ""level"" :  ""I0360""  ,  ""label"" :  ""I0360""  }, 
  {  ""level"" :  ""F22""  ,  ""label"" :  ""F22""  }, 
  {  ""level"" :  ""B0320""  ,  ""label"" :  ""B0320""  }, 
  {  ""level"" :  ""Y30""  ,  ""label"" :  ""Y30""  }, 
  {  ""level"" :  ""N63""  ,  ""label"" :  ""N63""  }, 
  {  ""level"" :  ""S43""  ,  ""label"" :  ""S43""  }, 
  {  ""level"" :  ""S81""  ,  ""label"" :  ""S81""  }, 
  {  ""level"" :  ""E21""  ,  ""label"" :  ""E21""  }, 
  {  ""level"" :  ""L22""  ,  ""label"" :  ""L22""  }, 
  {  ""level"" :  ""K20""  ,  ""label"" :  ""K20""  }, 
  {  ""level"" :  ""I99""  ,  ""label"" :  ""I99""  }, 
  {  ""level"" :  ""S99""  ,  ""label"" :  ""S99""  }, 
  {  ""level"" :  ""E20""  ,  ""label"" :  ""E20""  }, 
  {  ""level"" :  ""G90""  ,  ""label"" :  ""G90""  }, 
  {  ""level"" :  ""Q35""  ,  ""label"" :  ""Q35""  }, 
  {  ""level"" :  ""P20""  ,  ""label"" :  ""P20""  }, 
  {  ""level"" :  ""D61""  ,  ""label"" :  ""D61""  }, 
  {  ""level"" :  ""B84""  ,  ""label"" :  ""B84""  }, 
  {  ""level"" :  ""W61""  ,  ""label"" :  ""W61""  }, 
  {  ""level"" :  ""I0380""  ,  ""label"" :  ""I0380""  }, 
  {  ""level"" :  ""S02""  ,  ""label"" :  ""S02""  }, 
  {  ""level"" :  ""S30""  ,  ""label"" :  ""S30""  }, 
  {  ""level"" :  ""Y40""  ,  ""label"" :  ""Y40""  }, 
  {  ""level"" :  ""B99""  ,  ""label"" :  ""B99""  }, 
  {  ""level"" :  ""S0120""  ,  ""label"" :  ""S0120""  }, 
  {  ""level"" :  ""A31""  ,  ""label"" :  ""A31""  }, 
  {  ""level"" :  ""A01""  ,  ""label"" :  ""A01""  }, 
  {  ""level"" :  ""W01""  ,  ""label"" :  ""W01""  }, 
  {  ""level"" :  ""C99""  ,  ""label"" :  ""C99""  }, 
  {  ""level"" :  ""G9B""  ,  ""label"" :  ""G9B""  }, 
  {  ""level"" :  ""M40""  ,  ""label"" :  ""M40""  }, 
  {  ""level"" :  ""A70""  ,  ""label"" :  ""A70""  }, 
  {  ""level"" :  ""D20""  ,  ""label"" :  ""D20""  }, 
  {  ""level"" :  ""Y44""  ,  ""label"" :  ""Y44""  }, 
  {  ""level"" :  ""G54""  ,  ""label"" :  ""G54""  }, 
  {  ""level"" :  ""S0141""  ,  ""label"" :  ""S0141""  }, 
  {  ""level"" :  ""B19""  ,  ""label"" :  ""B19""  }, 
  {  ""level"" :  ""I03""  ,  ""label"" :  ""I03""  }, 
  {  ""level"" :  ""N03""  ,  ""label"" :  ""N03""  }, 
  {  ""level"" :  ""U40""  ,  ""label"" :  ""U40""  }, 
  {  ""level"" :  ""A60""  ,  ""label"" :  ""A60""  }, 
  {  ""level"" :  ""D33""  ,  ""label"" :  ""D33""  }, 
  {  ""level"" :  ""A82""  ,  ""label"" :  ""A82""  }, 
  {  ""level"" :  ""W05""  ,  ""label"" :  ""W05""  }, 
  {  ""level"" :  ""A23""  ,  ""label"" :  ""A23""  }, 
  {  ""level"" :  ""N52""  ,  ""label"" :  ""N52""  }, 
  {  ""level"" :  ""A32""  ,  ""label"" :  ""A32""  }, 
  {  ""level"" :  ""S0140""  ,  ""label"" :  ""S0140""  }, 
  {  ""level"" :  ""C32""  ,  ""label"" :  ""C32""  }, 
  {  ""level"" :  ""S1941""  ,  ""label"" :  ""S1941""  }, 
  {  ""level"" :  ""S0341""  ,  ""label"" :  ""S0341""  }, 
  {  ""level"" :  ""A61""  ,  ""label"" :  ""A61""  }, 
  {  ""level"" :  ""T90""  ,  ""label"" :  ""T90""  }, 
  {  ""level"" :  ""R40""  ,  ""label"" :  ""R40""  }, 
  {  ""level"" :  ""L99""  ,  ""label"" :  ""L99""  }, 
  {  ""level"" :  ""E62""  ,  ""label"" :  ""E62""  }, 
  {  ""level"" :  ""J22""  ,  ""label"" :  ""J22""  }, 
  {  ""level"" :  ""S0241""  ,  ""label"" :  ""S0241""  }, 
  {  ""level"" :  ""I60""  ,  ""label"" :  ""I60""  }, 
  {  ""level"" :  ""S40""  ,  ""label"" :  ""S40""  }, 
  {  ""level"" :  ""F03""  ,  ""label"" :  ""F03""  }, 
  {  ""level"" :  ""F32""  ,  ""label"" :  ""F32""  }, 
  {  ""level"" :  ""W20""  ,  ""label"" :  ""W20""  }, 
  {  ""level"" :  ""O51""  ,  ""label"" :  ""O51""  }, 
  {  ""level"" :  ""C35""  ,  ""label"" :  ""C35""  }, 
  {  ""level"" :  ""L05""  ,  ""label"" :  ""L05""  }, 
  {  ""level"" :  ""B8340""  ,  ""label"" :  ""B8340""  }, 
  {  ""level"" :  ""U30""  ,  ""label"" :  ""U30""  }, 
  {  ""level"" :  ""P51""  ,  ""label"" :  ""P51""  }, 
  {  ""level"" :  ""B12""  ,  ""label"" :  ""B12""  }, 
  {  ""level"" :  ""N0150""  ,  ""label"" :  ""N0150""  }, 
  {  ""level"" :  ""I80""  ,  ""label"" :  ""I80""  }, 
  {  ""level"" :  ""G03""  ,  ""label"" :  ""G03""  }, 
  {  ""level"" :  ""P28""  ,  ""label"" :  ""P28""  }, 
  {  ""level"" :  ""X21""  ,  ""label"" :  ""X21""  }, 
  {  ""level"" :  ""I20""  ,  ""label"" :  ""I20""  }, 
  {  ""level"" :  ""A33""  ,  ""label"" :  ""A33""  }, 
  {  ""level"" :  ""N0340""  ,  ""label"" :  ""N0340""  }, 
  {  ""level"" :  ""P80""  ,  ""label"" :  ""P80""  }, 
  {  ""level"" :  ""P99""  ,  ""label"" :  ""P99""  }, 
  {  ""level"" :  ""S46""  ,  ""label"" :  ""S46""  }, 
  {  ""level"" :  ""L40""  ,  ""label"" :  ""L40""  }, 
  {  ""level"" :  ""B50""  ,  ""label"" :  ""B50""  }, 
  {  ""level"" :  ""I0260""  ,  ""label"" :  ""I0260""  }, 
  {  ""level"" :  ""L03""  ,  ""label"" :  ""L03""  }, 
  {  ""level"" :  ""E1170""  ,  ""label"" :  ""E1170""  }, 
  {  ""level"" :  ""C01""  ,  ""label"" :  ""C01""  }, 
  {  ""level"" :  ""L0350""  ,  ""label"" :  ""L0350""  }, 
  {  ""level"" :  ""R99""  ,  ""label"" :  ""R99""  }, 
  {  ""level"" :  ""E03""  ,  ""label"" :  ""E03""  }, 
  {  ""level"" :  ""S82""  ,  ""label"" :  ""S82""  }, 
  {  ""level"" :  ""N67""  ,  ""label"" :  ""N67""  }, 
  {  ""level"" :  ""F60""  ,  ""label"" :  ""F60""  }, 
  {  ""level"" :  ""M42""  ,  ""label"" :  ""M42""  }, 
  {  ""level"" :  ""F0320""  ,  ""label"" :  ""F0320""  }, 
  {  ""level"" :  ""U42""  ,  ""label"" :  ""U42""  }, 
  {  ""level"" :  ""E0222""  ,  ""label"" :  ""E0222""  }, 
  {  ""level"" :  ""Y99""  ,  ""label"" :  ""Y99""  }, 
  {  ""level"" :  ""S05""  ,  ""label"" :  ""S05""  }, 
  {  ""level"" :  ""R01""  ,  ""label"" :  ""R01""  }, 
  {  ""level"" :  ""E1120""  ,  ""label"" :  ""E1120""  }, 
  {  ""level"" :  ""A40""  ,  ""label"" :  ""A40""  }, 
  {  ""level"" :  ""S19""  ,  ""label"" :  ""S19""  }, 
  {  ""level"" :  ""R20""  ,  ""label"" :  ""R20""  }, 
  {  ""level"" :  ""O99""  ,  ""label"" :  ""O99""  }, 
  {  ""level"" :  ""A99""  ,  ""label"" :  ""A99""  }, 
  {  ""level"" :  ""T20""  ,  ""label"" :  ""T20""  }, 
  {  ""level"" :  ""Q99""  ,  ""label"" :  ""Q99""  }, 
  {  ""level"" :  ""K03""  ,  ""label"" :  ""K03""  }, 
  {  ""level"" :  ""B01""  ,  ""label"" :  ""B01""  }, 
  {  ""level"" :  ""J03""  ,  ""label"" :  ""J03""  }, 
  {  ""level"" :  ""G70""  ,  ""label"" :  ""G70""  }, 
  {  ""level"" :  ""G42""  ,  ""label"" :  ""G42""  }, 
  {  ""level"" :  ""K99""  ,  ""label"" :  ""K99""  }, 
  {  ""level"" :  ""P81""  ,  ""label"" :  ""P81""  }, 
  {  ""level"" :  ""S11""  ,  ""label"" :  ""S11""  }, 
  {  ""level"" :  ""A20""  ,  ""label"" :  ""A20""  }, 
  {  ""level"" :  ""K26""  ,  ""label"" :  ""K26""  }, 
  {  ""level"" :  ""E42""  ,  ""label"" :  ""E42""  }, 
  {  ""level"" :  ""C03""  ,  ""label"" :  ""C03""  }, 
  {  ""level"" :  ""E0180""  ,  ""label"" :  ""E0180""  }, 
  {  ""level"" :  ""H99""  ,  ""label"" :  ""H99""  }, 
  {  ""level"" :  ""A84""  ,  ""label"" :  ""A84""  }, 
  {  ""level"" :  ""N0361""  ,  ""label"" :  ""N0361""  }, 
  {  ""level"" :  ""E1121""  ,  ""label"" :  ""E1121""  }, 
  {  ""level"" :  ""B11""  ,  ""label"" :  ""B11""  }, 
  {  ""level"" :  ""T99""  ,  ""label"" :  ""T99""  }, 
  {  ""level"" :  ""A03""  ,  ""label"" :  ""A03""  }, 
  {  ""level"" :  ""A6B""  ,  ""label"" :  ""A6B""  }, 
  {  ""level"" :  ""W22""  ,  ""label"" :  ""W22""  }, 
  {  ""level"" :  ""A65""  ,  ""label"" :  ""A65""  }, 
  {  ""level"" :  ""G80""  ,  ""label"" :  ""G80""  }, 
  {  ""level"" :  ""L21""  ,  ""label"" :  ""L21""  }, 
  {  ""level"" :  ""X20""  ,  ""label"" :  ""X20""  }, 
  {  ""level"" :  ""A68""  ,  ""label"" :  ""A68""  }, 
  {  ""level"" :  ""N32""  ,  ""label"" :  ""N32""  }, 
  {  ""level"" :  ""F0322""  ,  ""label"" :  ""F0322""  }, 
  {  ""level"" :  ""Q33""  ,  ""label"" :  ""Q33""  }, 
  {  ""level"" :  ""W70""  ,  ""label"" :  ""W70""  }, 
  {  ""level"" :  ""W24""  ,  ""label"" :  ""W24""  }, 
  {  ""level"" :  ""J99""  ,  ""label"" :  ""J99""  }, 
  {  ""level"" :  ""K05""  ,  ""label"" :  ""K05""  }, 
  {  ""level"" :  ""E22""  ,  ""label"" :  ""E22""  }, 
  {  ""level"" :  ""N70""  ,  ""label"" :  ""N70""  }, 
  {  ""level"" :  ""R67""  ,  ""label"" :  ""R67""  }, 
  {  ""level"" :  ""N80""  ,  ""label"" :  ""N80""  }, 
  {  ""level"" :  ""N99""  ,  ""label"" :  ""N99""  }, 
  {  ""level"" :  ""E0121""  ,  ""label"" :  ""E0121""  }, 
  {  ""level"" :  ""T70""  ,  ""label"" :  ""T70""  }, 
  {  ""level"" :  ""N62""  ,  ""label"" :  ""N62""  }, 
  {  ""level"" :  ""A26""  ,  ""label"" :  ""A26""  }, 
  {  ""level"" :  ""C1260""  ,  ""label"" :  ""C1260""  }, 
  {  ""level"" :  ""W03""  ,  ""label"" :  ""W03""  }, 
  {  ""level"" :  ""B1142""  ,  ""label"" :  ""B1142""  }, 
  {  ""level"" :  ""C36""  ,  ""label"" :  ""C36""  }, 
  {  ""level"" :  ""Y22""  ,  ""label"" :  ""Y22""  }, 
  {  ""level"" :  ""P87""  ,  ""label"" :  ""P87""  }, 
  {  ""level"" :  ""W0322""  ,  ""label"" :  ""W0322""  }, 
  {  ""level"" :  ""E70""  ,  ""label"" :  ""E70""  }, 
  {  ""level"" :  ""B41""  ,  ""label"" :  ""B41""  }, 
  {  ""level"" :  ""K36""  ,  ""label"" :  ""K36""  }, 
  {  ""level"" :  ""A0133""  ,  ""label"" :  ""A0133""  }, 
  {  ""level"" :  ""I30""  ,  ""label"" :  ""I30""  }, 
  {  ""level"" :  ""K0334""  ,  ""label"" :  ""K0334""  }, 
  {  ""level"" :  ""N0331""  ,  ""label"" :  ""N0331""  }, 
  {  ""level"" :  ""C0132""  ,  ""label"" :  ""C0132""  }, 
  {  ""level"" :  ""M99""  ,  ""label"" :  ""M99""  }, 
  {  ""level"" :  ""Q40""  ,  ""label"" :  ""Q40""  }, 
  {  ""level"" :  ""K30""  ,  ""label"" :  ""K30""  }, 
  {  ""level"" :  ""B60""  ,  ""label"" :  ""B60""  }, 
  {  ""level"" :  ""E90""  ,  ""label"" :  ""E90""  }, 
  {  ""level"" :  ""G0190""  ,  ""label"" :  ""G0190""  }, 
  {  ""level"" :  ""C20""  ,  ""label"" :  ""C20""  }, 
  {  ""level"" :  ""C60""  ,  ""label"" :  ""C60""  }, 
  {  ""level"" :  ""C30""  ,  ""label"" :  ""C30""  }, 
  {  ""level"" :  ""O52""  ,  ""label"" :  ""O52""  }, 
  {  ""level"" :  ""F0332""  ,  ""label"" :  ""F0332""  }, 
  {  ""level"" :  ""Q19""  ,  ""label"" :  ""Q19""  }, 
  {  ""level"" :  ""B80""  ,  ""label"" :  ""B80""  }, 
  {  ""level"" :  ""Q21""  ,  ""label"" :  ""Q21""  }, 
  {  ""level"" :  ""B02""  ,  ""label"" :  ""B02""  }, 
  {  ""level"" :  ""G45""  ,  ""label"" :  ""G45""  }, 
  {  ""level"" :  ""Q51""  ,  ""label"" :  ""Q51""  }, 
  {  ""level"" :  ""T31""  ,  ""label"" :  ""T31""  }, 
  {  ""level"" :  ""K0320""  ,  ""label"" :  ""K0320""  }, 
  {  ""level"" :  ""U36""  ,  ""label"" :  ""U36""  }, 
  {  ""level"" :  ""B24""  ,  ""label"" :  ""B24""  }, 
  {  ""level"" :  ""G94""  ,  ""label"" :  ""G94""  }, 
  {  ""level"" :  ""E0320""  ,  ""label"" :  ""E0320""  }, 
  {  ""level"" :  ""E01""  ,  ""label"" :  ""E01""  }, 
  {  ""level"" :  ""I0350""  ,  ""label"" :  ""I0350""  }, 
  {  ""level"" :  ""G43""  ,  ""label"" :  ""G43""  }, 
  {  ""level"" :  ""B8443""  ,  ""label"" :  ""B8443""  }, 
  {  ""level"" :  ""B20""  ,  ""label"" :  ""B20""  }, 
  {  ""level"" :  ""F30""  ,  ""label"" :  ""F30""  }, 
  {  ""level"" :  ""Y34""  ,  ""label"" :  ""Y34""  }, 
  {  ""level"" :  ""C0342""  ,  ""label"" :  ""C0342""  }, 
  {  ""level"" :  ""F0380""  ,  ""label"" :  ""F0380""  }, 
  {  ""level"" :  ""U03""  ,  ""label"" :  ""U03""  }, 
  {  ""level"" :  ""A34""  ,  ""label"" :  ""A34""  }, 
  {  ""level"" :  ""A0161""  ,  ""label"" :  ""A0161""  }, 
  {  ""level"" :  ""I40""  ,  ""label"" :  ""I40""  }, 
  {  ""level"" :  ""J0140""  ,  ""label"" :  ""J0140""  }, 
  {  ""level"" :  ""M0324""  ,  ""label"" :  ""M0324""  }, 
  {  ""level"" :  ""N65""  ,  ""label"" :  ""N65""  }, 
  {  ""level"" :  ""S31""  ,  ""label"" :  ""S31""  }, 
  {  ""level"" :  ""W60""  ,  ""label"" :  ""W60""  }, 
  {  ""level"" :  ""B1242""  ,  ""label"" :  ""B1242""  }, 
  {  ""level"" :  ""E91""  ,  ""label"" :  ""E91""  }, 
  {  ""level"" :  ""P33""  ,  ""label"" :  ""P33""  }, 
  {  ""level"" :  ""N11""  ,  ""label"" :  ""N11""  }, 
  {  ""level"" :  ""C0340""  ,  ""label"" :  ""C0340""  }, 
  {  ""level"" :  ""E1131""  ,  ""label"" :  ""E1131""  }, 
  {  ""level"" :  ""U0342""  ,  ""label"" :  ""U0342""  }, 
  {  ""level"" :  ""C41""  ,  ""label"" :  ""C41""  }, 
  {  ""level"" :  ""R1920""  ,  ""label"" :  ""R1920""  }, 
  {  ""level"" :  ""J1940""  ,  ""label"" :  ""J1940""  }, 
  {  ""level"" :  ""E1122""  ,  ""label"" :  ""E1122""  }, 
  {  ""level"" :  ""T23""  ,  ""label"" :  ""T23""  }, 
  {  ""level"" :  ""W0320""  ,  ""label"" :  ""W0320""  }, 
  {  ""level"" :  ""R24""  ,  ""label"" :  ""R24""  }, 
  {  ""level"" :  ""T11""  ,  ""label"" :  ""T11""  }, 
  {  ""level"" :  ""G0390""  ,  ""label"" :  ""G0390""  }, 
  {  ""level"" :  ""C12""  ,  ""label"" :  ""C12""  }, 
  {  ""level"" :  ""B94""  ,  ""label"" :  ""B94""  }, 
  {  ""level"" :  ""P11""  ,  ""label"" :  ""P11""  }, 
  {  ""level"" :  ""A50""  ,  ""label"" :  ""A50""  }, 
  {  ""level"" :  ""P84""  ,  ""label"" :  ""P84""  }, 
  {  ""level"" :  ""B29""  ,  ""label"" :  ""B29""  }, 
  {  ""level"" :  ""Q30""  ,  ""label"" :  ""Q30""  }, 
  {  ""level"" :  ""N0132""  ,  ""label"" :  ""N0132""  }, 
  {  ""level"" :  ""W50""  ,  ""label"" :  ""W50""  }, 
  {  ""level"" :  ""E0322""  ,  ""label"" :  ""E0322""  }, 
  {  ""level"" :  ""B0340""  ,  ""label"" :  ""B0340""  }, 
  {  ""level"" :  ""G039B""  ,  ""label"" :  ""G039B""  }, 
  {  ""level"" :  ""C27""  ,  ""label"" :  ""C27""  }, 
  {  ""level"" :  ""O0320""  ,  ""label"" :  ""O0320""  }, 
  {  ""level"" :  ""B21""  ,  ""label"" :  ""B21""  }, 
  {  ""level"" :  ""U41""  ,  ""label"" :  ""U41""  }, 
  {  ""level"" :  ""R23""  ,  ""label"" :  ""R23""  }, 
  {  ""level"" :  ""B25""  ,  ""label"" :  ""B25""  }, 
  {  ""level"" :  ""B0394""  ,  ""label"" :  ""B0394""  }, 
  {  ""level"" :  ""E92""  ,  ""label"" :  ""E92""  }, 
  {  ""level"" :  ""W40""  ,  ""label"" :  ""W40""  }, 
  {  ""level"" :  ""F52""  ,  ""label"" :  ""F52""  }, 
  {  ""level"" :  ""P02""  ,  ""label"" :  ""P02""  }, 
  {  ""level"" :  ""R30""  ,  ""label"" :  ""R30""  }, 
  {  ""level"" :  ""D0332""  ,  ""label"" :  ""D0332""  }, 
  {  ""level"" :  ""W0361""  ,  ""label"" :  ""W0361""  }, 
  {  ""level"" :  ""G50""  ,  ""label"" :  ""G50""  }, 
  {  ""level"" :  ""R60""  ,  ""label"" :  ""R60""  }, 
  {  ""level"" :  ""R62""  ,  ""label"" :  ""R62""  }, 
  {  ""level"" :  ""G98""  ,  ""label"" :  ""G98""  }, 
  {  ""level"" :  ""X30""  ,  ""label"" :  ""X30""  }, 
  {  ""level"" :  ""Y0520""  ,  ""label"" :  ""Y0520""  }, 
  {  ""level"" :  ""P70""  ,  ""label"" :  ""P70""  }, 
  {  ""level"" :  ""W0350""  ,  ""label"" :  ""W0350""  }, 
  {  ""level"" :  ""C05""  ,  ""label"" :  ""C05""  }, 
  {  ""level"" :  ""E1921""  ,  ""label"" :  ""E1921""  }, 
  {  ""level"" :  ""F20""  ,  ""label"" :  ""F20""  }, 
  {  ""level"" :  ""A0330""  ,  ""label"" :  ""A0330""  }, 
  {  ""level"" :  ""C42""  ,  ""label"" :  ""C42""  }, 
  {  ""level"" :  ""J0122""  ,  ""label"" :  ""J0122""  }, 
  {  ""level"" :  ""G41""  ,  ""label"" :  ""G41""  }, 
  {  ""level"" :  ""P29""  ,  ""label"" :  ""P29""  }, 
  {  ""level"" :  ""V30""  ,  ""label"" :  ""V30""  }, 
  {  ""level"" :  ""W0520""  ,  ""label"" :  ""W0520""  }, 
  {  ""level"" :  ""E0321""  ,  ""label"" :  ""E0321""  }, 
  {  ""level"" :  ""J30""  ,  ""label"" :  ""J30""  }, 
  {  ""level"" :  ""T12""  ,  ""label"" :  ""T12""  }, 
  {  ""level"" :  ""Q43""  ,  ""label"" :  ""Q43""  }, 
  {  ""level"" :  ""E0390""  ,  ""label"" :  ""E0390""  }, 
  {  ""level"" :  ""P50""  ,  ""label"" :  ""P50""  }, 
  {  ""level"" :  ""K31""  ,  ""label"" :  ""K31""  }, 
  {  ""level"" :  ""W99""  ,  ""label"" :  ""W99""  }, 
  {  ""level"" :  ""P0584""  ,  ""label"" :  ""P0584""  }, 
  {  ""level"" :  ""N0164""  ,  ""label"" :  ""N0164""  }, 
  {  ""level"" :  ""L80""  ,  ""label"" :  ""L80""  }, 
  {  ""level"" :  ""K0330""  ,  ""label"" :  ""K0330""  }, 
  {  ""level"" :  ""K11""  ,  ""label"" :  ""K11""  }, 
  {  ""level"" :  ""J01""  ,  ""label"" :  ""J01""  }, 
  {  ""level"" :  ""P58""  ,  ""label"" :  ""P58""  }, 
  {  ""level"" :  ""I0321""  ,  ""label"" :  ""I0321""  }, 
  {  ""level"" :  ""F01""  ,  ""label"" :  ""F01""  }, 
  {  ""level"" :  ""U0336""  ,  ""label"" :  ""U0336""  }, 
  {  ""level"" :  ""Q0330""  ,  ""label"" :  ""Q0330""  }, 
  {  ""level"" :  ""S50""  ,  ""label"" :  ""S50""  }, 
  {  ""level"" :  ""L02""  ,  ""label"" :  ""L02""  }, 
  {  ""level"" :  ""W0120""  ,  ""label"" :  ""W0120""  }, 
  {  ""level"" :  ""I01""  ,  ""label"" :  ""I01""  }, 
  {  ""level"" :  ""Y0320""  ,  ""label"" :  ""Y0320""  }, 
  {  ""level"" :  ""D01""  ,  ""label"" :  ""D01""  }, 
  {  ""level"" :  ""O01""  ,  ""label"" :  ""O01""  }, 
  {  ""level"" :  ""J12""  ,  ""label"" :  ""J12""  }, 
  {  ""level"" :  ""Q20""  ,  ""label"" :  ""Q20""  }, 
  {  ""level"" :  ""F80""  ,  ""label"" :  ""F80""  }, 
  {  ""level"" :  ""J19""  ,  ""label"" :  ""J19""  }, 
  {  ""level"" :  ""R05""  ,  ""label"" :  ""R05""  }, 
  {  ""level"" :  ""B1130""  ,  ""label"" :  ""B1130""  }, 
  {  ""level"" :  ""W0330""  ,  ""label"" :  ""W0330""  }, 
  {  ""level"" :  ""L01""  ,  ""label"" :  ""L01""  }, 
  {  ""level"" :  ""Q01""  ,  ""label"" :  ""Q01""  }, 
  {  ""level"" :  ""X99""  ,  ""label"" :  ""X99""  }, 
  {  ""level"" :  ""M20""  ,  ""label"" :  ""M20""  }, 
  {  ""level"" :  ""E02""  ,  ""label"" :  ""E02""  }, 
  {  ""level"" :  ""B0341""  ,  ""label"" :  ""B0341""  }, 
  {  ""level"" :  ""R26""  ,  ""label"" :  ""R26""  }, 
  {  ""level"" :  ""C50""  ,  ""label"" :  ""C50""  }, 
  {  ""level"" :  ""W0220""  ,  ""label"" :  ""W0220""  }, 
  {  ""level"" :  ""N0369""  ,  ""label"" :  ""N0369""  }, 
  {  ""level"" :  ""B1983""  ,  ""label"" :  ""B1983""  }, 
  {  ""level"" :  ""P24""  ,  ""label"" :  ""P24""  }, 
  {  ""level"" :  ""B0330""  ,  ""label"" :  ""B0330""  }, 
  {  ""level"" :  ""M1924""  ,  ""label"" :  ""M1924""  }, 
  {  ""level"" :  ""P40""  ,  ""label"" :  ""P40""  }, 
  {  ""level"" :  ""Y1942""  ,  ""label"" :  ""Y1942""  }, 
  {  ""level"" :  ""B1183""  ,  ""label"" :  ""B1183""  }, 
  {  ""level"" :  ""I02""  ,  ""label"" :  ""I02""  }, 
  {  ""level"" :  ""A69""  ,  ""label"" :  ""A69""  }, 
  {  ""level"" :  ""C19""  ,  ""label"" :  ""C19""  }, 
  {  ""level"" :  ""C0332""  ,  ""label"" :  ""C0332""  }, 
  {  ""level"" :  ""S1122""  ,  ""label"" :  ""S1122""  }, 
  {  ""level"" :  ""L0320""  ,  ""label"" :  ""L0320""  }, 
  {  ""level"" :  ""E05""  ,  ""label"" :  ""E05""  }, 
  {  ""level"" :  ""B1120""  ,  ""label"" :  ""B1120""  }, 
  {  ""level"" :  ""L0321""  ,  ""label"" :  ""L0321""  }, 
  {  ""level"" :  ""I83""  ,  ""label"" :  ""I83""  }, 
  {  ""level"" :  ""B0380""  ,  ""label"" :  ""B0380""  }, 
  {  ""level"" :  ""B1143""  ,  ""label"" :  ""B1143""  }, 
  {  ""level"" :  ""M41""  ,  ""label"" :  ""M41""  }, 
  {  ""level"" :  ""D30""  ,  ""label"" :  ""D30""  }, 
  {  ""level"" :  ""W90""  ,  ""label"" :  ""W90""  }, 
  {  ""level"" :  ""G20""  ,  ""label"" :  ""G20""  }, 
  {  ""level"" :  ""G51""  ,  ""label"" :  ""G51""  }, 
  {  ""level"" :  ""S0322""  ,  ""label"" :  ""S0322""  }, 
  {  ""level"" :  ""P74""  ,  ""label"" :  ""P74""  }, 
  {  ""level"" :  ""B42""  ,  ""label"" :  ""B42""  }, 
  {  ""level"" :  ""W0380""  ,  ""label"" :  ""W0380""  }, 
  {  ""level"" :  ""I12""  ,  ""label"" :  ""I12""  }, 
  {  ""level"" :  ""J11""  ,  ""label"" :  ""J11""  }, 
  {  ""level"" :  ""N12""  ,  ""label"" :  ""N12""  }, 
  {  ""level"" :  ""P75""  ,  ""label"" :  ""P75""  }, 
  {  ""level"" :  ""B70""  ,  ""label"" :  ""B70""  }, 
  {  ""level"" :  ""W0161""  ,  ""label"" :  ""W0161""  }, 
  {  ""level"" :  ""P62""  ,  ""label"" :  ""P62""  }, 
  {  ""level"" :  ""D32""  ,  ""label"" :  ""D32""  }, 
  {  ""level"" :  ""X1921""  ,  ""label"" :  ""X1921""  }, 
  {  ""level"" :  ""F33""  ,  ""label"" :  ""F33""  }, 
  {  ""level"" :  ""C0336""  ,  ""label"" :  ""C0336""  }, 
  {  ""level"" :  ""E0120""  ,  ""label"" :  ""E0120""  }, 
  {  ""level"" :  ""S0320""  ,  ""label"" :  ""S0320""  }, 
  {  ""level"" :  ""E1986""  ,  ""label"" :  ""E1986""  }, 
  {  ""level"" :  ""B30""  ,  ""label"" :  ""B30""  }, 
  {  ""level"" :  ""A54""  ,  ""label"" :  ""A54""  }, 
  {  ""level"" :  ""R0124""  ,  ""label"" :  ""R0124""  }, 
  {  ""level"" :  ""B0120""  ,  ""label"" :  ""B0120""  }, 
  {  ""level"" :  ""Y24""  ,  ""label"" :  ""Y24""  }, 
  {  ""level"" :  ""G99""  ,  ""label"" :  ""G99""  }, 
  {  ""level"" :  ""C34""  ,  ""label"" :  ""C34""  }, 
  {  ""level"" :  ""R03""  ,  ""label"" :  ""R03""  }, 
  {  ""level"" :  ""P31""  ,  ""label"" :  ""P31""  }, 
  {  ""level"" :  ""K0120""  ,  ""label"" :  ""K0120""  }, 
  {  ""level"" :  ""G61""  ,  ""label"" :  ""G61""  }, 
  {  ""level"" :  ""U33""  ,  ""label"" :  ""U33""  }, 
  {  ""level"" :  ""L12""  ,  ""label"" :  ""L12""  }, 
  {  ""level"" :  ""X40""  ,  ""label"" :  ""X40""  }, 
  {  ""level"" :  ""E32""  ,  ""label"" :  ""E32""  }, 
  {  ""level"" :  ""M19""  ,  ""label"" :  ""M19""  }, 
  {  ""level"" :  ""Y1150""  ,  ""label"" :  ""Y1150""  }, 
  {  ""level"" :  ""E60""  ,  ""label"" :  ""E60""  }, 
  {  ""level"" :  ""E0220""  ,  ""label"" :  ""E0220""  }, 
  {  ""level"" :  ""W1930""  ,  ""label"" :  ""W1930""  }, 
  {  ""level"" :  ""F0330""  ,  ""label"" :  ""F0330""  }, 
  {  ""level"" :  ""S1920""  ,  ""label"" :  ""S1920""  }, 
  {  ""level"" :  ""E1191""  ,  ""label"" :  ""E1191""  }, 
  {  ""level"" :  ""I51""  ,  ""label"" :  ""I51""  }, 
  {  ""level"" :  ""B1125""  ,  ""label"" :  ""B1125""  }, 
  {  ""level"" :  ""K25""  ,  ""label"" :  ""K25""  }, 
  {  ""level"" :  ""U99""  ,  ""label"" :  ""U99""  }, 
  {  ""level"" :  ""G0350""  ,  ""label"" :  ""G0350""  }, 
  {  ""level"" :  ""K34""  ,  ""label"" :  ""K34""  }, 
  {  ""level"" :  ""O1120""  ,  ""label"" :  ""O1120""  }, 
  {  ""level"" :  ""E1162""  ,  ""label"" :  ""E1162""  }, 
  {  ""level"" :  ""N0160""  ,  ""label"" :  ""N0160""  }, 
  {  ""level"" :  ""W1220""  ,  ""label"" :  ""W1220""  }, 
  {  ""level"" :  ""G92""  ,  ""label"" :  ""G92""  }, 
  {  ""level"" :  ""A02""  ,  ""label"" :  ""A02""  }, 
  {  ""level"" :  ""D0340""  ,  ""label"" :  ""D0340""  }, 
  {  ""level"" :  ""T03""  ,  ""label"" :  ""T03""  }, 
  {  ""level"" :  ""O50""  ,  ""label"" :  ""O50""  }, 
  {  ""level"" :  ""E30Q""  ,  ""label"" :  ""E30Q""  }, 
  {  ""level"" :  ""E0362""  ,  ""label"" :  ""E0362""  }, 
  {  ""level"" :  ""P60""  ,  ""label"" :  ""P60""  }, 
  {  ""level"" :  ""R12""  ,  ""label"" :  ""R12""  }, 
  {  ""level"" :  ""C0135""  ,  ""label"" :  ""C0135""  }, 
  {  ""level"" :  ""L41""  ,  ""label"" :  ""L41""  }, 
  {  ""level"" :  ""Q41""  ,  ""label"" :  ""Q41""  }, 
  {  ""level"" :  ""M01""  ,  ""label"" :  ""M01""  }, 
  {  ""level"" :  ""G0343""  ,  ""label"" :  ""G0343""  }, 
  {  ""level"" :  ""C40""  ,  ""label"" :  ""C40""  }, 
  {  ""level"" :  ""Y11""  ,  ""label"" :  ""Y11""  }, 
  {  ""level"" :  ""D0320""  ,  ""label"" :  ""D0320""  }, 
  {  ""level"" :  ""N30""  ,  ""label"" :  ""N30""  }, 
  {  ""level"" :  ""H01""  ,  ""label"" :  ""H01""  }, 
  {  ""level"" :  ""N0320""  ,  ""label"" :  ""N0320""  }, 
  {  ""level"" :  ""M1124""  ,  ""label"" :  ""M1124""  }, 
  {  ""level"" :  ""W11""  ,  ""label"" :  ""W11""  }, 
  {  ""level"" :  ""N0332""  ,  ""label"" :  ""N0332""  }, 
  {  ""level"" :  ""L25""  ,  ""label"" :  ""L25""  }, 
  {  ""level"" :  ""K0228""  ,  ""label"" :  ""K0228""  }, 
  {  ""level"" :  ""N1132""  ,  ""label"" :  ""N1132""  }, 
  {  ""level"" :  ""R02""  ,  ""label"" :  ""R02""  }, 
  {  ""level"" :  ""Y19""  ,  ""label"" :  ""Y19""  }, 
  {  ""level"" :  ""E50""  ,  ""label"" :  ""E50""  }, 
  {  ""level"" :  ""B90""  ,  ""label"" :  ""B90""  }, 
  {  ""level"" :  ""T40""  ,  ""label"" :  ""T40""  }, 
  {  ""level"" :  ""M0124""  ,  ""label"" :  ""M0124""  }, 
  {  ""level"" :  ""P44""  ,  ""label"" :  ""P44""  }, 
  {  ""level"" :  ""N20""  ,  ""label"" :  ""N20""  }, 
  {  ""level"" :  ""N01""  ,  ""label"" :  ""N01""  }, 
  {  ""level"" :  ""B0324""  ,  ""label"" :  ""B0324""  }, 
  {  ""level"" :  ""A0140""  ,  ""label"" :  ""A0140""  }, 
  {  ""level"" :  ""U12""  ,  ""label"" :  ""U12""  }, 
  {  ""level"" :  ""C0120""  ,  ""label"" :  ""C0120""  }, 
  {  ""level"" :  ""S0121""  ,  ""label"" :  ""S0121""  }, 
  {  ""level"" :  ""E30""  ,  ""label"" :  ""E30""  }, 
  {  ""level"" :  ""M60""  ,  ""label"" :  ""M60""  }, 
  {  ""level"" :  ""O41""  ,  ""label"" :  ""O41""  }, 
  {  ""level"" :  ""Q0120""  ,  ""label"" :  ""Q0120""  }, 
  {  ""level"" :  ""A62""  ,  ""label"" :  ""A62""  }, 
  {  ""level"" :  ""A1965""  ,  ""label"" :  ""A1965""  }, 
  {  ""level"" :  ""K0128""  ,  ""label"" :  ""K0128""  }, 
  {  ""level"" :  ""U0333""  ,  ""label"" :  ""U0333""  }, 
  {  ""level"" :  ""H03""  ,  ""label"" :  ""H03""  }, 
  {  ""level"" :  ""N0180""  ,  ""label"" :  ""N0180""  }, 
  {  ""level"" :  ""M23""  ,  ""label"" :  ""M23""  }, 
  {  ""level"" :  ""I05""  ,  ""label"" :  ""I05""  }, 
  {  ""level"" :  ""R22""  ,  ""label"" :  ""R22""  }, 
  {  ""level"" :  ""S1280""  ,  ""label"" :  ""S1280""  }, 
  {  ""level"" :  ""B1970""  ,  ""label"" :  ""B1970""  }, 
  {  ""level"" :  ""E0231""  ,  ""label"" :  ""E0231""  }, 
  {  ""level"" :  ""Y1940""  ,  ""label"" :  ""Y1940""  }, 
  {  ""level"" :  ""P01""  ,  ""label"" :  ""P01""  }, 
  {  ""level"" :  ""R25""  ,  ""label"" :  ""R25""  }, 
  {  ""level"" :  ""T22""  ,  ""label"" :  ""T22""  }, 
  {  ""level"" :  ""A0340""  ,  ""label"" :  ""A0340""  }, 
  {  ""level"" :  ""I1160""  ,  ""label"" :  ""I1160""  }, 
  {  ""level"" :  ""E1922""  ,  ""label"" :  ""E1922""  }, 
  {  ""level"" :  ""Y02""  ,  ""label"" :  ""Y02""  }, 
  {  ""level"" :  ""K02""  ,  ""label"" :  ""K02""  }, 
  {  ""level"" :  ""Q32""  ,  ""label"" :  ""Q32""  }, 
  {  ""level"" :  ""L19""  ,  ""label"" :  ""L19""  }, 
  {  ""level"" :  ""S0122""  ,  ""label"" :  ""S0122""  }, 
  {  ""level"" :  ""N0363""  ,  ""label"" :  ""N0363""  }, 
  {  ""level"" :  ""A0380""  ,  ""label"" :  ""A0380""  }, 
  {  ""level"" :  ""E0186""  ,  ""label"" :  ""E0186""  }, 
  {  ""level"" :  ""I23""  ,  ""label"" :  ""I23""  }, 
  {  ""level"" :  ""S1922""  ,  ""label"" :  ""S1922""  }, 
  {  ""level"" :  ""G48""  ,  ""label"" :  ""G48""  }, 
  {  ""level"" :  ""L0150""  ,  ""label"" :  ""L0150""  }, 
  {  ""level"" :  ""J05""  ,  ""label"" :  ""J05""  }, 
  {  ""level"" :  ""T0320""  ,  ""label"" :  ""T0320""  }, 
  {  ""level"" :  ""I0270""  ,  ""label"" :  ""I0270""  }, 
  {  ""level"" :  ""J1140""  ,  ""label"" :  ""J1140""  }, 
  {  ""level"" :  ""T30""  ,  ""label"" :  ""T30""  }, 
  {  ""level"" :  ""U0341""  ,  ""label"" :  ""U0341""  }, 
  {  ""level"" :  ""S32""  ,  ""label"" :  ""S32""  }, 
  {  ""level"" :  ""N0365""  ,  ""label"" :  ""N0365""  }, 
  {  ""level"" :  ""T50""  ,  ""label"" :  ""T50""  }, 
  {  ""level"" :  ""I43""  ,  ""label"" :  ""I43""  }, 
  {  ""level"" :  ""A1140""  ,  ""label"" :  ""A1140""  }, 
  {  ""level"" :  ""U0130""  ,  ""label"" :  ""U0130""  }, 
  {  ""level"" :  ""Y33""  ,  ""label"" :  ""Y33""  }, 
  {  ""level"" :  ""F0120""  ,  ""label"" :  ""F0120""  }, 
  {  ""level"" :  ""W1230""  ,  ""label"" :  ""W1230""  }, 
  {  ""level"" :  ""U0340""  ,  ""label"" :  ""U0340""  }, 
  {  ""level"" :  ""I0331""  ,  ""label"" :  ""I0331""  }, 
  {  ""level"" :  ""E1970""  ,  ""label"" :  ""E1970""  }, 
  {  ""level"" :  ""D0360""  ,  ""label"" :  ""D0360""  }, 
  {  ""level"" :  ""L0322""  ,  ""label"" :  ""L0322""  }, 
  {  ""level"" :  ""M11""  ,  ""label"" :  ""M11""  }, 
  {  ""level"" :  ""G40""  ,  ""label"" :  ""G40""  }, 
  {  ""level"" :  ""W02""  ,  ""label"" :  ""W02""  }, 
  {  ""level"" :  ""O54""  ,  ""label"" :  ""O54""  }, 
  {  ""level"" :  ""R0362""  ,  ""label"" :  ""R0362""  }, 
  {  ""level"" :  ""E1931""  ,  ""label"" :  ""E1931""  }, 
  {  ""level"" :  ""S0330""  ,  ""label"" :  ""S0330""  }, 
  {  ""level"" :  ""J0340""  ,  ""label"" :  ""J0340""  }, 
  {  ""level"" :  ""E0370""  ,  ""label"" :  ""E0370""  }, 
  {  ""level"" :  ""G0361""  ,  ""label"" :  ""G0361""  }, 
  {  ""level"" :  ""K0326""  ,  ""label"" :  ""K0326""  }, 
  {  ""level"" :  ""E0132""  ,  ""label"" :  ""E0132""  }, 
  {  ""level"" :  ""U0542""  ,  ""label"" :  ""U0542""  }, 
  {  ""level"" :  ""G44""  ,  ""label"" :  ""G44""  }, 
  {  ""level"" :  ""N0367""  ,  ""label"" :  ""N0367""  }, 
  {  ""level"" :  ""I50""  ,  ""label"" :  ""I50""  }, 
  {  ""level"" :  ""N1169""  ,  ""label"" :  ""N1169""  }, 
  {  ""level"" :  ""P30""  ,  ""label"" :  ""P30""  }, 
  {  ""level"" :  ""C0335""  ,  ""label"" :  ""C0335""  }, 
  {  ""level"" :  ""P86""  ,  ""label"" :  ""P86""  }, 
  {  ""level"" :  ""F21""  ,  ""label"" :  ""F21""  }, 
  {  ""level"" :  ""O20""  ,  ""label"" :  ""O20""  }, 
  {  ""level"" :  ""B0390""  ,  ""label"" :  ""B0390""  }, 
  {  ""level"" :  ""V03""  ,  ""label"" :  ""V03""  }, 
  {  ""level"" :  ""W0180""  ,  ""label"" :  ""W0180""  }, 
  {  ""level"" :  ""P1175""  ,  ""label"" :  ""P1175""  }, 
  {  ""level"" :  ""P42""  ,  ""label"" :  ""P42""  }, 
  {  ""level"" :  ""E0331""  ,  ""label"" :  ""E0331""  }, 
  {  ""level"" :  ""C0360""  ,  ""label"" :  ""C0360""  }, 
  {  ""level"" :  ""K0328""  ,  ""label"" :  ""K0328""  }, 
  {  ""level"" :  ""U0142""  ,  ""label"" :  ""U0142""  }, 
  {  ""level"" :  ""C0330""  ,  ""label"" :  ""C0330""  }, 
  {  ""level"" :  ""P52""  ,  ""label"" :  ""P52""  }, 
  {  ""level"" :  ""V22""  ,  ""label"" :  ""V22""  }, 
  {  ""level"" :  ""W1922""  ,  ""label"" :  ""W1922""  }, 
  {  ""level"" :  ""I0120""  ,  ""label"" :  ""I0120""  }, 
  {  ""level"" :  ""R11""  ,  ""label"" :  ""R11""  }, 
  {  ""level"" :  ""F99""  ,  ""label"" :  ""F99""  }, 
  {  ""level"" :  ""O21""  ,  ""label"" :  ""O21""  }, 
  {  ""level"" :  ""W19""  ,  ""label"" :  ""W19""  }, 
  {  ""level"" :  ""S12""  ,  ""label"" :  ""S12""  }, 
  {  ""level"" :  ""E0131""  ,  ""label"" :  ""E0131""  }, 
  {  ""level"" :  ""I21""  ,  ""label"" :  ""I21""  }, 
  {  ""level"" :  ""B0220""  ,  ""label"" :  ""B0220""  }, 
  {  ""level"" :  ""I72""  ,  ""label"" :  ""I72""  }, 
  {  ""level"" :  ""X90""  ,  ""label"" :  ""X90""  }, 
  {  ""level"" :  ""N1160""  ,  ""label"" :  ""N1160""  }, 
  {  ""level"" :  ""Q02""  ,  ""label"" :  ""Q02""  }, 
  {  ""level"" :  ""B8043""  ,  ""label"" :  ""B8043""  }, 
  {  ""level"" :  ""H92""  ,  ""label"" :  ""H92""  }, 
  {  ""level"" :  ""J21""  ,  ""label"" :  ""J21""  }, 
  {  ""level"" :  ""B8343""  ,  ""label"" :  ""B8343""  }, 
  {  ""level"" :  ""L24""  ,  ""label"" :  ""L24""  }, 
  {  ""level"" :  ""O22""  ,  ""label"" :  ""O22""  }, 
  {  ""level"" :  ""D99""  ,  ""label"" :  ""D99""  }, 
  {  ""level"" :  ""C1141""  ,  ""label"" :  ""C1141""  }, 
  {  ""level"" :  ""B0540""  ,  ""label"" :  ""B0540""  }, 
  {  ""level"" :  ""P05""  ,  ""label"" :  ""P05""  }, 
  {  ""level"" :  ""G01""  ,  ""label"" :  ""G01""  }, 
  {  ""level"" :  ""X1920""  ,  ""label"" :  ""X1920""  }, 
  {  ""level"" :  ""B0283""  ,  ""label"" :  ""B0283""  }, 
  {  ""level"" :  ""A25""  ,  ""label"" :  ""A25""  }, 
  {  ""level"" :  ""E12""  ,  ""label"" :  ""E12""  }, 
  {  ""level"" :  ""N0350""  ,  ""label"" :  ""N0350""  }, 
  {  ""level"" :  ""I0550""  ,  ""label"" :  ""I0550""  }, 
  {  ""level"" :  ""E0122""  ,  ""label"" :  ""E0122""  }, 
  {  ""level"" :  ""I1130""  ,  ""label"" :  ""I1130""  }, 
  {  ""level"" :  ""B1170""  ,  ""label"" :  ""B1170""  }, 
  {  ""level"" :  ""K01""  ,  ""label"" :  ""K01""  }, 
  {  ""level"" :  ""O40""  ,  ""label"" :  ""O40""  }, 
  {  ""level"" :  ""B43""  ,  ""label"" :  ""B43""  }, 
  {  ""level"" :  ""O42""  ,  ""label"" :  ""O42""  }, 
  {  ""level"" :  ""B05""  ,  ""label"" :  ""B05""  }, 
  {  ""level"" :  ""G12""  ,  ""label"" :  ""G12""  }, 
  {  ""level"" :  ""U01""  ,  ""label"" :  ""U01""  }, 
  {  ""level"" :  ""W0122""  ,  ""label"" :  ""W0122""  }, 
  {  ""level"" :  ""Q12""  ,  ""label"" :  ""Q12""  }, 
  {  ""level"" :  ""O05""  ,  ""label"" :  ""O05""  }, 
  {  ""level"" :  ""E19""  ,  ""label"" :  ""E19""  }, 
  {  ""level"" :  ""A0360""  ,  ""label"" :  ""A0360""  }, 
  {  ""level"" :  ""A0134""  ,  ""label"" :  ""A0134""  }, 
  {  ""level"" :  ""C11""  ,  ""label"" :  ""C11""  }, 
  {  ""level"" :  ""E1180""  ,  ""label"" :  ""E1180""  }, 
  {  ""level"" :  ""A0130""  ,  ""label"" :  ""A0130""  }, 
  {  ""level"" :  ""I19""  ,  ""label"" :  ""I19""  }, 
  {  ""level"" :  ""X03""  ,  ""label"" :  ""X03""  }, 
  {  ""level"" :  ""A11""  ,  ""label"" :  ""A11""  }, 
  {  ""level"" :  ""I0160""  ,  ""label"" :  ""I0160""  }, 
  {  ""level"" :  ""G0342""  ,  ""label"" :  ""G0342""  }, 
  {  ""level"" :  ""A6C""  ,  ""label"" :  ""A6C""  }, 
  {  ""level"" :  ""E1920""  ,  ""label"" :  ""E1920""  }, 
  {  ""level"" :  ""W0124""  ,  ""label"" :  ""W0124""  }, 
  {  ""level"" :  ""E0391""  ,  ""label"" :  ""E0391""  }, 
  {  ""level"" :  ""R0161""  ,  ""label"" :  ""R0161""  }, 
  {  ""level"" :  ""B1984""  ,  ""label"" :  ""B1984""  }, 
  {  ""level"" :  ""U21""  ,  ""label"" :  ""U21""  }, 
  {  ""level"" :  ""N0161""  ,  ""label"" :  ""N0161""  }, 
  {  ""level"" :  ""R0162""  ,  ""label"" :  ""R0162""  }, 
  {  ""level"" :  ""H30""  ,  ""label"" :  ""H30""  }, 
  {  ""level"" :  ""P32""  ,  ""label"" :  ""P32""  }, 
  {  ""level"" :  ""P12""  ,  ""label"" :  ""P12""  }, 
  {  ""level"" :  ""A0132""  ,  ""label"" :  ""A0132""  }, 
  {  ""level"" :  ""M1240""  ,  ""label"" :  ""M1240""  }, 
  {  ""level"" :  ""S472""  ,  ""label"" :  ""S472""  }, 
  {  ""level"" :  ""N0163""  ,  ""label"" :  ""N0163""  }, 
  {  ""level"" :  ""L82""  ,  ""label"" :  ""L82""  }, 
  {  ""level"" :  ""D11""  ,  ""label"" :  ""D11""  }, 
  {  ""level"" :  ""O03""  ,  ""label"" :  ""O03""  }, 
  {  ""level"" :  ""L1950""  ,  ""label"" :  ""L1950""  }, 
  {  ""level"" :  ""A24""  ,  ""label"" :  ""A24""  }, 
  {  ""level"" :  ""J1122""  ,  ""label"" :  ""J1122""  }, 
  {  ""level"" :  ""C0130""  ,  ""label"" :  ""C0130""  }, 
  {  ""level"" :  ""Y12""  ,  ""label"" :  ""Y12""  }, 
  {  ""level"" :  ""B1220""  ,  ""label"" :  ""B1220""  }
]","J40 ;; 
S41 ;; 
K28 ;; 
N61 ;; 
S47","character","as.factor","factor","factor",5,NA,"[ 
  {  ""STAT"" :  ""Rows""  ,  ""VAL"" :  ""25,000""  ,  ""PER"" :  """"  }, 
  {  ""STAT"" :  ""Distinct""  ,  ""VAL"" :  ""654""  ,  ""PER"" :  ""(2.6%)""  }, 
  {  ""STAT"" :  ""Missing/NA""  ,  ""VAL"" :  ""1,497""  ,  ""PER"" :  ""(6.0%)""  }, 
  {  ""STAT"" :  ""Most Common""  ,  ""VAL"" :  ""S41""  ,  ""PER"" :  ""(7.8%)""  }
]","S41 ;; J40 ;; W30 ;; S80 ;; N50 ;; M24 ;; B83 ;; W80 ;; N60 ;; Y42 ;; Y50 ;; Y41 ;; K28 ;; S20 ;; Y43 ;; S47 ;; B03 ;; L50 ;; W61 ;; N61 ;; Y40 ;; S03 ;; Y20 ;; S30 ;; S01 ;; S40 ;; G90 ;; I03 ;; I0360 ;; N52 ;; S99 ;; A23 ;; S22 ;; N67 ;; N6A ;; E11 ;; N68 ;; K20 ;; N69 ;; L99 ;; S46 ;; N32 ;; U42 ;; S21 ;; W20 ;; T20 ;; J22 ;; C32 ;; S81 ;; E03 ;; A40 ;; Q99 ;; N66 ;; L22 ;; D60 ;; L20 ;; B99","[ 
  {  ""Value"" :  ""S41""  ,  ""Frequency"" :  1947  }, 
  {  ""Value"" :  ""J40""  ,  ""Frequency"" :  1815  }, 
  {  ""Value"" :  ""W30""  ,  ""Frequency"" :  1582  }, 
  {  ""Value"" :  ""S80""  ,  ""Frequency"" :  1515  }, 
  {  ""Value"" :  ""N50""  ,  ""Frequency"" :  1088  }, 
  {  ""Value"" :  ""M24""  ,  ""Frequency"" :  810  }, 
  {  ""Value"" :  ""B83""  ,  ""Frequency"" :  771  }, 
  {  ""Value"" :  ""W80""  ,  ""Frequency"" :  681  }, 
  {  ""Value"" :  ""N60""  ,  ""Frequency"" :  600  }, 
  {  ""Value"" :  ""Y42""  ,  ""Frequency"" :  514  }, 
  {  ""Value"" :  ""Y50""  ,  ""Frequency"" :  484  }, 
  {  ""Value"" :  ""Y41""  ,  ""Frequency"" :  453  }, 
  {  ""Value"" :  ""K28""  ,  ""Frequency"" :  374  }, 
  {  ""Value"" :  ""S20""  ,  ""Frequency"" :  371  }, 
  {  ""Value"" :  ""Y43""  ,  ""Frequency"" :  355  }, 
  {  ""Value"" :  ""S47""  ,  ""Frequency"" :  347  }, 
  {  ""Value"" :  ""B03""  ,  ""Frequency"" :  346  }, 
  {  ""Value"" :  ""L50""  ,  ""Frequency"" :  328  }, 
  {  ""Value"" :  ""W61""  ,  ""Frequency"" :  270  }, 
  {  ""Value"" :  ""N61""  ,  ""Frequency"" :  269  }, 
  {  ""Value"" :  ""Y40""  ,  ""Frequency"" :  265  }, 
  {  ""Value"" :  ""S03""  ,  ""Frequency"" :  236  }, 
  {  ""Value"" :  ""Y20""  ,  ""Frequency"" :  236  }, 
  {  ""Value"" :  ""S30""  ,  ""Frequency"" :  214  }, 
  {  ""Value"" :  ""S01""  ,  ""Frequency"" :  201  }, 
  {  ""Value"" :  ""S40""  ,  ""Frequency"" :  185  }, 
  {  ""Value"" :  ""G90""  ,  ""Frequency"" :  173  }, 
  {  ""Value"" :  ""I03""  ,  ""Frequency"" :  172  }, 
  {  ""Value"" :  ""I0360""  ,  ""Frequency"" :  166  }, 
  {  ""Value"" :  ""N52""  ,  ""Frequency"" :  146  }, 
  {  ""Value"" :  ""S99""  ,  ""Frequency"" :  142  }, 
  {  ""Value"" :  ""A23""  ,  ""Frequency"" :  138  }, 
  {  ""Value"" :  ""S22""  ,  ""Frequency"" :  133  }, 
  {  ""Value"" :  ""N67""  ,  ""Frequency"" :  129  }, 
  {  ""Value"" :  ""N6A""  ,  ""Frequency"" :  124  }, 
  {  ""Value"" :  ""E11""  ,  ""Frequency"" :  100  }, 
  {  ""Value"" :  ""N68""  ,  ""Frequency"" :  98  }, 
  {  ""Value"" :  ""K20""  ,  ""Frequency"" :  93  }, 
  {  ""Value"" :  ""N69""  ,  ""Frequency"" :  92  }, 
  {  ""Value"" :  ""L99""  ,  ""Frequency"" :  89  }, 
  {  ""Value"" :  ""S46""  ,  ""Frequency"" :  89  }, 
  {  ""Value"" :  ""N32""  ,  ""Frequency"" :  78  }, 
  {  ""Value"" :  ""U42""  ,  ""Frequency"" :  77  }, 
  {  ""Value"" :  ""S21""  ,  ""Frequency"" :  74  }, 
  {  ""Value"" :  ""W20""  ,  ""Frequency"" :  72  }, 
  {  ""Value"" :  ""T20""  ,  ""Frequency"" :  70  }, 
  {  ""Value"" :  ""J22""  ,  ""Frequency"" :  68  }, 
  {  ""Value"" :  ""C32""  ,  ""Frequency"" :  65  }, 
  {  ""Value"" :  ""S81""  ,  ""Frequency"" :  64  }, 
  {  ""Value"" :  ""E03""  ,  ""Frequency"" :  64  }
]","[ 
  {  ""x"" :  ""S41""  ,  ""Freq"" :  1947  }, 
  {  ""x"" :  ""J40""  ,  ""Freq"" :  1815  }, 
  {  ""x"" :  ""W30""  ,  ""Freq"" :  1582  }, 
  {  ""x"" :  ""S80""  ,  ""Freq"" :  1515  }, 
  {  ""x"" :  ""N50""  ,  ""Freq"" :  1088  }, 
  {  ""x"" :  ""M24""  ,  ""Freq"" :  810  }, 
  {  ""x"" :  ""B83""  ,  ""Freq"" :  771  }, 
  {  ""x"" :  ""W80""  ,  ""Freq"" :  681  }, 
  {  ""x"" :  ""N60""  ,  ""Freq"" :  600  }, 
  {  ""x"" :  ""Y42""  ,  ""Freq"" :  514  }, 
  {  ""x"" :  ""Y50""  ,  ""Freq"" :  484  }, 
  {  ""x"" :  ""other""  ,  ""Freq"" :  11696  }
]","b2384dea5cf76a616f69c0c470850d63","",""
"NTEESRC","NTEESRC",NA,"","","",FALSE,"[ 
  {  ""level"" :  ""ACT1""  ,  ""label"" :  ""ACT1""  }, 
  {  ""level"" :  ""BEST""  ,  ""label"" :  ""BEST""  }, 
  {  ""level"" :  ""END2""  ,  ""label"" :  ""END2""  }, 
  {  ""level"" :  ""HIED""  ,  ""label"" :  ""HIED""  }, 
  {  ""level"" :  ""IRS""  ,  ""label"" :  ""IRS""  }, 
  {  ""level"" :  ""NEW""  ,  ""label"" :  ""NEW""  }, 
  {  ""level"" :  ""ntCO""  ,  ""label"" :  ""ntCO""  }, 
  {  ""level"" :  ""SOI""  ,  ""label"" :  ""SOI""  }, 
  {  ""level"" :  ""SUB""  ,  ""label"" :  ""SUB""  }, 
  {  ""level"" :  ""SUB2""  ,  ""label"" :  ""SUB2""  }, 
  {  ""level"" :  ""SUB3""  ,  ""label"" :  ""SUB3""  }, 
  {  ""level"" :  ""thp""  ,  ""label"" :  ""thp""  }, 
  {  ""level"" :  ""VER""  ,  ""label"" :  ""VER""  }, 
  {  ""level"" :  ""WORD""  ,  ""label"" :  ""WORD""  }, 
  {  ""level"" :  ""ZZ""  ,  ""label"" :  ""ZZ""  }
]","NEW ;; 
BEST ;; 
IRS ;; 
WORD ;; 
ZZ","character",NA,"factor","factor",4,NA,"[ 
  {  ""STAT"" :  ""Rows""  ,  ""VAL"" :  ""25,000""  ,  ""PER"" :  """"  }, 
  {  ""STAT"" :  ""Distinct""  ,  ""VAL"" :  ""16""  ,  ""PER"" :  ""(0.1%)""  }, 
  {  ""STAT"" :  ""Missing/NA""  ,  ""VAL"" :  ""1,378""  ,  ""PER"" :  ""(5.5%)""  }, 
  {  ""STAT"" :  ""Most Common""  ,  ""VAL"" :  ""BEST""  ,  ""PER"" :  ""(49.6%)""  }
]","BEST ;; WORD ;; NEW ;; IRS ;; SOI ;; ZZ ;; SUB ;; SUB2 ;; SUB3 ;; ACT1 ;; VER ;; ntCO ;; HIED ;; END2 ;; thp","[ 
  {  ""Value"" :  ""BEST""  ,  ""Frequency"" :  12410  }, 
  {  ""Value"" :  ""WORD""  ,  ""Frequency"" :  4000  }, 
  {  ""Value"" :  ""NEW""  ,  ""Frequency"" :  2621  }, 
  {  ""Value"" :  ""IRS""  ,  ""Frequency"" :  2540  }, 
  {  ""Value"" :  ""SOI""  ,  ""Frequency"" :  855  }, 
  {  ""Value"" :  ""ZZ""  ,  ""Frequency"" :  454  }, 
  {  ""Value"" :  ""SUB""  ,  ""Frequency"" :  306  }, 
  {  ""Value"" :  ""SUB2""  ,  ""Frequency"" :  140  }, 
  {  ""Value"" :  ""SUB3""  ,  ""Frequency"" :  86  }, 
  {  ""Value"" :  ""ACT1""  ,  ""Frequency"" :  84  }, 
  {  ""Value"" :  ""VER""  ,  ""Frequency"" :  48  }, 
  {  ""Value"" :  ""ntCO""  ,  ""Frequency"" :  46  }, 
  {  ""Value"" :  ""HIED""  ,  ""Frequency"" :  19  }, 
  {  ""Value"" :  ""END2""  ,  ""Frequency"" :  11  }, 
  {  ""Value"" :  ""thp""  ,  ""Frequency"" :  2  }
]","[ 
  {  ""x"" :  ""BEST""  ,  ""Freq"" :  12410  }, 
  {  ""x"" :  ""WORD""  ,  ""Freq"" :  4000  }, 
  {  ""x"" :  ""NEW""  ,  ""Freq"" :  2621  }, 
  {  ""x"" :  ""IRS""  ,  ""Freq"" :  2540  }, 
  {  ""x"" :  ""SOI""  ,  ""Freq"" :  855  }, 
  {  ""x"" :  ""other""  ,  ""Freq"" :  1196  }
]","32332a74c73a19d148592c2e9a853b0f","",""
"DEDUCTCD","DEDUCTCD","IRS Deductibility code","","","",FALSE,"[ 
  {  ""level"" :  ""0""  ,  ""label"" :  ""0""  }, 
  {  ""level"" :  ""1""  ,  ""label"" :  ""1""  }, 
  {  ""level"" :  ""2""  ,  ""label"" :  ""2""  }, 
  {  ""level"" :  ""4""  ,  ""label"" :  ""4""  }
]","2 ;; 
1 ;; 
0 ;; 
4","numeric",NA,"factor","factor",1,NA,"[ 
  {  ""STAT"" :  ""Rows""  ,  ""VAL"" :  ""25,000""  ,  ""PER"" :  """"  }, 
  {  ""STAT"" :  ""Distinct""  ,  ""VAL"" :  ""5""  ,  ""PER"" :  ""(0.0%)""  }, 
  {  ""STAT"" :  ""Missing/NA""  ,  ""VAL"" :  ""1,887""  ,  ""PER"" :  ""(7.5%)""  }, 
  {  ""STAT"" :  ""Most Common""  ,  ""VAL"" :  ""2""  ,  ""PER"" :  ""(74.0%)""  }
]","2 ;; 1 ;; 0 ;; 4","[ 
  {  ""Value"" :  ""2""  ,  ""Frequency"" :  18494  }, 
  {  ""Value"" :  ""1""  ,  ""Frequency"" :  3932  }, 
  {  ""Value"" :  ""0""  ,  ""Frequency"" :  685  }, 
  {  ""Value"" :  ""4""  ,  ""Frequency"" :  2  }
]","[ 
  {  ""x"" :  ""2""  ,  ""Freq"" :  18494  }, 
  {  ""x"" :  ""1""  ,  ""Freq"" :  3932  }, 
  {  ""x"" :  ""0""  ,  ""Freq"" :  685  }, 
  {  ""x"" :  ""other""  ,  ""Freq"" :  2  }
]","3090ed2798b253515d5dbda22454f646","",""
"OUTREAS","OUTREAS","Reason why out of scope","","","",FALSE,"[ 
  {  ""level"" :  ""F""  ,  ""label"" :  ""F""  }, 
  {  ""level"" :  ""N""  ,  ""label"" :  ""N""  }, 
  {  ""level"" :  ""S""  ,  ""label"" :  ""S""  }, 
  {  ""level"" :  ""T""  ,  ""label"" :  ""T""  }
]","S ;; 
F ;; 
T ;; 
N","character","as.factor","factor","factor",1,NA,"[ 
  {  ""STAT"" :  ""Rows""  ,  ""VAL"" :  ""25,000""  ,  ""PER"" :  """"  }, 
  {  ""STAT"" :  ""Distinct""  ,  ""VAL"" :  ""5""  ,  ""PER"" :  ""(0.0%)""  }, 
  {  ""STAT"" :  ""Missing/NA""  ,  ""VAL"" :  ""24,961""  ,  ""PER"" :  ""(99.8%)""  }, 
  {  ""STAT"" :  ""Most Common""  ,  ""VAL"" :  ""T""  ,  ""PER"" :  ""(0.1%)""  }
]","T ;; F ;; S ;; N","[ 
  {  ""Value"" :  ""T""  ,  ""Frequency"" :  15  }, 
  {  ""Value"" :  ""F""  ,  ""Frequency"" :  12  }, 
  {  ""Value"" :  ""S""  ,  ""Frequency"" :  11  }, 
  {  ""Value"" :  ""N""  ,  ""Frequency"" :  1  }
]","[ 
  {  ""x"" :  ""T""  ,  ""Freq"" :  15  }, 
  {  ""x"" :  ""F""  ,  ""Freq"" :  12  }, 
  {  ""x"" :  ""S""  ,  ""Freq"" :  11  }, 
  {  ""x"" :  ""N""  ,  ""Freq"" :  1  }, 
  {  ""x"" :  ""other""  ,  ""Freq"" :  0  }
]","df8f9376a47dc8108ed65257ca6d78e4","",""
"F9_05_UBIZ_IMCOME_OVER_LIMIT_X","F9_05_UBIZ_IMCOME_OVER_LIMIT_X","Had unrelated business gross income of $1,000 or more [x]","","","",FALSE,"[ 
  {  ""level"" :  ""N""  ,  ""label"" :  ""N""  }, 
  {  ""level"" :  ""Y""  ,  ""label"" :  ""Y""  }
]","N ;; 
Y","character","as.factor","factor","logical",1,NA,"[ 
  {  ""STAT"" :  ""Rows""  ,  ""VAL"" :  ""25,000""  ,  ""PER"" :  """"  }, 
  {  ""STAT"" :  ""Distinct""  ,  ""VAL"" :  ""2""  ,  ""PER"" :  ""(0.0%)""  }, 
  {  ""STAT"" :  ""Most Common""  ,  ""VAL"" :  ""N""  ,  ""PER"" :  ""(86.2%)""  }
]","N ;; Y","[ 
  {  ""Value"" :  ""N""  ,  ""Frequency"" :  21550  }, 
  {  ""Value"" :  ""Y""  ,  ""Frequency"" :  3450  }
]","[ 
  {  ""f"" :  ""N""  ,  ""Freq"" :  21550  }, 
  {  ""f"" :  ""Y""  ,  ""Freq"" :  3450  }
]","00dcadf8e089921fed0b41ac50326cf7","",""
"OUTNCCS","OUTNCCS","Out of Scope flag","","","",FALSE,"[ 
  {  ""level"" :  ""IN""  ,  ""label"" :  ""IN""  }, 
  {  ""level"" :  ""OUT""  ,  ""label"" :  ""OUT""  }
]","IN ;; 
OUT","character","as.factor","factor","logical",3,NA,"[ 
  {  ""STAT"" :  ""Rows""  ,  ""VAL"" :  ""25,000""  ,  ""PER"" :  """"  }, 
  {  ""STAT"" :  ""Distinct""  ,  ""VAL"" :  ""3""  ,  ""PER"" :  ""(0.0%)""  }, 
  {  ""STAT"" :  ""Missing/NA""  ,  ""VAL"" :  ""2,361""  ,  ""PER"" :  ""(9.4%)""  }, 
  {  ""STAT"" :  ""Most Common""  ,  ""VAL"" :  ""IN""  ,  ""PER"" :  ""(90.4%)""  }
]","IN ;; OUT","[ 
  {  ""Value"" :  ""IN""  ,  ""Frequency"" :  22600  }, 
  {  ""Value"" :  ""NA""  ,  ""Frequency"" :  2361  }, 
  {  ""Value"" :  ""OUT""  ,  ""Frequency"" :  39  }
]","[ 
  {  ""f"" :  ""IN""  ,  ""Freq"" :  22600  }, 
  {  ""f"" :  ""NA""  ,  ""Freq"" :  2361  }, 
  {  ""f"" :  ""OUT""  ,  ""Freq"" :  39  }
]","5336c64575243bfeeacea9749cd0e6d8","",""
"COUNTY_FIPS","COUNTY_FIPS","State + County FIPS code","","","",FALSE,"","36081 ;; 
51087 ;; 
48343 ;; 
51630 ;; 
36001","numeric",NA,"numeric","numeric",5,NA,"[ 
  {  ""STAT"" :  ""Rows""  ,  ""VAL"" :  ""25,000""  ,  ""PER"" :  """"  }, 
  {  ""STAT"" :  ""Distinct""  ,  ""VAL"" :  ""2,411""  ,  ""PER"" :  ""(9.6%)""  }, 
  {  ""STAT"" :  ""Missing/NA""  ,  ""VAL"" :  ""2,389""  ,  ""PER"" :  ""(9.6%)""  }, 
  {  ""STAT"" :  ""Most Common""  ,  ""VAL"" :  ""6,037""  ,  ""PER"" :  ""(1.6%)""  }, 
  {  ""STAT"" :  ""Skew""  ,  ""VAL"" :  ""LOW""  ,  ""PER"" :  """"  }, 
  {  ""STAT"" :  ""Kurtosis""  ,  ""VAL"" :  ""MED""  ,  ""PER"" :  """"  }
]","6037 ;; 17031 ;; 11001 ;; 36061 ;; 48201 ;; 53033 ;; 6067 ;; 42003 ;; 39049 ;; 6073 ;; 6059 ;; 25017 ;; 4013 ;; 27053 ;; 48113 ;; 36103 ;; 18097 ;; 48453 ;; 39035 ;; 36059 ;; 6085 ;; 6001 ;; 25025 ;; 51059 ;; 9003 ;; 36119 ;; 13121 ;; 26163 ;; 19153 ;; 26125 ;; 6075 ;; 9001 ;; 48439 ;; 42101 ;; 9009 ;; 17043 ;; 36029 ;; 37183 ;; 25021 ;; 15003 ;; 25009 ;; 34003 ;; 44007 ;; 6013 ;; 25027 ;; 29189","[ 
  {  ""STAT"" :  ""Minimum""  ,  ""VAL"" :  ""1,001""  }, 
  {  ""STAT"" :  ""Q - 05""  ,  ""VAL"" :  ""6,019""  }, 
  {  ""STAT"" :  ""Q - 25""  ,  ""VAL"" :  ""17,027""  }, 
  {  ""STAT"" :  ""Median""  ,  ""VAL"" :  ""27,163""  }, 
  {  ""STAT"" :  ""Mean""  ,  ""VAL"" :  ""28,405.45""  }, 
  {  ""STAT"" :  ""Q - 75""  ,  ""VAL"" :  ""41,051""  }, 
  {  ""STAT"" :  ""Q - 95""  ,  ""VAL"" :  ""53,033""  }, 
  {  ""STAT"" :  ""Maximum""  ,  ""VAL"" :  ""78,030""  }, 
  {  ""STAT"" :  ""Skew""  ,  ""VAL"" :  ""-0.01""  }, 
  {  ""STAT"" :  ""Kurtosis""  ,  ""VAL"" :  ""-1.15""  }
]","  { 
    ""breaks""  :  [ 
0, 
    5000, 
    10000, 
    15000, 
    20000, 
    25000, 
    30000, 
    35000, 
    40000, 
    45000, 
    50000, 
    55000, 
    60000, 
    65000, 
    70000, 
    75000
], 
    ""density""  :  [ 
0.0306, 
    0.1335, 
    0.0741, 
    0.1053, 
    0.0644, 
    0.1258, 
    0.0564, 
    0.141, 
    0.084, 
    0.0959, 
    0.065, 
    0.0234, 
    0, 
    0, 
    0.0005
], 
    ""y""  :  [ 
692, 
    3019, 
    1675, 
    2381, 
    1455, 
    2845, 
    1274, 
    3188, 
    1899, 
    2169, 
    1470, 
    529, 
    0, 
    0, 
    12
], 
    ""mids""  :  [ 
2500, 
    7500, 
    12500, 
    17500, 
    22500, 
    27500, 
    32500, 
    37500, 
    42500, 
    47500, 
    52500, 
    57500, 
    62500, 
    67500, 
    72500
], 
    ""mean""  :  [ 
28405.4523
], 
    ""median""  :  [ 
27163
], 
    ""min""  :  [ 
1001
], 
    ""max""  :  [ 
78030
]
  }","247ce7eedae483be8e1ac6cff555c593","",""
"CEO_CENSUSTRACT","CEO_CENSUSTRACT","Census tract","","","",FALSE,"","36081001900 ;; 
51087200301 ;; 
48343950300 ;; 
51630000500 ;; 
36001000300","numeric",NA,"numeric","numeric",11,NA,"[ 
  {  ""STAT"" :  ""Rows""  ,  ""VAL"" :  ""25,000""  ,  ""PER"" :  """"  }, 
  {  ""STAT"" :  ""Distinct""  ,  ""VAL"" :  ""14,265""  ,  ""PER"" :  ""(57.1%)""  }, 
  {  ""STAT"" :  ""Missing/NA""  ,  ""VAL"" :  ""3,110""  ,  ""PER"" :  ""(12.4%)""  }, 
  {  ""STAT"" :  ""Most Common""  ,  ""VAL"" :  ""11,001,010,700""  ,  ""PER"" :  ""(0.3%)""  }, 
  {  ""STAT"" :  ""Skew""  ,  ""VAL"" :  ""LOW""  ,  ""PER"" :  """"  }, 
  {  ""STAT"" :  ""Kurtosis""  ,  ""VAL"" :  ""MED""  ,  ""PER"" :  """"  }
]","11001010700 ;; 48201531700 ;; 6037294421 ;; 11001010100 ;; 11001005800 ;; 17031839100 ;; 6067001101 ;; 6073020809 ;; 48113020300 ;; 11001005900 ;; 18097391000 ;; 4013941000 ;; 51510201900 ;; 6085512100 ;; 36061016100 ;; 42003020100 ;; 48453000102 ;; 48453001100 ;; 6075011700 ;; 11001006202 ;; 39049004000 ;; 17031320100 ;; 42003191100 ;; 1097003707 ;; 6075061500 ;; 22033003501 ;; 28049010500 ;; 350","[ 
  {  ""STAT"" :  ""Minimum""  ,  ""VAL"" :  ""1,001,020,500""  }, 
  {  ""STAT"" :  ""Q - 05""  ,  ""VAL"" :  ""6,029,003,250""  }, 
  {  ""STAT"" :  ""Q - 25""  ,  ""VAL"" :  ""17,031,320,100""  }, 
  {  ""STAT"" :  ""Median""  ,  ""VAL"" :  ""28,012,950,350""  }, 
  {  ""STAT"" :  ""Mean""  ,  ""VAL"" :  ""28,488,147,053""  }, 
  {  ""STAT"" :  ""Q - 75""  ,  ""VAL"" :  ""41,051,008,202""  }, 
  {  ""STAT"" :  ""Q - 95""  ,  ""VAL"" :  ""53,033,008,055""  }, 
  {  ""STAT"" :  ""Maximum""  ,  ""VAL"" :  ""5.6043e+10""  }, 
  {  ""STAT"" :  ""Skew""  ,  ""VAL"" :  ""-0.02""  }, 
  {  ""STAT"" :  ""Kurtosis""  ,  ""VAL"" :  ""-1.17""  }
]","  { 
    ""breaks""  :  [ 
0, 
    2000000000, 
    4000000000, 
    6000000000, 
    8000000000, 
    10000000000, 
    12000000000, 
    14000000000, 
    16000000000, 
    18000000000, 
    20000000000, 
    22000000000, 
    24000000000, 
    26000000000, 
    28000000000, 
    30000000000, 
    32000000000, 
    34000000000, 
    36000000000, 
    38000000000, 
    40000000000, 
    42000000000, 
    44000000000, 
    46000000000, 
    48000000000, 
    50000000000, 
    52000000000, 
    54000000000, 
    56000000000, 
    58000000000
], 
    ""density""  :  [ 
0.0136, 
    0.0051, 
    0.0184, 
    0.0912, 
    0.0332, 
    0.0168, 
    0.057, 
    0.0037, 
    0.0527, 
    0.0489, 
    0.0259, 
    0.0195, 
    0.0506, 
    0.0631, 
    0.0331, 
    0.0148, 
    0.0107, 
    0.036, 
    0.0863, 
    0.0494, 
    0.0237, 
    0.0545, 
    0.0162, 
    0.021, 
    0.0657, 
    0.0319, 
    0.0248, 
    0.0296, 
    0.0029
], 
    ""y""  :  [ 
297, 
    111, 
    402, 
    1996, 
    727, 
    367, 
    1247, 
    81, 
    1153, 
    1070, 
    566, 
    426, 
    1107, 
    1382, 
    724, 
    323, 
    234, 
    789, 
    1890, 
    1082, 
    519, 
    1194, 
    354, 
    459, 
    1439, 
    698, 
    543, 
    647, 
    63
], 
    ""mids""  :  [ 
1000000000, 
    3000000000, 
    5000000000, 
    7000000000, 
    9000000000, 
    11000000000, 
    13000000000, 
    15000000000, 
    17000000000, 
    19000000000, 
    21000000000, 
    23000000000, 
    25000000000, 
    27000000000, 
    29000000000, 
    31000000000, 
    33000000000, 
    35000000000, 
    37000000000, 
    39000000000, 
    41000000000, 
    43000000000, 
    45000000000, 
    47000000000, 
    49000000000, 
    51000000000, 
    53000000000, 
    55000000000, 
    57000000000
], 
    ""mean""  :  [ 
28488147052.6496
], 
    ""median""  :  [ 
28012950350
], 
    ""min""  :  [ 
1001020500
], 
    ""max""  :  [ 
56043000200
]
  }","afbc196795d8aeaf02161da0a2f65571","",""
"F9_00_TAX_PERIOD_END_DATE","F9_00_TAX_PERIOD_END_DATE","Tax period end date","","","",FALSE,"[ 
  {  ""level"" :  ""201701""  ,  ""label"" :  ""201701""  }, 
  {  ""level"" :  ""201702""  ,  ""label"" :  ""201702""  }, 
  {  ""level"" :  ""201703""  ,  ""label"" :  ""201703""  }, 
  {  ""level"" :  ""201704""  ,  ""label"" :  ""201704""  }, 
  {  ""level"" :  ""201705""  ,  ""label"" :  ""201705""  }, 
  {  ""level"" :  ""201706""  ,  ""label"" :  ""201706""  }, 
  {  ""level"" :  ""201707""  ,  ""label"" :  ""201707""  }, 
  {  ""level"" :  ""201708""  ,  ""label"" :  ""201708""  }, 
  {  ""level"" :  ""201709""  ,  ""label"" :  ""201709""  }, 
  {  ""level"" :  ""201710""  ,  ""label"" :  ""201710""  }, 
  {  ""level"" :  ""201711""  ,  ""label"" :  ""201711""  }, 
  {  ""level"" :  ""201712""  ,  ""label"" :  ""201712""  }, 
  {  ""level"" :  ""201801""  ,  ""label"" :  ""201801""  }, 
  {  ""level"" :  ""201802""  ,  ""label"" :  ""201802""  }, 
  {  ""level"" :  ""201803""  ,  ""label"" :  ""201803""  }, 
  {  ""level"" :  ""201804""  ,  ""label"" :  ""201804""  }, 
  {  ""level"" :  ""201805""  ,  ""label"" :  ""201805""  }, 
  {  ""level"" :  ""201806""  ,  ""label"" :  ""201806""  }, 
  {  ""level"" :  ""201807""  ,  ""label"" :  ""201807""  }, 
  {  ""level"" :  ""201808""  ,  ""label"" :  ""201808""  }, 
  {  ""level"" :  ""201809""  ,  ""label"" :  ""201809""  }, 
  {  ""level"" :  ""201810""  ,  ""label"" :  ""201810""  }, 
  {  ""level"" :  ""201811""  ,  ""label"" :  ""201811""  }, 
  {  ""level"" :  ""201812""  ,  ""label"" :  ""201812""  }, 
  {  ""level"" :  ""201901""  ,  ""label"" :  ""201901""  }, 
  {  ""level"" :  ""201902""  ,  ""label"" :  ""201902""  }, 
  {  ""level"" :  ""201903""  ,  ""label"" :  ""201903""  }, 
  {  ""level"" :  ""201904""  ,  ""label"" :  ""201904""  }, 
  {  ""level"" :  ""201905""  ,  ""label"" :  ""201905""  }, 
  {  ""level"" :  ""201906""  ,  ""label"" :  ""201906""  }, 
  {  ""level"" :  ""201907""  ,  ""label"" :  ""201907""  }, 
  {  ""level"" :  ""201908""  ,  ""label"" :  ""201908""  }, 
  {  ""level"" :  ""201909""  ,  ""label"" :  ""201909""  }, 
  {  ""level"" :  ""201910""  ,  ""label"" :  ""201910""  }, 
  {  ""level"" :  ""201911""  ,  ""label"" :  ""201911""  }, 
  {  ""level"" :  ""201912""  ,  ""label"" :  ""201912""  }, 
  {  ""level"" :  ""202001""  ,  ""label"" :  ""202001""  }, 
  {  ""level"" :  ""202002""  ,  ""label"" :  ""202002""  }, 
  {  ""level"" :  ""202003""  ,  ""label"" :  ""202003""  }, 
  {  ""level"" :  ""202004""  ,  ""label"" :  ""202004""  }, 
  {  ""level"" :  ""202005""  ,  ""label"" :  ""202005""  }, 
  {  ""level"" :  ""202006""  ,  ""label"" :  ""202006""  }, 
  {  ""level"" :  ""202007""  ,  ""label"" :  ""202007""  }, 
  {  ""level"" :  ""202008""  ,  ""label"" :  ""202008""  }, 
  {  ""level"" :  ""202009""  ,  ""label"" :  ""202009""  }, 
  {  ""level"" :  ""202010""  ,  ""label"" :  ""202010""  }, 
  {  ""level"" :  ""202011""  ,  ""label"" :  ""202011""  }
]","2019-12 ;; 
2018-12 ;; 
2017-12 ;; 
2019-06 ;; 
2019-05","numeric",NA,"character","factor",7,"as_yyyymm","[ 
  {  ""STAT"" :  ""Rows""  ,  ""VAL"" :  ""25,000""  ,  ""PER"" :  """"  }, 
  {  ""STAT"" :  ""Distinct""  ,  ""VAL"" :  ""47""  ,  ""PER"" :  ""(0.2%)""  }, 
  {  ""STAT"" :  ""Most Common""  ,  ""VAL"" :  ""2019-12""  ,  ""PER"" :  ""(39.5%)""  }
]","2019-12 ;; 2018-12 ;; 2019-06 ;; 2017-12 ;; 2020-06 ;; 2018-06 ;; 2019-09 ;; 2019-08 ;; 2017-06 ;; 2019-03 ;; 2020-03 ;; 2019-05 ;; 2019-04 ;; 2019-10 ;; 2020-05 ;; 2018-09 ;; 2020-04 ;; 2019-07 ;; 2018-05 ;; 2018-08 ;; 2019-11 ;; 2017-09 ;; 2018-03 ;; 2018-04 ;; 2018-10 ;; 2020-07 ;; 2020-08 ;; 2020-09 ;; 2020-01 ;; 2018-07 ;; 2017-05 ;; 2017-08 ;; 2020-02 ;; 2019-02 ;; 2017-04 ;; 2017-10 ;; 2018","[ 
  {  ""Value"" :  ""2019-12""  ,  ""Frequency"" :  9884  }, 
  {  ""Value"" :  ""2018-12""  ,  ""Frequency"" :  3477  }, 
  {  ""Value"" :  ""2019-06""  ,  ""Frequency"" :  2064  }, 
  {  ""Value"" :  ""2017-12""  ,  ""Frequency"" :  1626  }, 
  {  ""Value"" :  ""2020-06""  ,  ""Frequency"" :  1312  }, 
  {  ""Value"" :  ""2018-06""  ,  ""Frequency"" :  840  }, 
  {  ""Value"" :  ""2019-09""  ,  ""Frequency"" :  812  }, 
  {  ""Value"" :  ""2019-08""  ,  ""Frequency"" :  406  }, 
  {  ""Value"" :  ""2017-06""  ,  ""Frequency"" :  362  }, 
  {  ""Value"" :  ""2019-03""  ,  ""Frequency"" :  356  }, 
  {  ""Value"" :  ""2020-03""  ,  ""Frequency"" :  352  }, 
  {  ""Value"" :  ""2019-05""  ,  ""Frequency"" :  326  }, 
  {  ""Value"" :  ""2019-04""  ,  ""Frequency"" :  278  }, 
  {  ""Value"" :  ""2019-10""  ,  ""Frequency"" :  272  }, 
  {  ""Value"" :  ""2020-05""  ,  ""Frequency"" :  252  }, 
  {  ""Value"" :  ""2018-09""  ,  ""Frequency"" :  244  }, 
  {  ""Value"" :  ""2020-04""  ,  ""Frequency"" :  183  }, 
  {  ""Value"" :  ""2019-07""  ,  ""Frequency"" :  161  }, 
  {  ""Value"" :  ""2018-05""  ,  ""Frequency"" :  154  }, 
  {  ""Value"" :  ""2018-08""  ,  ""Frequency"" :  139  }, 
  {  ""Value"" :  ""2019-11""  ,  ""Frequency"" :  123  }, 
  {  ""Value"" :  ""2017-09""  ,  ""Frequency"" :  121  }, 
  {  ""Value"" :  ""2018-03""  ,  ""Frequency"" :  110  }, 
  {  ""Value"" :  ""2018-04""  ,  ""Frequency"" :  102  }, 
  {  ""Value"" :  ""2018-10""  ,  ""Frequency"" :  94  }, 
  {  ""Value"" :  ""2020-07""  ,  ""Frequency"" :  91  }, 
  {  ""Value"" :  ""2020-08""  ,  ""Frequency"" :  79  }, 
  {  ""Value"" :  ""2020-09""  ,  ""Frequency"" :  74  }, 
  {  ""Value"" :  ""2020-01""  ,  ""Frequency"" :  66  }, 
  {  ""Value"" :  ""2018-07""  ,  ""Frequency"" :  65  }, 
  {  ""Value"" :  ""2017-05""  ,  ""Frequency"" :  64  }, 
  {  ""Value"" :  ""2017-08""  ,  ""Frequency"" :  64  }, 
  {  ""Value"" :  ""2020-02""  ,  ""Frequency"" :  59  }, 
  {  ""Value"" :  ""2019-02""  ,  ""Frequency"" :  57  }, 
  {  ""Value"" :  ""2017-04""  ,  ""Frequency"" :  46  }, 
  {  ""Value"" :  ""2017-10""  ,  ""Frequency"" :  46  }, 
  {  ""Value"" :  ""2018-11""  ,  ""Frequency"" :  46  }, 
  {  ""Value"" :  ""2019-01""  ,  ""Frequency"" :  34  }, 
  {  ""Value"" :  ""2017-07""  ,  ""Frequency"" :  32  }, 
  {  ""Value"" :  ""2018-02""  ,  ""Frequency"" :  32  }, 
  {  ""Value"" :  ""2017-03""  ,  ""Frequency"" :  31  }, 
  {  ""Value"" :  ""2017-11""  ,  ""Frequency"" :  25  }, 
  {  ""Value"" :  ""2020-10""  ,  ""Frequency"" :  13  }, 
  {  ""Value"" :  ""2018-01""  ,  ""Frequency"" :  9  }, 
  {  ""Value"" :  ""2017-01""  ,  ""Frequency"" :  8  }, 
  {  ""Value"" :  ""2017-02""  ,  ""Frequency"" :  8  }, 
  {  ""Value"" :  ""2020-11""  ,  ""Frequency"" :  1  }
]","[ 
  {  ""x"" :  ""2019-12""  ,  ""Freq"" :  9884  }, 
  {  ""x"" :  ""2018-12""  ,  ""Freq"" :  3477  }, 
  {  ""x"" :  ""2019-06""  ,  ""Freq"" :  2064  }, 
  {  ""x"" :  ""2017-12""  ,  ""Freq"" :  1626  }, 
  {  ""x"" :  ""2020-06""  ,  ""Freq"" :  1312  }, 
  {  ""x"" :  ""2018-06""  ,  ""Freq"" :  840  }, 
  {  ""x"" :  ""2019-09""  ,  ""Freq"" :  812  }, 
  {  ""x"" :  ""other""  ,  ""Freq"" :  4985  }
]","4483e307a89986c686973fba9f0c839f","",""
"F9_00_TAX_PERIOD_END_DATE_PY","F9_00_TAX_PERIOD_END_DATE_PY","Tax period end date - prior year","","","",FALSE,"[ 
  {  ""level"" :  ""201601""  ,  ""label"" :  ""201601""  }, 
  {  ""level"" :  ""201602""  ,  ""label"" :  ""201602""  }, 
  {  ""level"" :  ""201603""  ,  ""label"" :  ""201603""  }, 
  {  ""level"" :  ""201604""  ,  ""label"" :  ""201604""  }, 
  {  ""level"" :  ""201605""  ,  ""label"" :  ""201605""  }, 
  {  ""level"" :  ""201606""  ,  ""label"" :  ""201606""  }, 
  {  ""level"" :  ""201607""  ,  ""label"" :  ""201607""  }, 
  {  ""level"" :  ""201608""  ,  ""label"" :  ""201608""  }, 
  {  ""level"" :  ""201609""  ,  ""label"" :  ""201609""  }, 
  {  ""level"" :  ""201610""  ,  ""label"" :  ""201610""  }, 
  {  ""level"" :  ""201611""  ,  ""label"" :  ""201611""  }, 
  {  ""level"" :  ""201612""  ,  ""label"" :  ""201612""  }, 
  {  ""level"" :  ""201701""  ,  ""label"" :  ""201701""  }, 
  {  ""level"" :  ""201702""  ,  ""label"" :  ""201702""  }, 
  {  ""level"" :  ""201703""  ,  ""label"" :  ""201703""  }, 
  {  ""level"" :  ""201704""  ,  ""label"" :  ""201704""  }, 
  {  ""level"" :  ""201705""  ,  ""label"" :  ""201705""  }, 
  {  ""level"" :  ""201706""  ,  ""label"" :  ""201706""  }, 
  {  ""level"" :  ""201707""  ,  ""label"" :  ""201707""  }, 
  {  ""level"" :  ""201708""  ,  ""label"" :  ""201708""  }, 
  {  ""level"" :  ""201709""  ,  ""label"" :  ""201709""  }, 
  {  ""level"" :  ""201710""  ,  ""label"" :  ""201710""  }, 
  {  ""level"" :  ""201711""  ,  ""label"" :  ""201711""  }, 
  {  ""level"" :  ""201712""  ,  ""label"" :  ""201712""  }, 
  {  ""level"" :  ""201801""  ,  ""label"" :  ""201801""  }, 
  {  ""level"" :  ""201802""  ,  ""label"" :  ""201802""  }, 
  {  ""level"" :  ""201803""  ,  ""label"" :  ""201803""  }, 
  {  ""level"" :  ""201804""  ,  ""label"" :  ""201804""  }, 
  {  ""level"" :  ""201805""  ,  ""label"" :  ""201805""  }, 
  {  ""level"" :  ""201806""  ,  ""label"" :  ""201806""  }, 
  {  ""level"" :  ""201807""  ,  ""label"" :  ""201807""  }, 
  {  ""level"" :  ""201808""  ,  ""label"" :  ""201808""  }, 
  {  ""level"" :  ""201809""  ,  ""label"" :  ""201809""  }, 
  {  ""level"" :  ""201810""  ,  ""label"" :  ""201810""  }, 
  {  ""level"" :  ""201811""  ,  ""label"" :  ""201811""  }, 
  {  ""level"" :  ""201812""  ,  ""label"" :  ""201812""  }, 
  {  ""level"" :  ""201901""  ,  ""label"" :  ""201901""  }, 
  {  ""level"" :  ""201902""  ,  ""label"" :  ""201902""  }, 
  {  ""level"" :  ""201903""  ,  ""label"" :  ""201903""  }, 
  {  ""level"" :  ""201904""  ,  ""label"" :  ""201904""  }, 
  {  ""level"" :  ""201905""  ,  ""label"" :  ""201905""  }, 
  {  ""level"" :  ""201906""  ,  ""label"" :  ""201906""  }, 
  {  ""level"" :  ""201907""  ,  ""label"" :  ""201907""  }, 
  {  ""level"" :  ""201908""  ,  ""label"" :  ""201908""  }, 
  {  ""level"" :  ""201909""  ,  ""label"" :  ""201909""  }, 
  {  ""level"" :  ""201910""  ,  ""label"" :  ""201910""  }
]","2018-12 ;; 
2017-12 ;; 
2018-06 ;; 
2018-05 ;; 
2018-09","numeric",NA,"character","factor",7,"as_yyyymm","[ 
  {  ""STAT"" :  ""Rows""  ,  ""VAL"" :  ""25,000""  ,  ""PER"" :  """"  }, 
  {  ""STAT"" :  ""Distinct""  ,  ""VAL"" :  ""47""  ,  ""PER"" :  ""(0.2%)""  }, 
  {  ""STAT"" :  ""Missing/NA""  ,  ""VAL"" :  ""4,344""  ,  ""PER"" :  ""(17.4%)""  }, 
  {  ""STAT"" :  ""Most Common""  ,  ""VAL"" :  ""2018-12""  ,  ""PER"" :  ""(37.2%)""  }
]","2018-12 ;; 2017-12 ;; 2018-06 ;; 2019-06 ;; 2018-09 ;; 2017-06 ;; 2016-12 ;; 2018-08 ;; 2018-03 ;; 2019-03 ;; 2018-05 ;; 2018-10 ;; 2018-04 ;; 2019-05 ;; 2017-09 ;; 2016-06 ;; 2019-04 ;; 2018-07 ;; 2018-11 ;; 2017-08 ;; 2017-05 ;; 2017-10 ;; 2017-04 ;; 2019-01 ;; 2019-07 ;; 2017-03 ;; 2019-02 ;; 2018-02 ;; 2019-08 ;; 2019-09 ;; 2017-11 ;; 2017-07 ;; 2016-05 ;; 2016-09 ;; 2018-01 ;; 2016-04 ;; 2016","[ 
  {  ""Value"" :  ""2018-12""  ,  ""Frequency"" :  9298  }, 
  {  ""Value"" :  ""2017-12""  ,  ""Frequency"" :  3002  }, 
  {  ""Value"" :  ""2018-06""  ,  ""Frequency"" :  1767  }, 
  {  ""Value"" :  ""2019-06""  ,  ""Frequency"" :  1060  }, 
  {  ""Value"" :  ""2018-09""  ,  ""Frequency"" :  744  }, 
  {  ""Value"" :  ""2017-06""  ,  ""Frequency"" :  539  }, 
  {  ""Value"" :  ""2016-12""  ,  ""Frequency"" :  478  }, 
  {  ""Value"" :  ""2018-08""  ,  ""Frequency"" :  370  }, 
  {  ""Value"" :  ""2018-03""  ,  ""Frequency"" :  321  }, 
  {  ""Value"" :  ""2019-03""  ,  ""Frequency"" :  319  }, 
  {  ""Value"" :  ""2018-05""  ,  ""Frequency"" :  265  }, 
  {  ""Value"" :  ""2018-10""  ,  ""Frequency"" :  255  }, 
  {  ""Value"" :  ""2018-04""  ,  ""Frequency"" :  246  }, 
  {  ""Value"" :  ""2019-05""  ,  ""Frequency"" :  206  }, 
  {  ""Value"" :  ""2017-09""  ,  ""Frequency"" :  195  }, 
  {  ""Value"" :  ""2016-06""  ,  ""Frequency"" :  164  }, 
  {  ""Value"" :  ""2019-04""  ,  ""Frequency"" :  162  }, 
  {  ""Value"" :  ""2018-07""  ,  ""Frequency"" :  123  }, 
  {  ""Value"" :  ""2018-11""  ,  ""Frequency"" :  122  }, 
  {  ""Value"" :  ""2017-08""  ,  ""Frequency"" :  101  }, 
  {  ""Value"" :  ""2017-05""  ,  ""Frequency"" :  90  }, 
  {  ""Value"" :  ""2017-10""  ,  ""Frequency"" :  88  }, 
  {  ""Value"" :  ""2017-04""  ,  ""Frequency"" :  64  }, 
  {  ""Value"" :  ""2019-01""  ,  ""Frequency"" :  61  }, 
  {  ""Value"" :  ""2019-07""  ,  ""Frequency"" :  58  }, 
  {  ""Value"" :  ""2017-03""  ,  ""Frequency"" :  51  }, 
  {  ""Value"" :  ""2019-02""  ,  ""Frequency"" :  49  }, 
  {  ""Value"" :  ""2018-02""  ,  ""Frequency"" :  46  }, 
  {  ""Value"" :  ""2019-08""  ,  ""Frequency"" :  44  }, 
  {  ""Value"" :  ""2019-09""  ,  ""Frequency"" :  42  }, 
  {  ""Value"" :  ""2017-11""  ,  ""Frequency"" :  41  }, 
  {  ""Value"" :  ""2017-07""  ,  ""Frequency"" :  39  }, 
  {  ""Value"" :  ""2016-05""  ,  ""Frequency"" :  36  }, 
  {  ""Value"" :  ""2016-09""  ,  ""Frequency"" :  34  }, 
  {  ""Value"" :  ""2018-01""  ,  ""Frequency"" :  29  }, 
  {  ""Value"" :  ""2016-04""  ,  ""Frequency"" :  27  }, 
  {  ""Value"" :  ""2016-08""  ,  ""Frequency"" :  23  }, 
  {  ""Value"" :  ""2017-02""  ,  ""Frequency"" :  22  }, 
  {  ""Value"" :  ""2016-03""  ,  ""Frequency"" :  18  }, 
  {  ""Value"" :  ""2016-07""  ,  ""Frequency"" :  16  }, 
  {  ""Value"" :  ""2016-10""  ,  ""Frequency"" :  13  }, 
  {  ""Value"" :  ""2016-11""  ,  ""Frequency"" :  9  }, 
  {  ""Value"" :  ""2019-10""  ,  ""Frequency"" :  7  }, 
  {  ""Value"" :  ""2016-01""  ,  ""Frequency"" :  5  }, 
  {  ""Value"" :  ""2016-02""  ,  ""Frequency"" :  4  }, 
  {  ""Value"" :  ""2017-01""  ,  ""Frequency"" :  3  }
]","[ 
  {  ""x"" :  ""2018-12""  ,  ""Freq"" :  9298  }, 
  {  ""x"" :  ""2017-12""  ,  ""Freq"" :  3002  }, 
  {  ""x"" :  ""2018-06""  ,  ""Freq"" :  1767  }, 
  {  ""x"" :  ""2019-06""  ,  ""Freq"" :  1060  }, 
  {  ""x"" :  ""2018-09""  ,  ""Freq"" :  744  }, 
  {  ""x"" :  ""2017-06""  ,  ""Freq"" :  539  }, 
  {  ""x"" :  ""2016-12""  ,  ""Freq"" :  478  }, 
  {  ""x"" :  ""other""  ,  ""Freq"" :  3768  }
]","095bfbb72e3dffdedd36a3f34940f253","",""
"F9_00_TAX_PERIOD_BEGIN_DATE","F9_00_TAX_PERIOD_BEGIN_DATE","Tax period begin date","","","",FALSE,"","2019-0 ;; 
2018-0 ;; 
2017-0 ;; 
2018-9 ;; 
2019-9","numeric","as.character","character","character",6,"as_yyyymm","[ 
  {  ""STAT"" :  ""Rows""  ,  ""VAL"" :  ""25,000""  ,  ""PER"" :  """"  }, 
  {  ""STAT"" :  ""Distinct""  ,  ""VAL"" :  ""12""  ,  ""PER"" :  ""(0.0%)""  }, 
  {  ""STAT"" :  ""Most Common""  ,  ""VAL"" :  ""2019-0""  ,  ""PER"" :  ""(40.8%)""  }
]","2019-0 ;; 2018-9 ;; 2018-0 ;; 2019-9 ;; 2017-9 ;; 2017-0 ;; 2016-9 ;; 2019-1 ;; 2020-0 ;; 2018-1 ;; 2017-1 ;; 2020-1","{
  ""STATS"": [
    {
      ""STAT"": ""Minimum"",
      ""CHARACTERS"": 6,
      ""WORDS"": 1
    },
    {
      ""STAT"": ""Median"",
      ""CHARACTERS"": 6,
      ""WORDS"": 1
    },
    {
      ""STAT"": ""Mean"",
      ""CHARACTERS"": 6,
      ""WORDS"": 1
    },
    {
      ""STAT"": ""Max"",
      ""CHARACTERS"": 6,
      ""WORDS"": 1
    },
    {
      ""STAT"": ""Skew""
    }
  ],
  ""HIST"": [
    ""<?xml version=\""1.0\"" encoding=\""UTF-8\""?>\n<svg xmlns=\""http://www.w3.org/2000/svg\"" xmlns:xlink=\""http://www.w3.org/1999/xlink\"" width=\""48.00pt\"" height=\""12.00pt\"" viewBox=\""0 0 48.00 12.00\"">\n  <g class=\""svglite\"">\n    <defs>\n      <style type=\""text/css\""><![CDATA[\n    .svglite line, .svglite polyline, .svglite polygon, .svglite path, .svglite rect, .svglite circle {\n      fill: none;\n      stroke: #000000;\n      stroke-linecap: round;\n      stroke-linejoin: round;\n      stroke-miterlimit: 10.00;\n    }\n    .svglite text {\n      white-space: pre;\n    }\n    .svglite g.glyphgroup path {\n      fill: inherit;\n      stroke: none;\n    }\n  ]]><\/style>\n    <\/defs>\n    <rect width=\""100%\"" height=\""100%\"" style=\""stroke: none; fill: none;\""/>\n    <defs>\n      <clipPath id=\""cpMC4wMHw0OC4wMHwwLjAwfDEyLjAw\"">\n        <rect x=\""0.00\"" y=\""0.00\"" width=\""48.00\"" height=\""12.00\""/>\n      <\/clipPath>\n    <\/defs>\n    <g clip-path=\""url(#cpMC4wMHw0OC4wMHwwLjAwfDEyLjAw)\"">\n<\/g>\n    <defs>\n      <clipPath id=\""cpMC4wMHw0OC4wMHwyLjg4fDEyLjAw\"">\n        <rect x=\""0.00\"" y=\""2.88\"" width=\""48.00\"" height=\""9.12\""/>\n      <\/clipPath>\n    <\/defs>\n    <g clip-path=\""url(#cpMC4wMHw0OC4wMHwyLjg4fDEyLjAw)\"">\n      <rect x=\""14.74\"" y=\""3.22\"" width=\""46.30\"" height=\""8.44\"" style=\""stroke-width: 0.38; fill: #D3D3D3;\""/>\n    <\/g>\n  <\/g>\n<\/svg>\n"",
    ""<?xml version=\""1.0\"" encoding=\""UTF-8\""?>\n<svg xmlns=\""http://www.w3.org/2000/svg\"" xmlns:xlink=\""http://www.w3.org/1999/xlink\"" width=\""48.00pt\"" height=\""12.00pt\"" viewBox=\""0 0 48.00 12.00\"">\n  <g class=\""svglite\"">\n    <defs>\n      <style type=\""text/css\""><![CDATA[\n    .svglite line, .svglite polyline, .svglite polygon, .svglite path, .svglite rect, .svglite circle {\n      fill: none;\n      stroke: #000000;\n      stroke-linecap: round;\n      stroke-linejoin: round;\n      stroke-miterlimit: 10.00;\n    }\n    .svglite text {\n      white-space: pre;\n    }\n    .svglite g.glyphgroup path {\n      fill: inherit;\n      stroke: none;\n    }\n  ]]><\/style>\n    <\/defs>\n    <rect width=\""100%\"" height=\""100%\"" style=\""stroke: none; fill: none;\""/>\n    <defs>\n      <clipPath id=\""cpMC4wMHw0OC4wMHwwLjAwfDEyLjAw\"">\n        <rect x=\""0.00\"" y=\""0.00\"" width=\""48.00\"" height=\""12.00\""/>\n      <\/clipPath>\n    <\/defs>\n    <g clip-path=\""url(#cpMC4wMHw0OC4wMHwwLjAwfDEyLjAw)\"">\n<\/g>\n    <defs>\n      <clipPath id=\""cpMC4wMHw0OC4wMHwyLjg4fDEyLjAw\"">\n        <rect x=\""0.00\"" y=\""2.88\"" width=\""48.00\"" height=\""9.12\""/>\n      <\/clipPath>\n    <\/defs>\n    <g clip-path=\""url(#cpMC4wMHw0OC4wMHwyLjg4fDEyLjAw)\"">\n      <rect x=\""-31.56\"" y=\""3.22\"" width=\""55.56\"" height=\""8.44\"" style=\""stroke-width: 0.38; fill: #D3D3D3;\""/>\n    <\/g>\n  <\/g>\n<\/svg>\n""
  ],
  ""COMMON"": [
    {
      ""Value"": ""2019-0"",
      ""Frequency"": 10190
    },
    {
      ""Value"": ""2018-9"",
      ""Frequency"": 4460
    },
    {
      ""Value"": ""2018-0"",
      ""Frequency"": 3580
    },
    {
      ""Value"": ""2019-9"",
      ""Frequency"": 2402
    },
    {
      ""Value"": ""2017-9"",
      ""Frequency"": 1686
    },
    {
      ""Value"": ""2017-0"",
      ""Frequency"": 1680
    }
  ]
}","[ 
  {  ""ww"" :  ""20190""  ,  ""Freq"" :  10190  }, 
  {  ""ww"" :  ""20189""  ,  ""Freq"" :  4460  }, 
  {  ""ww"" :  ""20180""  ,  ""Freq"" :  3580  }, 
  {  ""ww"" :  ""20199""  ,  ""Freq"" :  2402  }, 
  {  ""ww"" :  ""20179""  ,  ""Freq"" :  1686  }, 
  {  ""ww"" :  ""20170""  ,  ""Freq"" :  1680  }, 
  {  ""ww"" :  ""20169""  ,  ""Freq"" :  728  }, 
  {  ""ww"" :  ""20191""  ,  ""Freq"" :  123  }, 
  {  ""ww"" :  ""20200""  ,  ""Freq"" :  79  }, 
  {  ""ww"" :  ""20181""  ,  ""Freq"" :  46  }, 
  {  ""ww"" :  ""20171""  ,  ""Freq"" :  25  }, 
  {  ""ww"" :  ""20201""  ,  ""Freq"" :  1  }
]","5d4d1f619a54b42669084c74b2c29990","",""
"F9_00_TAX_ACCPER","F9_00_TAX_ACCPER","Tax period end date","","","",FALSE,"[ 
  {  ""level"" :  ""1""  ,  ""label"" :  ""1""  }, 
  {  ""level"" :  ""2""  ,  ""label"" :  ""2""  }, 
  {  ""level"" :  ""3""  ,  ""label"" :  ""3""  }, 
  {  ""level"" :  ""4""  ,  ""label"" :  ""4""  }, 
  {  ""level"" :  ""5""  ,  ""label"" :  ""5""  }, 
  {  ""level"" :  ""6""  ,  ""label"" :  ""6""  }, 
  {  ""level"" :  ""7""  ,  ""label"" :  ""7""  }, 
  {  ""level"" :  ""8""  ,  ""label"" :  ""8""  }, 
  {  ""level"" :  ""9""  ,  ""label"" :  ""9""  }, 
  {  ""level"" :  ""10""  ,  ""label"" :  ""10""  }, 
  {  ""level"" :  ""11""  ,  ""label"" :  ""11""  }, 
  {  ""level"" :  ""12""  ,  ""label"" :  ""12""  }
]","12 ;; 
06 ;; 
05 ;; 
09 ;; 
11","numeric",NA,"character","factor",2,"as_mm","[ 
  {  ""STAT"" :  ""Rows""  ,  ""VAL"" :  ""25,000""  ,  ""PER"" :  """"  }, 
  {  ""STAT"" :  ""Distinct""  ,  ""VAL"" :  ""12""  ,  ""PER"" :  ""(0.0%)""  }, 
  {  ""STAT"" :  ""Most Common""  ,  ""VAL"" :  ""12""  ,  ""PER"" :  ""(59.9%)""  }
]","12 ;; 06 ;; 09 ;; 03 ;; 05 ;; 08 ;; 04 ;; 10 ;; 07 ;; 11 ;; 02 ;; 01","[ 
  {  ""Value"" :  ""12""  ,  ""Frequency"" :  14987  }, 
  {  ""Value"" :  ""06""  ,  ""Frequency"" :  4578  }, 
  {  ""Value"" :  ""09""  ,  ""Frequency"" :  1251  }, 
  {  ""Value"" :  ""03""  ,  ""Frequency"" :  849  }, 
  {  ""Value"" :  ""05""  ,  ""Frequency"" :  796  }, 
  {  ""Value"" :  ""08""  ,  ""Frequency"" :  688  }, 
  {  ""Value"" :  ""04""  ,  ""Frequency"" :  609  }, 
  {  ""Value"" :  ""10""  ,  ""Frequency"" :  425  }, 
  {  ""Value"" :  ""07""  ,  ""Frequency"" :  349  }, 
  {  ""Value"" :  ""11""  ,  ""Frequency"" :  195  }, 
  {  ""Value"" :  ""02""  ,  ""Frequency"" :  156  }, 
  {  ""Value"" :  ""01""  ,  ""Frequency"" :  117  }
]","[ 
  {  ""x"" :  ""12""  ,  ""Freq"" :  14987  }, 
  {  ""x"" :  ""06""  ,  ""Freq"" :  4578  }, 
  {  ""x"" :  ""09""  ,  ""Freq"" :  1251  }, 
  {  ""x"" :  ""03""  ,  ""Freq"" :  849  }, 
  {  ""x"" :  ""05""  ,  ""Freq"" :  796  }, 
  {  ""x"" :  ""08""  ,  ""Freq"" :  688  }, 
  {  ""x"" :  ""04""  ,  ""Freq"" :  609  }, 
  {  ""x"" :  ""other""  ,  ""Freq"" :  1242  }
]","eeedda9dadbfe761aa1faa7379b34db0","",""
"F9_08_REV_TOT_TOT","F9_08_REV_TOT_TOT","Total revenue - total","","","",FALSE,"","11139366 ;; 
894312 ;; 
110663 ;; 
272444 ;; 
6093701","numeric",NA,"numeric","numeric",10,NA,"[ 
  {  ""STAT"" :  ""Rows""  ,  ""VAL"" :  ""25,000""  ,  ""PER"" :  """"  }, 
  {  ""STAT"" :  ""Distinct""  ,  ""VAL"" :  ""23,817""  ,  ""PER"" :  ""(95.3%)""  }, 
  {  ""STAT"" :  ""Zero""  ,  ""VAL"" :  ""413""  ,  ""PER"" :  ""(1.7%)""  }, 
  {  ""STAT"" :  ""Most Common""  ,  ""VAL"" :  ""0""  ,  ""PER"" :  ""(1.7%)""  }, 
  {  ""STAT"" :  ""Skew""  ,  ""VAL"" :  ""HIGH""  ,  ""PER"" :  """"  }, 
  {  ""STAT"" :  ""Kurtosis""  ,  ""VAL"" :  ""HIGH""  ,  ""PER"" :  """"  }
]","0 ;; 100 ;; 1000 ;; 250000 ;; 2000 ;; 2250 ;; 50 ;; 200 ;; 45000 ;; 4 ;; 1500 ;; 5000 ;; 6000 ;; 8800 ;; 25000 ;; 25500 ;; 75000 ;; 1e+05 ;; 101225 ;; 1 ;; 3 ;; 8 ;; 9 ;; 101 ;; 575 ;; 600 ;; 1200 ;; 1800 ;; 2074 ;; 2400 ;; 4125 ;; 5400 ;; 6800 ;; 9465 ;; 9500 ;; 10000 ;; 15000 ;; 19611 ;; 20000 ;; 20649 ;; 26873 ;; 27567 ;; 30000 ;; 32500 ;; 40000 ;; 40500 ;; 43873 ;; 46814 ;; 48000 ;; 50000 ;; 5","[ 
  {  ""STAT"" :  ""Minimum""  ,  ""VAL"" :  ""-61,467,591""  }, 
  {  ""STAT"" :  ""Q - 05""  ,  ""VAL"" :  ""3,359.8""  }, 
  {  ""STAT"" :  ""Q - 25""  ,  ""VAL"" :  ""51,012.5""  }, 
  {  ""STAT"" :  ""Median""  ,  ""VAL"" :  ""130,545""  }, 
  {  ""STAT"" :  ""Mean""  ,  ""VAL"" :  ""3,740,777""  }, 
  {  ""STAT"" :  ""Q - 75""  ,  ""VAL"" :  ""441,954.5""  }, 
  {  ""STAT"" :  ""Q - 95""  ,  ""VAL"" :  ""6,355,357""  }, 
  {  ""STAT"" :  ""Maximum""  ,  ""VAL"" :  ""4,178,522,311""  }, 
  {  ""STAT"" :  ""Skew""  ,  ""VAL"" :  ""44.03""  }, 
  {  ""STAT"" :  ""Kurtosis""  ,  ""VAL"" :  ""2,557.92""  }
]","  { 
    ""breaks""  :  [ 
-500000, 
    -450000, 
    -400000, 
    -350000, 
    -300000, 
    -250000, 
    -200000, 
    -150000, 
    -100000, 
    -50000, 
    0, 
    50000, 
    100000, 
    150000, 
    200000, 
    250000, 
    300000, 
    350000, 
    400000, 
    450000, 
    500000, 
    550000, 
    600000, 
    650000, 
    700000, 
    750000, 
    800000, 
    850000, 
    900000, 
    950000, 
    1000000, 
    1050000
], 
    ""density""  :  [ 
0, 
    0, 
    0, 
    0.0001, 
    0, 
    0.0002, 
    0.0001, 
    0.0003, 
    0.0009, 
    0.0248, 
    0.2622, 
    0.217, 
    0.1239, 
    0.0833, 
    0.0536, 
    0.0407, 
    0.0331, 
    0.0255, 
    0.0212, 
    0.0174, 
    0.0161, 
    0.0115, 
    0.0119, 
    0.0102, 
    0.0085, 
    0.0088, 
    0.0067, 
    0.0079, 
    0.0051, 
    0.0053, 
    0.0032
], 
    ""y""  :  [ 
1, 
    1, 
    1, 
    2, 
    0, 
    5, 
    3, 
    6, 
    19, 
    526, 
    5565, 
    4605, 
    2630, 
    1768, 
    1138, 
    864, 
    702, 
    542, 
    450, 
    370, 
    342, 
    245, 
    253, 
    217, 
    181, 
    186, 
    143, 
    168, 
    109, 
    113, 
    67
], 
    ""mids""  :  [ 
-475000, 
    -425000, 
    -375000, 
    -325000, 
    -275000, 
    -225000, 
    -175000, 
    -125000, 
    -75000, 
    -25000, 
    25000, 
    75000, 
    125000, 
    175000, 
    225000, 
    275000, 
    325000, 
    375000, 
    425000, 
    475000, 
    525000, 
    575000, 
    625000, 
    675000, 
    725000, 
    775000, 
    825000, 
    875000, 
    925000, 
    975000, 
    1025000
], 
    ""mean""  :  [ 
3740777.062
], 
    ""median""  :  [ 
130545
], 
    ""min""  :  [ 
-61467591
], 
    ""max""  :  [ 
4178522311
]
  }","d2e4429d44416d4fd723ee541e73d2a3","",""
"F9_10_ASSET_TOT_BOY","F9_10_ASSET_TOT_BOY","Total assets - beginning of year","","","",FALSE,"","34227234 ;; 
17491720 ;; 
101131 ;; 
0 ;; 
3011522","numeric",NA,"numeric","numeric",11,NA,"[ 
  {  ""STAT"" :  ""Rows""  ,  ""VAL"" :  ""25,000""  ,  ""PER"" :  """"  }, 
  {  ""STAT"" :  ""Distinct""  ,  ""VAL"" :  ""20,195""  ,  ""PER"" :  ""(80.8%)""  }, 
  {  ""STAT"" :  ""Missing/NA""  ,  ""VAL"" :  ""1,377""  ,  ""PER"" :  ""(5.5%)""  }, 
  {  ""STAT"" :  ""Zero""  ,  ""VAL"" :  ""3,011""  ,  ""PER"" :  ""(12.0%)""  }, 
  {  ""STAT"" :  ""Most Common""  ,  ""VAL"" :  ""0""  ,  ""PER"" :  ""(12.0%)""  }, 
  {  ""STAT"" :  ""Skew""  ,  ""VAL"" :  ""HIGH""  ,  ""PER"" :  """"  }, 
  {  ""STAT"" :  ""Kurtosis""  ,  ""VAL"" :  ""HIGH""  ,  ""PER"" :  """"  }
]","0 ;; 1 ;; 300 ;; 161 ;; 1593 ;; 10571 ;; 20855 ;; 21915 ;; 43506 ;; 49481 ;; 2 ;; 97 ;; 212 ;; 219 ;; 343 ;; 388 ;; 500 ;; 718 ;; 1000 ;; 1020 ;; 1222 ;; 1535 ;; 1547 ;; 1607 ;; 1642 ;; 2155 ;; 2745 ;; 3068 ;; 3073 ;; 3087 ;; 3708 ;; 4412 ;; 4414 ;; 4612 ;; 5251 ;; 5501 ;; 5619 ;; 5761 ;; 6141 ;; 6267 ;; 6812 ;; 6865 ;; 7575 ;; 8302 ;; 8451 ;; 8528 ;; 8853 ;; 9083 ;; 9110 ;; 9369 ;; 9527 ;; 9937","[ 
  {  ""STAT"" :  ""Minimum""  ,  ""VAL"" :  ""-69,049""  }, 
  {  ""STAT"" :  ""Q - 05""  ,  ""VAL"" :  ""0""  }, 
  {  ""STAT"" :  ""Q - 25""  ,  ""VAL"" :  ""31,558.5""  }, 
  {  ""STAT"" :  ""Median""  ,  ""VAL"" :  ""169,734""  }, 
  {  ""STAT"" :  ""Mean""  ,  ""VAL"" :  ""11,116,959""  }, 
  {  ""STAT"" :  ""Q - 75""  ,  ""VAL"" :  ""729,844.5""  }, 
  {  ""STAT"" :  ""Q - 95""  ,  ""VAL"" :  ""13,488,117""  }, 
  {  ""STAT"" :  ""Maximum""  ,  ""VAL"" :  ""11,226,543,829""  }, 
  {  ""STAT"" :  ""Skew""  ,  ""VAL"" :  ""41.82""  }, 
  {  ""STAT"" :  ""Kurtosis""  ,  ""VAL"" :  ""2,117.75""  }
]","  { 
    ""breaks""  :  [ 
-100000, 
    0, 
    100000, 
    200000, 
    300000, 
    400000, 
    500000, 
    600000, 
    700000, 
    800000, 
    900000, 
    1000000, 
    1100000, 
    1200000, 
    1300000, 
    1400000, 
    1500000, 
    1600000, 
    1700000, 
    1800000
], 
    ""density""  :  [ 
0.1511, 
    0.3298, 
    0.1451, 
    0.0883, 
    0.0617, 
    0.0444, 
    0.0316, 
    0.0255, 
    0.021, 
    0.0186, 
    0.0149, 
    0.0138, 
    0.0114, 
    0.0089, 
    0.0085, 
    0.0071, 
    0.007, 
    0.0065, 
    0.005
], 
    ""y""  :  [ 
3028, 
    6610, 
    2908, 
    1770, 
    1237, 
    891, 
    633, 
    512, 
    420, 
    372, 
    298, 
    277, 
    228, 
    178, 
    170, 
    143, 
    140, 
    130, 
    100
], 
    ""mids""  :  [ 
-50000, 
    50000, 
    150000, 
    250000, 
    350000, 
    450000, 
    550000, 
    650000, 
    750000, 
    850000, 
    950000, 
    1050000, 
    1150000, 
    1250000, 
    1350000, 
    1450000, 
    1550000, 
    1650000, 
    1750000
], 
    ""mean""  :  [ 
11116958.5761
], 
    ""median""  :  [ 
169734
], 
    ""min""  :  [ 
-69049
], 
    ""max""  :  [ 
11226543829
]
  }","e70794cebd95ead0ac4363dfeb80cf83","",""
"F9_10_ASSET_TOT_EOY","F9_10_ASSET_TOT_EOY","Total assets - end of year","","","",FALSE,"","40131275 ;; 
20157050 ;; 
92924 ;; 
19430176 ;; 
2856785","numeric",NA,"numeric","numeric",11,NA,"[ 
  {  ""STAT"" :  ""Rows""  ,  ""VAL"" :  ""25,000""  ,  ""PER"" :  """"  }, 
  {  ""STAT"" :  ""Distinct""  ,  ""VAL"" :  ""24,122""  ,  ""PER"" :  ""(96.5%)""  }, 
  {  ""STAT"" :  ""Zero""  ,  ""VAL"" :  ""110""  ,  ""PER"" :  ""(0.4%)""  }, 
  {  ""STAT"" :  ""Most Common""  ,  ""VAL"" :  ""1""  ,  ""PER"" :  ""(1.1%)""  }, 
  {  ""STAT"" :  ""Skew""  ,  ""VAL"" :  ""HIGH""  ,  ""PER"" :  """"  }, 
  {  ""STAT"" :  ""Kurtosis""  ,  ""VAL"" :  ""HIGH""  ,  ""PER"" :  """"  }
]","1 ;; 0 ;; 100 ;; 1000 ;; 15000 ;; 21 ;; 480 ;; 529 ;; 680 ;; 1257 ;; 1374 ;; 1932 ;; 2000 ;; 2076 ;; 2280 ;; 2680 ;; 2965 ;; 3000 ;; 10000 ;; 24731 ;; 24753 ;; 37977 ;; 40760 ;; 25 ;; 30 ;; 39 ;; 90 ;; 99 ;; 140 ;; 149 ;; 200 ;; 212 ;; 230 ;; 248 ;; 249 ;; 281 ;; 314 ;; 340 ;; 415 ;; 459 ;; 478 ;; 627 ;; 628 ;; 663 ;; 912 ;; 957 ;; 997 ;; 1107 ;; 1158 ;; 1203 ;; 1353 ;; 1383 ;; 1389 ;; 1500 ;; 163","[ 
  {  ""STAT"" :  ""Minimum""  ,  ""VAL"" :  ""-1,119,570""  }, 
  {  ""STAT"" :  ""Q - 05""  ,  ""VAL"" :  ""4,421.45""  }, 
  {  ""STAT"" :  ""Q - 25""  ,  ""VAL"" :  ""55,668.25""  }, 
  {  ""STAT"" :  ""Median""  ,  ""VAL"" :  ""212,649""  }, 
  {  ""STAT"" :  ""Mean""  ,  ""VAL"" :  ""13,755,826""  }, 
  {  ""STAT"" :  ""Q - 75""  ,  ""VAL"" :  ""837,286""  }, 
  {  ""STAT"" :  ""Q - 95""  ,  ""VAL"" :  ""14,639,755""  }, 
  {  ""STAT"" :  ""Maximum""  ,  ""VAL"" :  ""38,468,314,242""  }, 
  {  ""STAT"" :  ""Skew""  ,  ""VAL"" :  ""85.67""  }, 
  {  ""STAT"" :  ""Kurtosis""  ,  ""VAL"" :  ""9,676.68""  }
]","  { 
    ""breaks""  :  [ 
-900000, 
    -800000, 
    -700000, 
    -600000, 
    -500000, 
    -400000, 
    -300000, 
    -200000, 
    -100000, 
    0, 
    100000, 
    200000, 
    300000, 
    400000, 
    500000, 
    600000, 
    700000, 
    800000, 
    900000, 
    1000000, 
    1100000, 
    1200000, 
    1300000, 
    1400000, 
    1500000, 
    1600000, 
    1700000, 
    1800000, 
    1900000, 
    2000000, 
    2100000
], 
    ""density""  :  [ 
0, 
    0, 
    0, 
    0, 
    0, 
    0, 
    0, 
    0, 
    0.0065, 
    0.4059, 
    0.1631, 
    0.0968, 
    0.0676, 
    0.0492, 
    0.0356, 
    0.0289, 
    0.0239, 
    0.0188, 
    0.0168, 
    0.0146, 
    0.0126, 
    0.0104, 
    0.0096, 
    0.0089, 
    0.0077, 
    0.0063, 
    0.0065, 
    0.0048, 
    0.0048, 
    0.0006
], 
    ""y""  :  [ 
1, 
    0, 
    0, 
    0, 
    1, 
    0, 
    0, 
    0, 
    138, 
    8604, 
    3458, 
    2052, 
    1432, 
    1043, 
    754, 
    612, 
    507, 
    399, 
    356, 
    310, 
    267, 
    221, 
    203, 
    188, 
    164, 
    134, 
    137, 
    101, 
    102, 
    12
], 
    ""mids""  :  [ 
-850000, 
    -750000, 
    -650000, 
    -550000, 
    -450000, 
    -350000, 
    -250000, 
    -150000, 
    -50000, 
    50000, 
    150000, 
    250000, 
    350000, 
    450000, 
    550000, 
    650000, 
    750000, 
    850000, 
    950000, 
    1050000, 
    1150000, 
    1250000, 
    1350000, 
    1450000, 
    1550000, 
    1650000, 
    1750000, 
    1850000, 
    1950000, 
    2050000
], 
    ""mean""  :  [ 
13755826.3585
], 
    ""median""  :  [ 
212649
], 
    ""min""  :  [ 
-1119570
], 
    ""max""  :  [ 
38468314242
]
  }","4334f11236e70cf8809e059a71d77d72","",""
"F9_10_NAFB_TOT_BOY","F9_10_NAFB_TOT_BOY","Net assets or fund balances - beginning of year","","","",FALSE,"","32671349 ;; 
17460787 ;; 
100443 ;; 
1788316 ;; 
589818","numeric",NA,"numeric","numeric",10,NA,"[ 
  {  ""STAT"" :  ""Rows""  ,  ""VAL"" :  ""25,000""  ,  ""PER"" :  """"  }, 
  {  ""STAT"" :  ""Distinct""  ,  ""VAL"" :  ""20,145""  ,  ""PER"" :  ""(80.6%)""  }, 
  {  ""STAT"" :  ""Missing/NA""  ,  ""VAL"" :  ""4,344""  ,  ""PER"" :  ""(17.4%)""  }, 
  {  ""STAT"" :  ""Zero""  ,  ""VAL"" :  ""203""  ,  ""PER"" :  ""(0.8%)""  }, 
  {  ""STAT"" :  ""Most Common""  ,  ""VAL"" :  ""0""  ,  ""PER"" :  ""(0.8%)""  }, 
  {  ""STAT"" :  ""Skew""  ,  ""VAL"" :  ""HIGH""  ,  ""PER"" :  """"  }, 
  {  ""STAT"" :  ""Kurtosis""  ,  ""VAL"" :  ""HIGH""  ,  ""PER"" :  """"  }
]","0 ;; 300 ;; 1593 ;; 8311 ;; 20855 ;; 24587 ;; 29596 ;; 56803 ;; -21474 ;; -6426 ;; -989 ;; -826 ;; 97 ;; 161 ;; 212 ;; 334 ;; 388 ;; 500 ;; 718 ;; 1000 ;; 1020 ;; 1547 ;; 1642 ;; 2745 ;; 2870 ;; 3068 ;; 3073 ;; 3087 ;; 3306 ;; 3554 ;; 3708 ;; 4412 ;; 4414 ;; 4612 ;; 4772 ;; 5318 ;; 5501 ;; 5619 ;; 6141 ;; 6267 ;; 6812 ;; 6865 ;; 7177 ;; 8302 ;; 8451 ;; 8528 ;; 8853 ;; 8942 ;; 9110 ;; 9369 ;; 9527","[ 
  {  ""STAT"" :  ""Minimum""  ,  ""VAL"" :  ""-333,005,908""  }, 
  {  ""STAT"" :  ""Q - 05""  ,  ""VAL"" :  ""1,659.5""  }, 
  {  ""STAT"" :  ""Q - 25""  ,  ""VAL"" :  ""52,689.5""  }, 
  {  ""STAT"" :  ""Median""  ,  ""VAL"" :  ""192,629.5""  }, 
  {  ""STAT"" :  ""Mean""  ,  ""VAL"" :  ""4,921,982""  }, 
  {  ""STAT"" :  ""Q - 75""  ,  ""VAL"" :  ""720,262.5""  }, 
  {  ""STAT"" :  ""Q - 95""  ,  ""VAL"" :  ""10,744,071""  }, 
  {  ""STAT"" :  ""Maximum""  ,  ""VAL"" :  ""6,323,689,488""  }, 
  {  ""STAT"" :  ""Skew""  ,  ""VAL"" :  ""61.69""  }, 
  {  ""STAT"" :  ""Kurtosis""  ,  ""VAL"" :  ""5,412.22""  }
]","  { 
    ""breaks""  :  [ 
-1000000, 
    -900000, 
    -800000, 
    -700000, 
    -600000, 
    -500000, 
    -400000, 
    -300000, 
    -200000, 
    -100000, 
    0, 
    100000, 
    200000, 
    300000, 
    400000, 
    500000, 
    600000, 
    700000, 
    800000, 
    900000, 
    1000000, 
    1100000, 
    1200000, 
    1300000, 
    1400000, 
    1500000, 
    1600000, 
    1700000, 
    1800000
], 
    ""density""  :  [ 
0.0001, 
    0.0003, 
    0.0005, 
    0.0003, 
    0.001, 
    0.0012, 
    0.0012, 
    0.0026, 
    0.0039, 
    0.0306, 
    0.3822, 
    0.1684, 
    0.102, 
    0.0682, 
    0.0496, 
    0.0347, 
    0.0263, 
    0.0242, 
    0.0205, 
    0.0148, 
    0.0139, 
    0.0105, 
    0.0098, 
    0.009, 
    0.0082, 
    0.0077, 
    0.007, 
    0.0017
], 
    ""y""  :  [ 
2, 
    6, 
    9, 
    6, 
    17, 
    21, 
    21, 
    45, 
    68, 
    536, 
    6702, 
    2953, 
    1788, 
    1196, 
    869, 
    608, 
    461, 
    425, 
    359, 
    259, 
    243, 
    184, 
    171, 
    157, 
    144, 
    135, 
    123, 
    29
], 
    ""mids""  :  [ 
-950000, 
    -850000, 
    -750000, 
    -650000, 
    -550000, 
    -450000, 
    -350000, 
    -250000, 
    -150000, 
    -50000, 
    50000, 
    150000, 
    250000, 
    350000, 
    450000, 
    550000, 
    650000, 
    750000, 
    850000, 
    950000, 
    1050000, 
    1150000, 
    1250000, 
    1350000, 
    1450000, 
    1550000, 
    1650000, 
    1750000
], 
    ""mean""  :  [ 
4921982.0918
], 
    ""median""  :  [ 
192629.5
], 
    ""min""  :  [ 
-333005908
], 
    ""max""  :  [ 
6323689488
]
  }","212ad23bd9c04244582a6ccdce4e11bc","",""
"F9_09_EXP_TOT_TOT","F9_09_EXP_TOT_TOT","Total functional expenses - total expenses","","","",FALSE,"","6743081 ;; 
1196713 ;; 
119018 ;; 
1067754 ;; 
6231030","numeric",NA,"numeric","numeric",10,NA,"[ 
  {  ""STAT"" :  ""Rows""  ,  ""VAL"" :  ""25,000""  ,  ""PER"" :  """"  }, 
  {  ""STAT"" :  ""Distinct""  ,  ""VAL"" :  ""23,740""  ,  ""PER"" :  ""(95.0%)""  }, 
  {  ""STAT"" :  ""Zero""  ,  ""VAL"" :  ""489""  ,  ""PER"" :  ""(2.0%)""  }, 
  {  ""STAT"" :  ""Most Common""  ,  ""VAL"" :  ""0""  ,  ""PER"" :  ""(2.0%)""  }, 
  {  ""STAT"" :  ""Skew""  ,  ""VAL"" :  ""HIGH""  ,  ""PER"" :  """"  }, 
  {  ""STAT"" :  ""Kurtosis""  ,  ""VAL"" :  ""HIGH""  ,  ""PER"" :  """"  }
]","0 ;; 100 ;; 1000 ;; 10 ;; 50 ;; 600 ;; 4056 ;; 7500 ;; 25 ;; 200 ;; 400 ;; 539 ;; 786 ;; 1140 ;; 5000 ;; 10000 ;; 11085 ;; 13669 ;; 16927 ;; 16993 ;; 19327 ;; 28348 ;; 36264 ;; 40526 ;; 45638 ;; 48401 ;; 50154 ;; 60157 ;; 62391 ;; 80427 ;; 83368 ;; 83437 ;; 105341 ;; 153299 ;; 41 ;; 60 ;; 129 ;; 130 ;; 143 ;; 175 ;; 225 ;; 261 ;; 300 ;; 316 ;; 397 ;; 418 ;; 450 ;; 500 ;; 588 ;; 732 ;; 890 ;; 950","[ 
  {  ""STAT"" :  ""Minimum""  ,  ""VAL"" :  ""-11,719""  }, 
  {  ""STAT"" :  ""Q - 05""  ,  ""VAL"" :  ""3,886.95""  }, 
  {  ""STAT"" :  ""Q - 25""  ,  ""VAL"" :  ""46,845""  }, 
  {  ""STAT"" :  ""Median""  ,  ""VAL"" :  ""121,792.5""  }, 
  {  ""STAT"" :  ""Mean""  ,  ""VAL"" :  ""3,531,376""  }, 
  {  ""STAT"" :  ""Q - 75""  ,  ""VAL"" :  ""411,837.2""  }, 
  {  ""STAT"" :  ""Q - 95""  ,  ""VAL"" :  ""5,832,724""  }, 
  {  ""STAT"" :  ""Maximum""  ,  ""VAL"" :  ""4,256,605,589""  }, 
  {  ""STAT"" :  ""Skew""  ,  ""VAL"" :  ""46.21""  }, 
  {  ""STAT"" :  ""Kurtosis""  ,  ""VAL"" :  ""2,819.69""  }
]","  { 
    ""breaks""  :  [ 
-50000, 
    0, 
    50000, 
    100000, 
    150000, 
    200000, 
    250000, 
    300000, 
    350000, 
    400000, 
    450000, 
    500000, 
    550000, 
    600000, 
    650000, 
    700000, 
    750000, 
    800000, 
    850000, 
    900000, 
    950000, 
    1000000
], 
    ""density""  :  [ 
0.0232, 
    0.2882, 
    0.2159, 
    0.1227, 
    0.0776, 
    0.0538, 
    0.0405, 
    0.0308, 
    0.0235, 
    0.0214, 
    0.0173, 
    0.015, 
    0.012, 
    0.011, 
    0.01, 
    0.0087, 
    0.0085, 
    0.0063, 
    0.0064, 
    0.0062, 
    0.001
], 
    ""y""  :  [ 
493, 
    6128, 
    4592, 
    2610, 
    1650, 
    1144, 
    862, 
    656, 
    500, 
    455, 
    368, 
    318, 
    255, 
    234, 
    212, 
    185, 
    180, 
    134, 
    136, 
    132, 
    22
], 
    ""mids""  :  [ 
-25000, 
    25000, 
    75000, 
    125000, 
    175000, 
    225000, 
    275000, 
    325000, 
    375000, 
    425000, 
    475000, 
    525000, 
    575000, 
    625000, 
    675000, 
    725000, 
    775000, 
    825000, 
    875000, 
    925000, 
    975000
], 
    ""mean""  :  [ 
3531376.4064
], 
    ""median""  :  [ 
121792.5
], 
    ""min""  :  [ 
-11719
], 
    ""max""  :  [ 
4256605589
]
  }","a79675365db63a755cffad928a8a02cd","",""
"F9_01_EXP_TOT_PY","F9_01_EXP_TOT_PY","Total expenses - prior year","","","",FALSE,"","6901865 ;; 
1166814 ;; 
112215 ;; 
0 ;; 
7111943","numeric",NA,"numeric","numeric",10,NA,"[ 
  {  ""STAT"" :  ""Rows""  ,  ""VAL"" :  ""25,000""  ,  ""PER"" :  """"  }, 
  {  ""STAT"" :  ""Distinct""  ,  ""VAL"" :  ""19,931""  ,  ""PER"" :  ""(79.7%)""  }, 
  {  ""STAT"" :  ""Missing/NA""  ,  ""VAL"" :  ""1,377""  ,  ""PER"" :  ""(5.5%)""  }, 
  {  ""STAT"" :  ""Zero""  ,  ""VAL"" :  ""3,257""  ,  ""PER"" :  ""(13.0%)""  }, 
  {  ""STAT"" :  ""Most Common""  ,  ""VAL"" :  ""0""  ,  ""PER"" :  ""(13.0%)""  }, 
  {  ""STAT"" :  ""Skew""  ,  ""VAL"" :  ""HIGH""  ,  ""PER"" :  """"  }, 
  {  ""STAT"" :  ""Kurtosis""  ,  ""VAL"" :  ""HIGH""  ,  ""PER"" :  """"  }
]","0 ;; 10 ;; 36 ;; 600 ;; 1450 ;; 2279 ;; 3200 ;; 4742 ;; 8214 ;; 14221 ;; 25853 ;; 32965 ;; 43809 ;; 44039 ;; 44951 ;; 54368 ;; 55199 ;; 56378 ;; 78821 ;; 126182 ;; 20 ;; 400 ;; 656 ;; 736 ;; 827 ;; 859 ;; 1220 ;; 1540 ;; 1938 ;; 2206 ;; 2487 ;; 2489 ;; 2505 ;; 2831 ;; 3371 ;; 3400 ;; 3433 ;; 3552 ;; 4500 ;; 5000 ;; 5640 ;; 5791 ;; 5853 ;; 6032 ;; 7191 ;; 7268 ;; 7393 ;; 7500 ;; 7814 ;; 8379 ;; 882","[ 
  {  ""STAT"" :  ""Minimum""  ,  ""VAL"" :  ""-5,437,471""  }, 
  {  ""STAT"" :  ""Q - 05""  ,  ""VAL"" :  ""0""  }, 
  {  ""STAT"" :  ""Q - 25""  ,  ""VAL"" :  ""29,933""  }, 
  {  ""STAT"" :  ""Median""  ,  ""VAL"" :  ""102,618""  }, 
  {  ""STAT"" :  ""Mean""  ,  ""VAL"" :  ""3,407,085""  }, 
  {  ""STAT"" :  ""Q - 75""  ,  ""VAL"" :  ""362,012.5""  }, 
  {  ""STAT"" :  ""Q - 95""  ,  ""VAL"" :  ""5,357,595""  }, 
  {  ""STAT"" :  ""Maximum""  ,  ""VAL"" :  ""4,624,922,368""  }, 
  {  ""STAT"" :  ""Skew""  ,  ""VAL"" :  ""48.26""  }, 
  {  ""STAT"" :  ""Kurtosis""  ,  ""VAL"" :  ""3,041.41""  }
]","  { 
    ""breaks""  :  [ 
-300000, 
    -250000, 
    -200000, 
    -150000, 
    -100000, 
    -50000, 
    0, 
    50000, 
    100000, 
    150000, 
    200000, 
    250000, 
    300000, 
    350000, 
    400000, 
    450000, 
    500000, 
    550000, 
    600000, 
    650000, 
    700000, 
    750000, 
    800000, 
    850000, 
    900000
], 
    ""density""  :  [ 
0, 
    0, 
    0, 
    0, 
    0, 
    0.1623, 
    0.2252, 
    0.1926, 
    0.1091, 
    0.0725, 
    0.0498, 
    0.0366, 
    0.0287, 
    0.0205, 
    0.0195, 
    0.0157, 
    0.0134, 
    0.0102, 
    0.0108, 
    0.0088, 
    0.008, 
    0.0074, 
    0.0072, 
    0.0015
], 
    ""y""  :  [ 
1, 
    0, 
    1, 
    0, 
    1, 
    3259, 
    4523, 
    3869, 
    2192, 
    1457, 
    1000, 
    736, 
    576, 
    412, 
    392, 
    316, 
    269, 
    205, 
    216, 
    176, 
    160, 
    148, 
    145, 
    31
], 
    ""mids""  :  [ 
-275000, 
    -225000, 
    -175000, 
    -125000, 
    -75000, 
    -25000, 
    25000, 
    75000, 
    125000, 
    175000, 
    225000, 
    275000, 
    325000, 
    375000, 
    425000, 
    475000, 
    525000, 
    575000, 
    625000, 
    675000, 
    725000, 
    775000, 
    825000, 
    875000
], 
    ""mean""  :  [ 
3407085.2205
], 
    ""median""  :  [ 
102618
], 
    ""min""  :  [ 
-5437471
], 
    ""max""  :  [ 
4624922368
]
  }","d5008897331c88803798ab5c9be108be","",""
