"var_name","dd_vname_alias","dd_vlabel","dd_vdesc","dd_f_levels","raw_data_storage","raw_data_type","raw_data_subtype","raw_data_class","raw_data_unit","raw_data_format","raw_data_import_rule","raw_first5","raw_duplicated","stable_data_storage","stable_data_type","stable_data_subtype","stable_data_class","stable_data_unit","stable_data_format","stable_data_transform","stable_data_import_rule","rg_properties","rg_preview","rg_stats","rg_graphics","rg_max_chr","validate_rules","validate_format","prov_start_hash","prov_current_hash"
"F9_00_ORG_NAME_L1","","F9_00_ORG_NAME_L1","","","character","string","","","","","","INTERNATIONAL UNI... ;; 
RETAIL MERCHANTS ... ;; 
MORRIS COUNTY FAR... ;; 
NATIONAL ASSOCIAT... ;; 
AMERICAN MEAD MAK...",FALSE,"character","string","","","","","","","[ 
  {  ""STAT"" :  ""Rows""  ,  ""VAL"" :  ""25,000""  ,  ""PER"" :  """"  }, 
  {  ""STAT"" :  ""Distinct""  ,  ""VAL"" :  ""17,455""  ,  ""PER"" :  ""(69.8%)""  }, 
  {  ""STAT"" :  ""Missing/NA""  ,  ""VAL"" :  ""1,378""  ,  ""PER"" :  ""(5.5%)""  }, 
  {  ""STAT"" :  ""Most Common""  ,  ""VAL"" :  ""AMERICAN LEGION""  ,  ""PER"" :  ""(2.3%)""  }
]","AMERICAN LEGION ;; ROTARY INTERNATIONAL ;; BENEVOLENT & PROTECTIVE ORDER OF ELKS OF THE USA ;; VETERANS OF FOREIGN WARS OF THE UNITED STATES DE ;; INTERNATIONAL ASSOCIATION OF LIONS CLUBS ;; KNIGHTS OF COLUMBUS ;; FRATERNAL ORDER OF EAGLES ;; INTERNATIONAL ASSOCIATION OF FIRE FIGHTERS ;; UNITED STEELWORKERS ;; AMERICAN FEDERATION OF TEACHERS ;; KIWANIS INTERNATIONAL INC ;; INTERNATIONAL BROTHERHOO","{
  ""STATS"": [
    {
      ""STAT"": ""Minimum"",
      ""CHARACTERS"": 3,
      ""WORDS"": 1
    },
    {
      ""STAT"": ""Median"",
      ""CHARACTERS"": 34,
      ""WORDS"": 5
    },
    {
      ""STAT"": ""Mean"",
      ""CHARACTERS"": 35.64,
      ""WORDS"": 5.08
    },
    {
      ""STAT"": ""Max"",
      ""CHARACTERS"": 97,
      ""WORDS"": 17
    },
    {
      ""STAT"": ""Skew"",
      ""CHARACTERS"": 0.43,
      ""WORDS"": 0.94
    }
  ],
  ""HIST"": [
    ""<?xml version=\""1.0\"" encoding=\""UTF-8\""?>\n<svg xmlns=\""http://www.w3.org/2000/svg\"" xmlns:xlink=\""http://www.w3.org/1999/xlink\"" width=\""48.00pt\"" height=\""12.00pt\"" viewBox=\""0 0 48.00 12.00\"">\n  <g class=\""svglite\"">\n    <defs>\n      <style type=\""text/css\""><![CDATA[\n    .svglite line, .svglite polyline, .svglite polygon, .svglite path, .svglite rect, .svglite circle {\n      fill: none;\n      stroke: #000000;\n      stroke-linecap: round;\n      stroke-linejoin: round;\n      stroke-miterlimit: 10.00;\n    }\n    .svglite text {\n      white-space: pre;\n    }\n    .svglite g.glyphgroup path {\n      fill: inherit;\n      stroke: none;\n    }\n  ]]><\/style>\n    <\/defs>\n    <rect width=\""100%\"" height=\""100%\"" style=\""stroke: none; fill: none;\""/>\n    <defs>\n      <clipPath id=\""cpMC4wMHw0OC4wMHwwLjAwfDEyLjAw\"">\n        <rect x=\""0.00\"" y=\""0.00\"" width=\""48.00\"" height=\""12.00\""/>\n      <\/clipPath>\n    <\/defs>\n    <g clip-path=\""url(#cpMC4wMHw0OC4wMHwwLjAwfDEyLjAw)\"">\n<\/g>\n    <defs>\n      <clipPath id=\""cpMC4wMHw0OC4wMHwyLjg4fDEyLjAw\"">\n        <rect x=\""0.00\"" y=\""2.88\"" width=\""48.00\"" height=\""9.12\""/>\n      <\/clipPath>\n    <\/defs>\n    <g clip-path=\""url(#cpMC4wMHw0OC4wMHwyLjg4fDEyLjAw)\"">\n      <rect x=\""0.36\"" y=\""11.63\"" width=\""2.36\"" height=\""0.037\"" style=\""stroke-width: 0.38; fill: #D3D3D3;\""/>\n      <rect x=\""2.72\"" y=\""11.08\"" width=\""2.36\"" height=\""0.58\"" style=\""stroke-width: 0.38; fill: #D3D3D3;\""/>\n      <rect x=\""5.09\"" y=\""9.53\"" width=\""2.36\"" height=\""2.13\"" style=\""stroke-width: 0.38; fill: #D3D3D3;\""/>\n      <rect x=\""7.45\"" y=\""6.90\"" width=\""2.36\"" height=\""4.76\"" style=\""stroke-width: 0.38; fill: #D3D3D3;\""/>\n      <rect x=\""9.82\"" y=\""5.47\"" width=\""2.36\"" height=\""6.19\"" style=\""stroke-width: 0.38; fill: #D3D3D3;\""/>\n      <rect x=\""12.18\"" y=\""4.25\"" width=\""2.36\"" height=\""7.41\"" style=\""stroke-width: 0.38; fill: #D3D3D3;\""/>\n      <rect x=\""14.54\"" y=\""3.22\"" width=\""2.36\"" height=\""8.44\"" style=\""stroke-width: 0.38; fill: #D3D3D3;\""/>\n      <rect x=\""16.91\"" y=\""4.44\"" width=\""2.36\"" height=\""7.22\"" style=\""stroke-width: 0.38; fill: #D3D3D3;\""/>\n      <rect x=\""19.27\"" y=\""5.79\"" width=\""2.36\"" height=\""5.87\"" style=\""stroke-width: 0.38; fill: #D3D3D3;\""/>\n      <rect x=\""21.64\"" y=\""7.12\"" width=\""2.36\"" height=\""4.55\"" style=\""stroke-width: 0.38; fill: #D3D3D3;\""/>\n      <rect x=\""24.00\"" y=\""9.30\"" width=\""2.36\"" height=\""2.36\"" style=\""stroke-width: 0.38; fill: #D3D3D3;\""/>\n      <rect x=\""26.36\"" y=\""9.56\"" width=\""2.36\"" height=\""2.10\"" style=\""stroke-width: 0.38; fill: #D3D3D3;\""/>\n      <rect x=\""28.73\"" y=\""9.65\"" width=\""2.36\"" height=\""2.01\"" style=\""stroke-width: 0.38; fill: #D3D3D3;\""/>\n      <rect x=\""31.09\"" y=\""10.53\"" width=\""2.36\"" height=\""1.14\"" style=\""stroke-width: 0.38; fill: #D3D3D3;\""/>\n      <rect x=\""33.46\"" y=\""11.65\"" width=\""2.36\"" height=\""0.0093\"" style=\""stroke-width: 0.38; fill: #D3D3D3;\""/>\n      <rect x=\""35.82\"" y=\""11.65\"" width=\""2.36\"" height=\""0.0093\"" style=\""stroke-width: 0.38; fill: #D3D3D3;\""/>\n      <rect x=\""38.18\"" y=\""11.66\"" width=\""2.36\"" height=\""0.0023\"" style=\""stroke-width: 0.38; fill: #D3D3D3;\""/>\n      <rect x=\""40.55\"" y=\""11.66\"" width=\""2.36\"" height=\""0.00\"" style=\""stroke-width: 0.38; fill: #D3D3D3;\""/>\n      <rect x=\""42.91\"" y=\""11.66\"" width=\""2.36\"" height=\""0.0023\"" style=\""stroke-width: 0.38; fill: #D3D3D3;\""/>\n      <rect x=\""45.28\"" y=\""11.66\"" width=\""2.36\"" height=\""0.0023\"" style=\""stroke-width: 0.38; fill: #D3D3D3;\""/>\n    <\/g>\n  <\/g>\n<\/svg>\n"",
    ""<?xml version=\""1.0\"" encoding=\""UTF-8\""?>\n<svg xmlns=\""http://www.w3.org/2000/svg\"" xmlns:xlink=\""http://www.w3.org/1999/xlink\"" width=\""48.00pt\"" height=\""12.00pt\"" viewBox=\""0 0 48.00 12.00\"">\n  <g class=\""svglite\"">\n    <defs>\n      <style type=\""text/css\""><![CDATA[\n    .svglite line, .svglite polyline, .svglite polygon, .svglite path, .svglite rect, .svglite circle {\n      fill: none;\n      stroke: #000000;\n      stroke-linecap: round;\n      stroke-linejoin: round;\n      stroke-miterlimit: 10.00;\n    }\n    .svglite text {\n      white-space: pre;\n    }\n    .svglite g.glyphgroup path {\n      fill: inherit;\n      stroke: none;\n    }\n  ]]><\/style>\n    <\/defs>\n    <rect width=\""100%\"" height=\""100%\"" style=\""stroke: none; fill: none;\""/>\n    <defs>\n      <clipPath id=\""cpMC4wMHw0OC4wMHwwLjAwfDEyLjAw\"">\n        <rect x=\""0.00\"" y=\""0.00\"" width=\""48.00\"" height=\""12.00\""/>\n      <\/clipPath>\n    <\/defs>\n    <g clip-path=\""url(#cpMC4wMHw0OC4wMHwwLjAwfDEyLjAw)\"">\n<\/g>\n    <defs>\n      <clipPath id=\""cpMC4wMHw0OC4wMHwyLjg4fDEyLjAw\"">\n        <rect x=\""0.00\"" y=\""2.88\"" width=\""48.00\"" height=\""9.12\""/>\n      <\/clipPath>\n    <\/defs>\n    <g clip-path=\""url(#cpMC4wMHw0OC4wMHwyLjg4fDEyLjAw)\"">\n      <rect x=\""1.78\"" y=\""8.74\"" width=\""2.78\"" height=\""2.92\"" style=\""stroke-width: 0.38; fill: #D3D3D3;\""/>\n      <rect x=\""4.56\"" y=\""6.92\"" width=\""2.78\"" height=\""4.75\"" style=\""stroke-width: 0.38; fill: #D3D3D3;\""/>\n      <rect x=\""7.33\"" y=\""3.22\"" width=\""2.78\"" height=\""8.44\"" style=\""stroke-width: 0.38; fill: #D3D3D3;\""/>\n      <rect x=\""10.11\"" y=\""3.77\"" width=\""2.78\"" height=\""7.89\"" style=\""stroke-width: 0.38; fill: #D3D3D3;\""/>\n      <rect x=\""12.89\"" y=\""7.49\"" width=\""2.78\"" height=\""4.17\"" style=\""stroke-width: 0.38; fill: #D3D3D3;\""/>\n      <rect x=\""15.67\"" y=\""8.90\"" width=\""2.78\"" height=\""2.76\"" style=\""stroke-width: 0.38; fill: #D3D3D3;\""/>\n      <rect x=\""18.44\"" y=\""9.84\"" width=\""2.78\"" height=\""1.83\"" style=\""stroke-width: 0.38; fill: #D3D3D3;\""/>\n      <rect x=\""21.22\"" y=\""10.20\"" width=\""2.78\"" height=\""1.46\"" style=\""stroke-width: 0.38; fill: #D3D3D3;\""/>\n      <rect x=\""24.00\"" y=\""11.15\"" width=\""2.78\"" height=\""0.51\"" style=\""stroke-width: 0.38; fill: #D3D3D3;\""/>\n      <rect x=\""26.78\"" y=\""10.95\"" width=\""2.78\"" height=\""0.72\"" style=\""stroke-width: 0.38; fill: #D3D3D3;\""/>\n      <rect x=\""29.56\"" y=\""11.47\"" width=\""2.78\"" height=\""0.20\"" style=\""stroke-width: 0.38; fill: #D3D3D3;\""/>\n      <rect x=\""32.33\"" y=\""11.63\"" width=\""2.78\"" height=\""0.035\"" style=\""stroke-width: 0.38; fill: #D3D3D3;\""/>\n      <rect x=\""35.11\"" y=\""11.65\"" width=\""2.78\"" height=\""0.017\"" style=\""stroke-width: 0.38; fill: #D3D3D3;\""/>\n      <rect x=\""37.89\"" y=\""11.66\"" width=\""2.78\"" height=\""0.0045\"" style=\""stroke-width: 0.38; fill: #D3D3D3;\""/>\n      <rect x=\""40.67\"" y=\""11.66\"" width=\""2.78\"" height=\""0.0045\"" style=\""stroke-width: 0.38; fill: #D3D3D3;\""/>\n      <rect x=\""43.44\"" y=\""11.66\"" width=\""2.78\"" height=\""0.0015\"" style=\""stroke-width: 0.38; fill: #D3D3D3;\""/>\n    <\/g>\n  <\/g>\n<\/svg>\n""
  ],
  ""COMMON"": [
    {
      ""Value"": ""AMERICAN LEGION"",
      ""Frequency"": 573
    },
    {
      ""Value"": ""ROTARY INTERNATIONAL"",
      ""Frequency"": 493
    },
    {
      ""Value"": ""BENEVOLENT & PROTECTIVE ORDER OF ELKS OF THE USA"",
      ""Frequency"": 302
    },
    {
      ""Value"": ""INTERNATIONAL ASSOCIATION OF LIONS CLUBS"",
      ""Frequency"": 250
    },
    {
      ""Value"": ""KNIGHTS OF COLUMBUS"",
      ""Frequency"": 236
    },
    {
      ""Value"": ""FRATERNAL ORDER OF EAGLES"",
      ""Frequency"": 195
    }
  ]
}","[ 
  {  ""ww"" :  ""INC""  ,  ""Freq"" :  6234  }, 
  {  ""ww"" :  ""ASSOCIATION""  ,  ""Freq"" :  5553  }, 
  {  ""ww"" :  ""CLUB""  ,  ""Freq"" :  2150  }, 
  {  ""ww"" :  ""INTERNATIONAL""  ,  ""Freq"" :  2135  }, 
  {  ""ww"" :  ""AMERICAN""  ,  ""Freq"" :  1664  }, 
  {  ""ww"" :  ""COUNTY""  ,  ""Freq"" :  1115  }, 
  {  ""ww"" :  ""ORDER""  ,  ""Freq"" :  1026  }, 
  {  ""ww"" :  ""UNITED""  ,  ""Freq"" :  867  }, 
  {  ""ww"" :  ""CHAMBER""  ,  ""Freq"" :  856  }, 
  {  ""ww"" :  ""COMMERCE""  ,  ""Freq"" :  841  }, 
  {  ""ww"" :  ""UNION""  ,  ""Freq"" :  799  }, 
  {  ""ww"" :  ""LEGION""  ,  ""Freq"" :  752  }, 
  {  ""ww"" :  ""FIRE""  ,  ""Freq"" :  677  }, 
  {  ""ww"" :  ""VETERANS""  ,  ""Freq"" :  656  }, 
  {  ""ww"" :  ""CORPORATION""  ,  ""Freq"" :  606  }, 
  {  ""ww"" :  ""WORKERS""  ,  ""Freq"" :  593  }, 
  {  ""ww"" :  ""FUND""  ,  ""Freq"" :  555  }, 
  {  ""ww"" :  ""NEW""  ,  ""Freq"" :  555  }, 
  {  ""ww"" :  ""FEDERATION""  ,  ""Freq"" :  554  }, 
  {  ""ww"" :  ""AMERICA""  ,  ""Freq"" :  548  }, 
  {  ""ww"" :  ""SOCIETY""  ,  ""Freq"" :  545  }, 
  {  ""ww"" :  ""ROTARY""  ,  ""Freq"" :  537  }, 
  {  ""ww"" :  ""NATIONAL""  ,  ""Freq"" :  536  }, 
  {  ""ww"" :  ""FOREIGN""  ,  ""Freq"" :  515  }, 
  {  ""ww"" :  ""WARS""  ,  ""Freq"" :  514  }, 
  {  ""ww"" :  ""STATE""  ,  ""Freq"" :  479  }, 
  {  ""ww"" :  ""FRATERNITY""  ,  ""Freq"" :  477  }, 
  {  ""ww"" :  ""BENEVOLENT""  ,  ""Freq"" :  466  }, 
  {  ""ww"" :  ""EMPLOYEES""  ,  ""Freq"" :  454  }, 
  {  ""ww"" :  ""CEMETERY""  ,  ""Freq"" :  440  }, 
  {  ""ww"" :  ""WATER""  ,  ""Freq"" :  438  }, 
  {  ""ww"" :  ""TRUST""  ,  ""Freq"" :  436  }, 
  {  ""ww"" :  ""HEALTH""  ,  ""Freq"" :  426  }, 
  {  ""ww"" :  ""DEPT""  ,  ""Freq"" :  415  }, 
  {  ""ww"" :  ""STATES""  ,  ""Freq"" :  409  }, 
  {  ""ww"" :  ""BUREAU""  ,  ""Freq"" :  399  }, 
  {  ""ww"" :  ""DEPARTMENT""  ,  ""Freq"" :  399  }, 
  {  ""ww"" :  ""USA""  ,  ""Freq"" :  371  }, 
  {  ""ww"" :  ""COUNCIL""  ,  ""Freq"" :  370  }, 
  {  ""ww"" :  ""PROTECTIVE""  ,  ""Freq"" :  361  }, 
  {  ""ww"" :  ""ELKS""  ,  ""Freq"" :  353  }, 
  {  ""ww"" :  ""FARM""  ,  ""Freq"" :  334  }, 
  {  ""ww"" :  ""FRATERNAL""  ,  ""Freq"" :  334  }, 
  {  ""ww"" :  ""COUNTRY""  ,  ""Freq"" :  331  }, 
  {  ""ww"" :  ""ALPHA""  ,  ""Freq"" :  322  }, 
  {  ""ww"" :  ""CHAPTER""  ,  ""Freq"" :  321  }, 
  {  ""ww"" :  ""VOLUNTEER""  ,  ""Freq"" :  321  }, 
  {  ""ww"" :  ""CALIFORNIA""  ,  ""Freq"" :  318  }, 
  {  ""ww"" :  ""COMPANY""  ,  ""Freq"" :  317  }, 
  {  ""ww"" :  ""COMMUNITY""  ,  ""Freq"" :  316  }
]",97,"","","","c37e83a29aac696516a76c253df473d9"
"F0_00_ORG_CONTACT","","F0_00_ORG_CONTACT","","","character","string","","","","","","JACK ARGILA ;; 
KATHY/NANCY ;; 
DAVE A WARRINGTON ;; 
BRIAN WING ;; 
GARY M SIMMONS",FALSE,"character","string","","","","","","","[ 
  {  ""STAT"" :  ""Rows""  ,  ""VAL"" :  ""25,000""  ,  ""PER"" :  """"  }, 
  {  ""STAT"" :  ""Distinct""  ,  ""VAL"" :  ""10,990""  ,  ""PER"" :  ""(44.0%)""  }, 
  {  ""STAT"" :  ""Missing/NA""  ,  ""VAL"" :  ""13,392""  ,  ""PER"" :  ""(53.6%)""  }, 
  {  ""STAT"" :  ""Most Common""  ,  ""VAL"" :  ""TREASURER""  ,  ""PER"" :  ""(0.3%)""  }
]","TREASURER ;; FINANCIAL SECRETARY ;; THE ORGANIZATION ;; SORORITY SOLUTIONS ;; WORTHY SECRETARY ;; COMMERCE ;; PEO TREASURER ;; PRESIDENT ;; SECRETARY ;; THE BANK OF NEW YORK MELLON ;; COMMANDER ;; SECRETARY TREASURER ;; AGRECORDS ;; SCIARABBA WALKER ;; AIPSO ;; QUARTERMASTER ;; CREST MANAGEMENT ;; BRIANNE TILLOTSON ;; MIDAMERICA RET & ADMIN SOL INC ;; POST QUARTERMASTER ;; BOARD OF TRUSTEES ;; GEO","{
  ""STATS"": [
    {
      ""STAT"": ""Minimum"",
      ""CHARACTERS"": 1,
      ""WORDS"": 1
    },
    {
      ""STAT"": ""Median"",
      ""CHARACTERS"": 14,
      ""WORDS"": 2
    },
    {
      ""STAT"": ""Mean"",
      ""CHARACTERS"": 15.02,
      ""WORDS"": 2.49
    },
    {
      ""STAT"": ""Max"",
      ""CHARACTERS"": 33,
      ""WORDS"": 9
    },
    {
      ""STAT"": ""Skew"",
      ""CHARACTERS"": 1.29,
      ""WORDS"": 1.63
    }
  ],
  ""HIST"": [
    ""<?xml version=\""1.0\"" encoding=\""UTF-8\""?>\n<svg xmlns=\""http://www.w3.org/2000/svg\"" xmlns:xlink=\""http://www.w3.org/1999/xlink\"" width=\""48.00pt\"" height=\""12.00pt\"" viewBox=\""0 0 48.00 12.00\"">\n  <g class=\""svglite\"">\n    <defs>\n      <style type=\""text/css\""><![CDATA[\n    .svglite line, .svglite polyline, .svglite polygon, .svglite path, .svglite rect, .svglite circle {\n      fill: none;\n      stroke: #000000;\n      stroke-linecap: round;\n      stroke-linejoin: round;\n      stroke-miterlimit: 10.00;\n    }\n    .svglite text {\n      white-space: pre;\n    }\n    .svglite g.glyphgroup path {\n      fill: inherit;\n      stroke: none;\n    }\n  ]]><\/style>\n    <\/defs>\n    <rect width=\""100%\"" height=\""100%\"" style=\""stroke: none; fill: none;\""/>\n    <defs>\n      <clipPath id=\""cpMC4wMHw0OC4wMHwwLjAwfDEyLjAw\"">\n        <rect x=\""0.00\"" y=\""0.00\"" width=\""48.00\"" height=\""12.00\""/>\n      <\/clipPath>\n    <\/defs>\n    <g clip-path=\""url(#cpMC4wMHw0OC4wMHwwLjAwfDEyLjAw)\"">\n<\/g>\n    <defs>\n      <clipPath id=\""cpMC4wMHw0OC4wMHwyLjg4fDEyLjAw\"">\n        <rect x=\""0.00\"" y=\""2.88\"" width=\""48.00\"" height=\""9.12\""/>\n      <\/clipPath>\n    <\/defs>\n    <g clip-path=\""url(#cpMC4wMHw0OC4wMHwyLjg4fDEyLjAw)\"">\n      <rect x=\""0.39\"" y=\""11.63\"" width=\""2.78\"" height=\""0.033\"" style=\""stroke-width: 0.38; fill: #D3D3D3;\""/>\n      <rect x=\""3.17\"" y=\""11.34\"" width=\""2.78\"" height=\""0.32\"" style=\""stroke-width: 0.38; fill: #D3D3D3;\""/>\n      <rect x=\""5.94\"" y=\""11.48\"" width=\""2.78\"" height=\""0.19\"" style=\""stroke-width: 0.38; fill: #D3D3D3;\""/>\n      <rect x=\""8.72\"" y=\""11.00\"" width=\""2.78\"" height=\""0.66\"" style=\""stroke-width: 0.38; fill: #D3D3D3;\""/>\n      <rect x=\""11.50\"" y=\""8.53\"" width=\""2.78\"" height=\""3.13\"" style=\""stroke-width: 0.38; fill: #D3D3D3;\""/>\n      <rect x=\""14.28\"" y=\""4.73\"" width=\""2.78\"" height=\""6.93\"" style=\""stroke-width: 0.38; fill: #D3D3D3;\""/>\n      <rect x=\""17.06\"" y=\""3.22\"" width=\""2.78\"" height=\""8.44\"" style=\""stroke-width: 0.38; fill: #D3D3D3;\""/>\n      <rect x=\""19.83\"" y=\""5.33\"" width=\""2.78\"" height=\""6.33\"" style=\""stroke-width: 0.38; fill: #D3D3D3;\""/>\n      <rect x=\""22.61\"" y=\""8.36\"" width=\""2.78\"" height=\""3.30\"" style=\""stroke-width: 0.38; fill: #D3D3D3;\""/>\n      <rect x=\""25.39\"" y=\""9.89\"" width=\""2.78\"" height=\""1.78\"" style=\""stroke-width: 0.38; fill: #D3D3D3;\""/>\n      <rect x=\""28.17\"" y=\""10.62\"" width=\""2.78\"" height=\""1.04\"" style=\""stroke-width: 0.38; fill: #D3D3D3;\""/>\n      <rect x=\""30.94\"" y=\""10.93\"" width=\""2.78\"" height=\""0.73\"" style=\""stroke-width: 0.38; fill: #D3D3D3;\""/>\n      <rect x=\""33.72\"" y=\""10.96\"" width=\""2.78\"" height=\""0.70\"" style=\""stroke-width: 0.38; fill: #D3D3D3;\""/>\n      <rect x=\""36.50\"" y=\""11.05\"" width=\""2.78\"" height=\""0.61\"" style=\""stroke-width: 0.38; fill: #D3D3D3;\""/>\n      <rect x=\""39.28\"" y=\""11.29\"" width=\""2.78\"" height=\""0.37\"" style=\""stroke-width: 0.38; fill: #D3D3D3;\""/>\n      <rect x=\""42.06\"" y=\""11.32\"" width=\""2.78\"" height=\""0.34\"" style=\""stroke-width: 0.38; fill: #D3D3D3;\""/>\n      <rect x=\""44.83\"" y=\""11.27\"" width=\""2.78\"" height=\""0.39\"" style=\""stroke-width: 0.38; fill: #D3D3D3;\""/>\n    <\/g>\n  <\/g>\n<\/svg>\n"",
    ""<?xml version=\""1.0\"" encoding=\""UTF-8\""?>\n<svg xmlns=\""http://www.w3.org/2000/svg\"" xmlns:xlink=\""http://www.w3.org/1999/xlink\"" width=\""48.00pt\"" height=\""12.00pt\"" viewBox=\""0 0 48.00 12.00\"">\n  <g class=\""svglite\"">\n    <defs>\n      <style type=\""text/css\""><![CDATA[\n    .svglite line, .svglite polyline, .svglite polygon, .svglite path, .svglite rect, .svglite circle {\n      fill: none;\n      stroke: #000000;\n      stroke-linecap: round;\n      stroke-linejoin: round;\n      stroke-miterlimit: 10.00;\n    }\n    .svglite text {\n      white-space: pre;\n    }\n    .svglite g.glyphgroup path {\n      fill: inherit;\n      stroke: none;\n    }\n  ]]><\/style>\n    <\/defs>\n    <rect width=\""100%\"" height=\""100%\"" style=\""stroke: none; fill: none;\""/>\n    <defs>\n      <clipPath id=\""cpMC4wMHw0OC4wMHwwLjAwfDEyLjAw\"">\n        <rect x=\""0.00\"" y=\""0.00\"" width=\""48.00\"" height=\""12.00\""/>\n      <\/clipPath>\n    <\/defs>\n    <g clip-path=\""url(#cpMC4wMHw0OC4wMHwwLjAwfDEyLjAw)\"">\n<\/g>\n    <defs>\n      <clipPath id=\""cpMC4wMHw0OC4wMHwyLjg4fDEyLjAw\"">\n        <rect x=\""0.00\"" y=\""2.88\"" width=\""48.00\"" height=\""9.12\""/>\n      <\/clipPath>\n    <\/defs>\n    <g clip-path=\""url(#cpMC4wMHw0OC4wMHwyLjg4fDEyLjAw)\"">\n      <rect x=\""1.78\"" y=\""11.20\"" width=\""2.78\"" height=\""0.47\"" style=\""stroke-width: 0.38; fill: #D3D3D3;\""/>\n      <rect x=\""4.56\"" y=\""3.22\"" width=\""2.78\"" height=\""8.44\"" style=\""stroke-width: 0.38; fill: #D3D3D3;\""/>\n      <rect x=\""7.33\"" y=\""11.66\"" width=\""2.78\"" height=\""0.00\"" style=\""stroke-width: 0.38; fill: #D3D3D3;\""/>\n      <rect x=\""10.11\"" y=\""7.80\"" width=\""2.78\"" height=\""3.87\"" style=\""stroke-width: 0.38; fill: #D3D3D3;\""/>\n      <rect x=\""12.89\"" y=\""11.66\"" width=\""2.78\"" height=\""0.00\"" style=\""stroke-width: 0.38; fill: #D3D3D3;\""/>\n      <rect x=\""15.67\"" y=\""10.65\"" width=\""2.78\"" height=\""1.02\"" style=\""stroke-width: 0.38; fill: #D3D3D3;\""/>\n      <rect x=\""18.44\"" y=\""11.66\"" width=\""2.78\"" height=\""0.00\"" style=\""stroke-width: 0.38; fill: #D3D3D3;\""/>\n      <rect x=\""21.22\"" y=\""11.35\"" width=\""2.78\"" height=\""0.31\"" style=\""stroke-width: 0.38; fill: #D3D3D3;\""/>\n      <rect x=\""24.00\"" y=\""11.66\"" width=\""2.78\"" height=\""0.00\"" style=\""stroke-width: 0.38; fill: #D3D3D3;\""/>\n      <rect x=\""26.78\"" y=\""11.55\"" width=\""2.78\"" height=\""0.12\"" style=\""stroke-width: 0.38; fill: #D3D3D3;\""/>\n      <rect x=\""29.56\"" y=\""11.66\"" width=\""2.78\"" height=\""0.00\"" style=\""stroke-width: 0.38; fill: #D3D3D3;\""/>\n      <rect x=\""32.33\"" y=\""11.64\"" width=\""2.78\"" height=\""0.020\"" style=\""stroke-width: 0.38; fill: #D3D3D3;\""/>\n      <rect x=\""35.11\"" y=\""11.66\"" width=\""2.78\"" height=\""0.00\"" style=\""stroke-width: 0.38; fill: #D3D3D3;\""/>\n      <rect x=\""37.89\"" y=\""11.66\"" width=\""2.78\"" height=\""0.0049\"" style=\""stroke-width: 0.38; fill: #D3D3D3;\""/>\n      <rect x=\""40.67\"" y=\""11.66\"" width=\""2.78\"" height=\""0.00\"" style=\""stroke-width: 0.38; fill: #D3D3D3;\""/>\n      <rect x=\""43.44\"" y=\""11.66\"" width=\""2.78\"" height=\""0.0012\"" style=\""stroke-width: 0.38; fill: #D3D3D3;\""/>\n    <\/g>\n  <\/g>\n<\/svg>\n""
  ],
  ""COMMON"": [
    {
      ""Value"": ""TREASURER"",
      ""Frequency"": 67
    },
    {
      ""Value"": ""FINANCIAL SECRETARY"",
      ""Frequency"": 66
    },
    {
      ""Value"": ""THE ORGANIZATION"",
      ""Frequency"": 44
    },
    {
      ""Value"": ""SORORITY SOLUTIONS"",
      ""Frequency"": 27
    },
    {
      ""Value"": ""WORTHY SECRETARY"",
      ""Frequency"": 24
    },
    {
      ""Value"": ""COMMERCE"",
      ""Frequency"": 18
    }
  ]
}","[ 
  {  ""ww"" :  ""JOHN""  ,  ""Freq"" :  289  }, 
  {  ""ww"" :  ""J""  ,  ""Freq"" :  286  }, 
  {  ""ww"" :  ""L""  ,  ""Freq"" :  227  }, 
  {  ""ww"" :  ""TREASURER""  ,  ""Freq"" :  227  }, 
  {  ""ww"" :  ""ROBERT""  ,  ""Freq"" :  223  }, 
  {  ""ww"" :  ""JAMES""  ,  ""Freq"" :  219  }, 
  {  ""ww"" :  ""DAVID""  ,  ""Freq"" :  218  }, 
  {  ""ww"" :  ""M""  ,  ""Freq"" :  211  }, 
  {  ""ww"" :  ""MICHAEL""  ,  ""Freq"" :  204  }, 
  {  ""ww"" :  ""R""  ,  ""Freq"" :  196  }, 
  {  ""ww"" :  ""E""  ,  ""Freq"" :  190  }, 
  {  ""ww"" :  ""INC""  ,  ""Freq"" :  182  }, 
  {  ""ww"" :  ""D""  ,  ""Freq"" :  176  }, 
  {  ""ww"" :  ""WILLIAM""  ,  ""Freq"" :  166  }, 
  {  ""ww"" :  ""C""  ,  ""Freq"" :  163  }, 
  {  ""ww"" :  ""RICHARD""  ,  ""Freq"" :  155  }, 
  {  ""ww"" :  ""SECRETARY""  ,  ""Freq"" :  146  }, 
  {  ""ww"" :  ""THOMAS""  ,  ""Freq"" :  141  }, 
  {  ""ww"" :  ""JR""  ,  ""Freq"" :  140  }, 
  {  ""ww"" :  ""W""  ,  ""Freq"" :  138  }, 
  {  ""ww"" :  ""S""  ,  ""Freq"" :  117  }, 
  {  ""ww"" :  ""F""  ,  ""Freq"" :  104  }, 
  {  ""ww"" :  ""P""  ,  ""Freq"" :  104  }, 
  {  ""ww"" :  ""MANAGEMENT""  ,  ""Freq"" :  90  }, 
  {  ""ww"" :  ""CHARLES""  ,  ""Freq"" :  89  }, 
  {  ""ww"" :  ""H""  ,  ""Freq"" :  89  }, 
  {  ""ww"" :  ""PAUL""  ,  ""Freq"" :  89  }, 
  {  ""ww"" :  ""MARK""  ,  ""Freq"" :  88  }, 
  {  ""ww"" :  ""BANK""  ,  ""Freq"" :  86  }, 
  {  ""ww"" :  ""FINANCIAL""  ,  ""Freq"" :  82  }, 
  {  ""ww"" :  ""B""  ,  ""Freq"" :  81  }, 
  {  ""ww"" :  ""PRES""  ,  ""Freq"" :  81  }, 
  {  ""ww"" :  ""JOSEPH""  ,  ""Freq"" :  80  }, 
  {  ""ww"" :  ""BRIAN""  ,  ""Freq"" :  78  }, 
  {  ""ww"" :  ""CO""  ,  ""Freq"" :  75  }, 
  {  ""ww"" :  ""SMITH""  ,  ""Freq"" :  75  }, 
  {  ""ww"" :  ""G""  ,  ""Freq"" :  73  }, 
  {  ""ww"" :  ""MARY""  ,  ""Freq"" :  72  }, 
  {  ""ww"" :  ""TREAS""  ,  ""Freq"" :  68  }, 
  {  ""ww"" :  ""K""  ,  ""Freq"" :  67  }, 
  {  ""ww"" :  ""T""  ,  ""Freq"" :  67  }, 
  {  ""ww"" :  ""JOHNSON""  ,  ""Freq"" :  64  }, 
  {  ""ww"" :  ""SCOTT""  ,  ""Freq"" :  64  }, 
  {  ""ww"" :  ""PRESIDENT""  ,  ""Freq"" :  63  }, 
  {  ""ww"" :  ""CPA""  ,  ""Freq"" :  61  }, 
  {  ""ww"" :  ""LARRY""  ,  ""Freq"" :  61  }, 
  {  ""ww"" :  ""RONALD""  ,  ""Freq"" :  61  }, 
  {  ""ww"" :  ""GEORGE""  ,  ""Freq"" :  60  }, 
  {  ""ww"" :  ""COMPANY""  ,  ""Freq"" :  56  }, 
  {  ""ww"" :  ""FRANK""  ,  ""Freq"" :  56  }
]",33,"","","","76eeb54cf49bfd89dd1feb1306dfeb31"
"F9_00_ORG_ADDR_L1","","F9_00_ORG_ADDR_L1","","","character","string","","","","","","4 COURT SQUARE ;; 
5101 MONUMENT AVE ;; 
818 LINDA DR ;; 
PO BOX 7002 ;; 
5214 25TH AVE N",FALSE,"character","string","","","","","","","[ 
  {  ""STAT"" :  ""Rows""  ,  ""VAL"" :  ""25,000""  ,  ""PER"" :  """"  }, 
  {  ""STAT"" :  ""Distinct""  ,  ""VAL"" :  ""18,785""  ,  ""PER"" :  ""(75.1%)""  }, 
  {  ""STAT"" :  ""Missing/NA""  ,  ""VAL"" :  ""1,378""  ,  ""PER"" :  ""(5.5%)""  }, 
  {  ""STAT"" :  ""Most Common""  ,  ""VAL"" :  ""9717 ELK GROVE FLORIN RD STE B""  ,  ""PER"" :  ""(0.1%)""  }
]","9717 ELK GROVE FLORIN RD STE B ;; 1154 TOWN AND COUNTRY COMMONS DR ;; PO BOX 1 ;; PO BOX 2 ;; PO BOX 5 ;; PO BOX 66 ;; PO BOX 86 ;; PO BOX 111 ;; PO BOX 217 ;; PO BOX 26 ;; PO BOX 6 ;; 695 PRO MED LN STE 300 ;; PO BOX 187 ;; PO BOX 123 ;; PO BOX 40 ;; PO BOX 535007 ;; PO BOX 8 ;; PO BOX 151 ;; PO BOX 175 ;; PO BOX 24 ;; PO BOX 37 ;; PO BOX 4 ;; PO BOX 9 ;; 3700 GRAND AVE ;; PO BOX 23 ;; PO BOX 250","{
  ""STATS"": [
    {
      ""STAT"": ""Minimum"",
      ""CHARACTERS"": 2,
      ""WORDS"": 1
    },
    {
      ""STAT"": ""Median"",
      ""CHARACTERS"": 15,
      ""WORDS"": 3
    },
    {
      ""STAT"": ""Mean"",
      ""CHARACTERS"": 16.04,
      ""WORDS"": 3.75
    },
    {
      ""STAT"": ""Max"",
      ""CHARACTERS"": 35,
      ""WORDS"": 9
    },
    {
      ""STAT"": ""Skew"",
      ""CHARACTERS"": 0.97,
      ""WORDS"": 1.42
    }
  ],
  ""HIST"": [
    ""<?xml version=\""1.0\"" encoding=\""UTF-8\""?>\n<svg xmlns=\""http://www.w3.org/2000/svg\"" xmlns:xlink=\""http://www.w3.org/1999/xlink\"" width=\""48.00pt\"" height=\""12.00pt\"" viewBox=\""0 0 48.00 12.00\"">\n  <g class=\""svglite\"">\n    <defs>\n      <style type=\""text/css\""><![CDATA[\n    .svglite line, .svglite polyline, .svglite polygon, .svglite path, .svglite rect, .svglite circle {\n      fill: none;\n      stroke: #000000;\n      stroke-linecap: round;\n      stroke-linejoin: round;\n      stroke-miterlimit: 10.00;\n    }\n    .svglite text {\n      white-space: pre;\n    }\n    .svglite g.glyphgroup path {\n      fill: inherit;\n      stroke: none;\n    }\n  ]]><\/style>\n    <\/defs>\n    <rect width=\""100%\"" height=\""100%\"" style=\""stroke: none; fill: none;\""/>\n    <defs>\n      <clipPath id=\""cpMC4wMHw0OC4wMHwwLjAwfDEyLjAw\"">\n        <rect x=\""0.00\"" y=\""0.00\"" width=\""48.00\"" height=\""12.00\""/>\n      <\/clipPath>\n    <\/defs>\n    <g clip-path=\""url(#cpMC4wMHw0OC4wMHwwLjAwfDEyLjAw)\"">\n<\/g>\n    <defs>\n      <clipPath id=\""cpMC4wMHw0OC4wMHwyLjg4fDEyLjAw\"">\n        <rect x=\""0.00\"" y=\""2.88\"" width=\""48.00\"" height=\""9.12\""/>\n      <\/clipPath>\n    <\/defs>\n    <g clip-path=\""url(#cpMC4wMHw0OC4wMHwyLjg4fDEyLjAw)\"">\n      <rect x=\""1.78\"" y=\""11.65\"" width=\""2.69\"" height=\""0.013\"" style=\""stroke-width: 0.38; fill: #D3D3D3;\""/>\n      <rect x=\""4.47\"" y=\""11.64\"" width=\""2.69\"" height=\""0.027\"" style=\""stroke-width: 0.38; fill: #D3D3D3;\""/>\n      <rect x=\""7.16\"" y=\""11.34\"" width=\""2.69\"" height=\""0.32\"" style=\""stroke-width: 0.38; fill: #D3D3D3;\""/>\n      <rect x=\""9.86\"" y=\""3.22\"" width=\""2.69\"" height=\""8.44\"" style=\""stroke-width: 0.38; fill: #D3D3D3;\""/>\n      <rect x=\""12.55\"" y=\""3.78\"" width=\""2.69\"" height=\""7.88\"" style=\""stroke-width: 0.38; fill: #D3D3D3;\""/>\n      <rect x=\""15.25\"" y=\""5.94\"" width=\""2.69\"" height=\""5.73\"" style=\""stroke-width: 0.38; fill: #D3D3D3;\""/>\n      <rect x=\""17.94\"" y=\""6.49\"" width=\""2.69\"" height=\""5.17\"" style=\""stroke-width: 0.38; fill: #D3D3D3;\""/>\n      <rect x=\""20.63\"" y=\""7.08\"" width=\""2.69\"" height=\""4.58\"" style=\""stroke-width: 0.38; fill: #D3D3D3;\""/>\n      <rect x=\""23.33\"" y=\""8.17\"" width=\""2.69\"" height=\""3.49\"" style=\""stroke-width: 0.38; fill: #D3D3D3;\""/>\n      <rect x=\""26.02\"" y=\""8.84\"" width=\""2.69\"" height=\""2.83\"" style=\""stroke-width: 0.38; fill: #D3D3D3;\""/>\n      <rect x=\""28.71\"" y=\""9.73\"" width=\""2.69\"" height=\""1.93\"" style=\""stroke-width: 0.38; fill: #D3D3D3;\""/>\n      <rect x=\""31.41\"" y=\""10.00\"" width=\""2.69\"" height=\""1.66\"" style=\""stroke-width: 0.38; fill: #D3D3D3;\""/>\n      <rect x=\""34.10\"" y=\""10.38\"" width=\""2.69\"" height=\""1.28\"" style=\""stroke-width: 0.38; fill: #D3D3D3;\""/>\n      <rect x=\""36.79\"" y=\""10.87\"" width=\""2.69\"" height=\""0.80\"" style=\""stroke-width: 0.38; fill: #D3D3D3;\""/>\n      <rect x=\""39.49\"" y=\""11.08\"" width=\""2.69\"" height=\""0.58\"" style=\""stroke-width: 0.38; fill: #D3D3D3;\""/>\n      <rect x=\""42.18\"" y=\""11.24\"" width=\""2.69\"" height=\""0.43\"" style=\""stroke-width: 0.38; fill: #D3D3D3;\""/>\n      <rect x=\""44.88\"" y=\""11.46\"" width=\""2.69\"" height=\""0.21\"" style=\""stroke-width: 0.38; fill: #D3D3D3;\""/>\n    <\/g>\n  <\/g>\n<\/svg>\n"",
    ""<?xml version=\""1.0\"" encoding=\""UTF-8\""?>\n<svg xmlns=\""http://www.w3.org/2000/svg\"" xmlns:xlink=\""http://www.w3.org/1999/xlink\"" width=\""48.00pt\"" height=\""12.00pt\"" viewBox=\""0 0 48.00 12.00\"">\n  <g class=\""svglite\"">\n    <defs>\n      <style type=\""text/css\""><![CDATA[\n    .svglite line, .svglite polyline, .svglite polygon, .svglite path, .svglite rect, .svglite circle {\n      fill: none;\n      stroke: #000000;\n      stroke-linecap: round;\n      stroke-linejoin: round;\n      stroke-miterlimit: 10.00;\n    }\n    .svglite text {\n      white-space: pre;\n    }\n    .svglite g.glyphgroup path {\n      fill: inherit;\n      stroke: none;\n    }\n  ]]><\/style>\n    <\/defs>\n    <rect width=\""100%\"" height=\""100%\"" style=\""stroke: none; fill: none;\""/>\n    <defs>\n      <clipPath id=\""cpMC4wMHw0OC4wMHwwLjAwfDEyLjAw\"">\n        <rect x=\""0.00\"" y=\""0.00\"" width=\""48.00\"" height=\""12.00\""/>\n      <\/clipPath>\n    <\/defs>\n    <g clip-path=\""url(#cpMC4wMHw0OC4wMHwwLjAwfDEyLjAw)\"">\n<\/g>\n    <defs>\n      <clipPath id=\""cpMC4wMHw0OC4wMHwyLjg4fDEyLjAw\"">\n        <rect x=\""0.00\"" y=\""2.88\"" width=\""48.00\"" height=\""9.12\""/>\n      <\/clipPath>\n    <\/defs>\n    <g clip-path=\""url(#cpMC4wMHw0OC4wMHwyLjg4fDEyLjAw)\"">\n      <rect x=\""1.78\"" y=\""11.65\"" width=\""2.78\"" height=\""0.010\"" style=\""stroke-width: 0.38; fill: #D3D3D3;\""/>\n      <rect x=\""4.56\"" y=\""11.62\"" width=\""2.78\"" height=\""0.047\"" style=\""stroke-width: 0.38; fill: #D3D3D3;\""/>\n      <rect x=\""7.33\"" y=\""11.66\"" width=\""2.78\"" height=\""0.00\"" style=\""stroke-width: 0.38; fill: #D3D3D3;\""/>\n      <rect x=\""10.11\"" y=\""3.22\"" width=\""2.78\"" height=\""8.44\"" style=\""stroke-width: 0.38; fill: #D3D3D3;\""/>\n      <rect x=\""12.89\"" y=\""11.66\"" width=\""2.78\"" height=\""0.00\"" style=\""stroke-width: 0.38; fill: #D3D3D3;\""/>\n      <rect x=\""15.67\"" y=\""8.36\"" width=\""2.78\"" height=\""3.30\"" style=\""stroke-width: 0.38; fill: #D3D3D3;\""/>\n      <rect x=\""18.44\"" y=\""11.66\"" width=\""2.78\"" height=\""0.00\"" style=\""stroke-width: 0.38; fill: #D3D3D3;\""/>\n      <rect x=\""21.22\"" y=\""10.19\"" width=\""2.78\"" height=\""1.47\"" style=\""stroke-width: 0.38; fill: #D3D3D3;\""/>\n      <rect x=\""24.00\"" y=\""11.66\"" width=\""2.78\"" height=\""0.00\"" style=\""stroke-width: 0.38; fill: #D3D3D3;\""/>\n      <rect x=\""26.78\"" y=\""10.48\"" width=\""2.78\"" height=\""1.18\"" style=\""stroke-width: 0.38; fill: #D3D3D3;\""/>\n      <rect x=\""29.56\"" y=\""11.66\"" width=\""2.78\"" height=\""0.00\"" style=\""stroke-width: 0.38; fill: #D3D3D3;\""/>\n      <rect x=\""32.33\"" y=\""11.43\"" width=\""2.78\"" height=\""0.23\"" style=\""stroke-width: 0.38; fill: #D3D3D3;\""/>\n      <rect x=\""35.11\"" y=\""11.66\"" width=\""2.78\"" height=\""0.00\"" style=\""stroke-width: 0.38; fill: #D3D3D3;\""/>\n      <rect x=\""37.89\"" y=\""11.60\"" width=\""2.78\"" height=\""0.064\"" style=\""stroke-width: 0.38; fill: #D3D3D3;\""/>\n      <rect x=\""40.67\"" y=\""11.66\"" width=\""2.78\"" height=\""0.00\"" style=\""stroke-width: 0.38; fill: #D3D3D3;\""/>\n      <rect x=\""43.44\"" y=\""11.66\"" width=\""2.78\"" height=\""0.0069\"" style=\""stroke-width: 0.38; fill: #D3D3D3;\""/>\n    <\/g>\n  <\/g>\n<\/svg>\n""
  ],
  ""COMMON"": [
    {
      ""Value"": ""9717 ELK GROVE FLORIN RD STE B"",
      ""Frequency"": 37
    },
    {
      ""Value"": ""1154 TOWN AND COUNTRY COMMONS DR"",
      ""Frequency"": 23
    },
    {
      ""Value"": ""PO BOX 1"",
      ""Frequency"": 20
    },
    {
      ""Value"": ""PO BOX 2"",
      ""Frequency"": 19
    },
    {
      ""Value"": ""PO BOX 5"",
      ""Frequency"": 19
    },
    {
      ""Value"": ""PO BOX 66"",
      ""Frequency"": 18
    }
  ]
}","[ 
  {  ""ww"" :  ""BOX""  ,  ""Freq"" :  7649  }, 
  {  ""ww"" :  ""PO""  ,  ""Freq"" :  7593  }, 
  {  ""ww"" :  ""ST""  ,  ""Freq"" :  4183  }, 
  {  ""ww"" :  ""STE""  ,  ""Freq"" :  2811  }, 
  {  ""ww"" :  ""RD""  ,  ""Freq"" :  2537  }, 
  {  ""ww"" :  ""AVE""  ,  ""Freq"" :  2464  }, 
  {  ""ww"" :  ""DR""  ,  ""Freq"" :  1558  }, 
  {  ""ww"" :  ""N""  ,  ""Freq"" :  1201  }, 
  {  ""ww"" :  ""W""  ,  ""Freq"" :  1146  }, 
  {  ""ww"" :  ""S""  ,  ""Freq"" :  1123  }, 
  {  ""ww"" :  ""E""  ,  ""Freq"" :  1075  }, 
  {  ""ww"" :  ""BLVD""  ,  ""Freq"" :  809  }, 
  {  ""ww"" :  ""STREET""  ,  ""Freq"" :  598  }, 
  {  ""ww"" :  ""MAIN""  ,  ""Freq"" :  573  }, 
  {  ""ww"" :  ""NW""  ,  ""Freq"" :  391  }, 
  {  ""ww"" :  ""LN""  ,  ""Freq"" :  356  }, 
  {  ""ww"" :  ""ROAD""  ,  ""Freq"" :  344  }, 
  {  ""ww"" :  ""100""  ,  ""Freq"" :  275  }, 
  {  ""ww"" :  ""CT""  ,  ""Freq"" :  262  }, 
  {  ""ww"" :  ""200""  ,  ""Freq"" :  260  }, 
  {  ""ww"" :  ""1""  ,  ""Freq"" :  254  }, 
  {  ""ww"" :  ""AVENUE""  ,  ""Freq"" :  254  }, 
  {  ""ww"" :  ""WAY""  ,  ""Freq"" :  244  }, 
  {  ""ww"" :  ""NE""  ,  ""Freq"" :  233  }, 
  {  ""ww"" :  ""PARK""  ,  ""Freq"" :  207  }, 
  {  ""ww"" :  ""SW""  ,  ""Freq"" :  198  }, 
  {  ""ww"" :  ""300""  ,  ""Freq"" :  191  }, 
  {  ""ww"" :  ""HWY""  ,  ""Freq"" :  189  }, 
  {  ""ww"" :  ""HIGHWAY""  ,  ""Freq"" :  187  }, 
  {  ""ww"" :  ""SUITE""  ,  ""Freq"" :  183  }, 
  {  ""ww"" :  ""DRIVE""  ,  ""Freq"" :  178  }, 
  {  ""ww"" :  ""PL""  ,  ""Freq"" :  173  }, 
  {  ""ww"" :  ""PKWY""  ,  ""Freq"" :  171  }, 
  {  ""ww"" :  ""CO""  ,  ""Freq"" :  167  }, 
  {  ""ww"" :  ""STATE""  ,  ""Freq"" :  167  }, 
  {  ""ww"" :  ""SE""  ,  ""Freq"" :  162  }, 
  {  ""ww"" :  ""WASHINGTON""  ,  ""Freq"" :  158  }, 
  {  ""ww"" :  ""400""  ,  ""Freq"" :  157  }, 
  {  ""ww"" :  ""CIR""  ,  ""Freq"" :  154  }, 
  {  ""ww"" :  ""BROADWAY""  ,  ""Freq"" :  148  }, 
  {  ""ww"" :  ""101""  ,  ""Freq"" :  141  }, 
  {  ""ww"" :  ""WEST""  ,  ""Freq"" :  139  }, 
  {  ""ww"" :  ""B""  ,  ""Freq"" :  135  }, 
  {  ""ww"" :  ""201""  ,  ""Freq"" :  133  }, 
  {  ""ww"" :  ""500""  ,  ""Freq"" :  128  }, 
  {  ""ww"" :  ""FLOOR""  ,  ""Freq"" :  122  }, 
  {  ""ww"" :  ""SOUTH""  ,  ""Freq"" :  122  }, 
  {  ""ww"" :  ""2""  ,  ""Freq"" :  118  }, 
  {  ""ww"" :  ""3RD""  ,  ""Freq"" :  116  }, 
  {  ""ww"" :  ""EAST""  ,  ""Freq"" :  116  }
]",35,"","","","e9393b1aed63f68b36fe261c33347f0e"
"F9_00_ORG_ADDR_CITY","","F9_00_ORG_ADDR_CITY","","","character","string","","","","","","LONG ISLAND CITY ;; 
RICHMOND ;; 
DAINGERFIELD ;; 
FREDERICKSBRG ;; 
ST PETERSBURG",FALSE,"character","string","","","","","","","[ 
  {  ""STAT"" :  ""Rows""  ,  ""VAL"" :  ""25,000""  ,  ""PER"" :  """"  }, 
  {  ""STAT"" :  ""Distinct""  ,  ""VAL"" :  ""5,986""  ,  ""PER"" :  ""(23.9%)""  }, 
  {  ""STAT"" :  ""Missing/NA""  ,  ""VAL"" :  ""1,378""  ,  ""PER"" :  ""(5.5%)""  }, 
  {  ""STAT"" :  ""Most Common""  ,  ""VAL"" :  ""WASHINGTON""  ,  ""PER"" :  ""(1.3%)""  }
]","WASHINGTON ;; NEW YORK ;; CHICAGO ;; HOUSTON ;; COLUMBUS ;; INDIANAPOLIS ;; SPRINGFIELD ;; SACRAMENTO ;; AUSTIN ;; LOS ANGELES ;; PITTSBURGH ;; ATLANTA ;; DALLAS ;; SAN FRANCISCO ;; SAN DIEGO ;; SEATTLE ;; PORTLAND ;; COLUMBIA ;; ALEXANDRIA ;; PHILADELPHIA ;; DENVER ;; SAINT LOUIS ;; LAS VEGAS ;; BOSTON ;; PHOENIX ;; LOUISVILLE ;; MADISON ;; RICHMOND ;; ALBANY ;; CLEVELAND ;; HONOLULU ;; LEXINGTON","{
  ""STATS"": [
    {
      ""STAT"": ""Minimum"",
      ""CHARACTERS"": 3,
      ""WORDS"": 1
    },
    {
      ""STAT"": ""Median"",
      ""CHARACTERS"": 9,
      ""WORDS"": 1
    },
    {
      ""STAT"": ""Mean"",
      ""CHARACTERS"": 8.69,
      ""WORDS"": 1.26
    },
    {
      ""STAT"": ""Max"",
      ""CHARACTERS"": 22,
      ""WORDS"": 4
    },
    {
      ""STAT"": ""Skew"",
      ""CHARACTERS"": 0.23,
      ""WORDS"": 1.46
    }
  ],
  ""HIST"": [
    ""<?xml version=\""1.0\"" encoding=\""UTF-8\""?>\n<svg xmlns=\""http://www.w3.org/2000/svg\"" xmlns:xlink=\""http://www.w3.org/1999/xlink\"" width=\""48.00pt\"" height=\""12.00pt\"" viewBox=\""0 0 48.00 12.00\"">\n  <g class=\""svglite\"">\n    <defs>\n      <style type=\""text/css\""><![CDATA[\n    .svglite line, .svglite polyline, .svglite polygon, .svglite path, .svglite rect, .svglite circle {\n      fill: none;\n      stroke: #000000;\n      stroke-linecap: round;\n      stroke-linejoin: round;\n      stroke-miterlimit: 10.00;\n    }\n    .svglite text {\n      white-space: pre;\n    }\n    .svglite g.glyphgroup path {\n      fill: inherit;\n      stroke: none;\n    }\n  ]]><\/style>\n    <\/defs>\n    <rect width=\""100%\"" height=\""100%\"" style=\""stroke: none; fill: none;\""/>\n    <defs>\n      <clipPath id=\""cpMC4wMHw0OC4wMHwwLjAwfDEyLjAw\"">\n        <rect x=\""0.00\"" y=\""0.00\"" width=\""48.00\"" height=\""12.00\""/>\n      <\/clipPath>\n    <\/defs>\n    <g clip-path=\""url(#cpMC4wMHw0OC4wMHwwLjAwfDEyLjAw)\"">\n<\/g>\n    <defs>\n      <clipPath id=\""cpMC4wMHw0OC4wMHwyLjg4fDEyLjAw\"">\n        <rect x=\""0.00\"" y=\""2.88\"" width=\""48.00\"" height=\""9.12\""/>\n      <\/clipPath>\n    <\/defs>\n    <g clip-path=\""url(#cpMC4wMHw0OC4wMHwyLjg4fDEyLjAw)\"">\n      <rect x=\""1.78\"" y=\""10.50\"" width=\""2.34\"" height=\""1.16\"" style=\""stroke-width: 0.38; fill: #D3D3D3;\""/>\n      <rect x=\""4.12\"" y=\""9.05\"" width=\""2.34\"" height=\""2.61\"" style=\""stroke-width: 0.38; fill: #D3D3D3;\""/>\n      <rect x=\""6.46\"" y=\""4.33\"" width=\""2.34\"" height=\""7.33\"" style=\""stroke-width: 0.38; fill: #D3D3D3;\""/>\n      <rect x=\""8.80\"" y=\""3.22\"" width=\""2.34\"" height=\""8.44\"" style=\""stroke-width: 0.38; fill: #D3D3D3;\""/>\n      <rect x=\""11.13\"" y=\""3.85\"" width=\""2.34\"" height=\""7.81\"" style=\""stroke-width: 0.38; fill: #D3D3D3;\""/>\n      <rect x=\""13.47\"" y=\""4.44\"" width=\""2.34\"" height=\""7.22\"" style=\""stroke-width: 0.38; fill: #D3D3D3;\""/>\n      <rect x=\""15.81\"" y=\""3.48\"" width=\""2.34\"" height=\""8.18\"" style=\""stroke-width: 0.38; fill: #D3D3D3;\""/>\n      <rect x=\""18.15\"" y=\""6.08\"" width=\""2.34\"" height=\""5.58\"" style=\""stroke-width: 0.38; fill: #D3D3D3;\""/>\n      <rect x=\""20.49\"" y=\""7.85\"" width=\""2.34\"" height=\""3.82\"" style=\""stroke-width: 0.38; fill: #D3D3D3;\""/>\n      <rect x=\""22.83\"" y=\""8.46\"" width=\""2.34\"" height=\""3.21\"" style=\""stroke-width: 0.38; fill: #D3D3D3;\""/>\n      <rect x=\""25.17\"" y=\""11.51\"" width=\""2.34\"" height=\""0.15\"" style=\""stroke-width: 0.38; fill: #D3D3D3;\""/>\n      <rect x=\""27.51\"" y=\""11.58\"" width=\""2.34\"" height=\""0.085\"" style=\""stroke-width: 0.38; fill: #D3D3D3;\""/>\n      <rect x=\""29.85\"" y=\""11.59\"" width=\""2.34\"" height=\""0.073\"" style=\""stroke-width: 0.38; fill: #D3D3D3;\""/>\n      <rect x=\""32.19\"" y=\""11.63\"" width=\""2.34\"" height=\""0.033\"" style=\""stroke-width: 0.38; fill: #D3D3D3;\""/>\n      <rect x=\""34.53\"" y=\""11.65\"" width=\""2.34\"" height=\""0.0094\"" style=\""stroke-width: 0.38; fill: #D3D3D3;\""/>\n      <rect x=\""36.87\"" y=\""11.65\"" width=\""2.34\"" height=\""0.012\"" style=\""stroke-width: 0.38; fill: #D3D3D3;\""/>\n      <rect x=\""39.20\"" y=\""11.66\"" width=\""2.34\"" height=\""0.0047\"" style=\""stroke-width: 0.38; fill: #D3D3D3;\""/>\n      <rect x=\""41.54\"" y=\""11.66\"" width=\""2.34\"" height=\""0.0024\"" style=\""stroke-width: 0.38; fill: #D3D3D3;\""/>\n      <rect x=\""43.88\"" y=\""11.66\"" width=\""2.34\"" height=\""0.0024\"" style=\""stroke-width: 0.38; fill: #D3D3D3;\""/>\n    <\/g>\n  <\/g>\n<\/svg>\n"",
    ""<?xml version=\""1.0\"" encoding=\""UTF-8\""?>\n<svg xmlns=\""http://www.w3.org/2000/svg\"" xmlns:xlink=\""http://www.w3.org/1999/xlink\"" width=\""48.00pt\"" height=\""12.00pt\"" viewBox=\""0 0 48.00 12.00\"">\n  <g class=\""svglite\"">\n    <defs>\n      <style type=\""text/css\""><![CDATA[\n    .svglite line, .svglite polyline, .svglite polygon, .svglite path, .svglite rect, .svglite circle {\n      fill: none;\n      stroke: #000000;\n      stroke-linecap: round;\n      stroke-linejoin: round;\n      stroke-miterlimit: 10.00;\n    }\n    .svglite text {\n      white-space: pre;\n    }\n    .svglite g.glyphgroup path {\n      fill: inherit;\n      stroke: none;\n    }\n  ]]><\/style>\n    <\/defs>\n    <rect width=\""100%\"" height=\""100%\"" style=\""stroke: none; fill: none;\""/>\n    <defs>\n      <clipPath id=\""cpMC4wMHw0OC4wMHwwLjAwfDEyLjAw\"">\n        <rect x=\""0.00\"" y=\""0.00\"" width=\""48.00\"" height=\""12.00\""/>\n      <\/clipPath>\n    <\/defs>\n    <g clip-path=\""url(#cpMC4wMHw0OC4wMHwwLjAwfDEyLjAw)\"">\n<\/g>\n    <defs>\n      <clipPath id=\""cpMC4wMHw0OC4wMHwyLjg4fDEyLjAw\"">\n        <rect x=\""0.00\"" y=\""2.88\"" width=\""48.00\"" height=\""9.12\""/>\n      <\/clipPath>\n    <\/defs>\n    <g clip-path=\""url(#cpMC4wMHw0OC4wMHwyLjg4fDEyLjAw)\"">\n      <rect x=\""1.78\"" y=\""3.22\"" width=\""2.96\"" height=\""8.44\"" style=\""stroke-width: 0.38; fill: #D3D3D3;\""/>\n      <rect x=\""4.74\"" y=\""11.66\"" width=\""2.96\"" height=\""0.00\"" style=\""stroke-width: 0.38; fill: #D3D3D3;\""/>\n      <rect x=\""7.70\"" y=\""11.66\"" width=\""2.96\"" height=\""0.00\"" style=\""stroke-width: 0.38; fill: #D3D3D3;\""/>\n      <rect x=\""10.67\"" y=\""11.66\"" width=\""2.96\"" height=\""0.00\"" style=\""stroke-width: 0.38; fill: #D3D3D3;\""/>\n      <rect x=\""13.63\"" y=\""9.01\"" width=\""2.96\"" height=\""2.65\"" style=\""stroke-width: 0.38; fill: #D3D3D3;\""/>\n      <rect x=\""16.59\"" y=\""11.66\"" width=\""2.96\"" height=\""0.00\"" style=\""stroke-width: 0.38; fill: #D3D3D3;\""/>\n      <rect x=\""19.56\"" y=\""11.66\"" width=\""2.96\"" height=\""0.00\"" style=\""stroke-width: 0.38; fill: #D3D3D3;\""/>\n      <rect x=\""22.52\"" y=\""11.66\"" width=\""2.96\"" height=\""0.00\"" style=\""stroke-width: 0.38; fill: #D3D3D3;\""/>\n      <rect x=\""25.48\"" y=\""11.66\"" width=\""2.96\"" height=\""0.00\"" style=\""stroke-width: 0.38; fill: #D3D3D3;\""/>\n      <rect x=\""28.44\"" y=\""11.54\"" width=\""2.96\"" height=\""0.12\"" style=\""stroke-width: 0.38; fill: #D3D3D3;\""/>\n      <rect x=\""31.41\"" y=\""11.66\"" width=\""2.96\"" height=\""0.00\"" style=\""stroke-width: 0.38; fill: #D3D3D3;\""/>\n      <rect x=\""34.37\"" y=\""11.66\"" width=\""2.96\"" height=\""0.00\"" style=\""stroke-width: 0.38; fill: #D3D3D3;\""/>\n      <rect x=\""37.33\"" y=\""11.66\"" width=\""2.96\"" height=\""0.00\"" style=\""stroke-width: 0.38; fill: #D3D3D3;\""/>\n      <rect x=\""40.30\"" y=\""11.66\"" width=\""2.96\"" height=\""0.00\"" style=\""stroke-width: 0.38; fill: #D3D3D3;\""/>\n      <rect x=\""43.26\"" y=\""11.66\"" width=\""2.96\"" height=\""0.0033\"" style=\""stroke-width: 0.38; fill: #D3D3D3;\""/>\n    <\/g>\n  <\/g>\n<\/svg>\n""
  ],
  ""COMMON"": [
    {
      ""Value"": ""WASHINGTON"",
      ""Frequency"": 331
    },
    {
      ""Value"": ""NEW YORK"",
      ""Frequency"": 262
    },
    {
      ""Value"": ""CHICAGO"",
      ""Frequency"": 187
    },
    {
      ""Value"": ""HOUSTON"",
      ""Frequency"": 184
    },
    {
      ""Value"": ""COLUMBUS"",
      ""Frequency"": 143
    },
    {
      ""Value"": ""INDIANAPOLIS"",
      ""Frequency"": 133
    }
  ]
}","[ 
  {  ""ww"" :  ""CITY""  ,  ""Freq"" :  526  }, 
  {  ""ww"" :  ""NEW""  ,  ""Freq"" :  451  }, 
  {  ""ww"" :  ""SAN""  ,  ""Freq"" :  406  }, 
  {  ""ww"" :  ""WASHINGTON""  ,  ""Freq"" :  336  }, 
  {  ""ww"" :  ""YORK""  ,  ""Freq"" :  282  }, 
  {  ""ww"" :  ""CHICAGO""  ,  ""Freq"" :  198  }, 
  {  ""ww"" :  ""SAINT""  ,  ""Freq"" :  190  }, 
  {  ""ww"" :  ""HOUSTON""  ,  ""Freq"" :  184  }, 
  {  ""ww"" :  ""PARK""  ,  ""Freq"" :  177  }, 
  {  ""ww"" :  ""LAKE""  ,  ""Freq"" :  167  }, 
  {  ""ww"" :  ""COLUMBUS""  ,  ""Freq"" :  143  }, 
  {  ""ww"" :  ""FALLS""  ,  ""Freq"" :  141  }, 
  {  ""ww"" :  ""WEST""  ,  ""Freq"" :  137  }, 
  {  ""ww"" :  ""LOS""  ,  ""Freq"" :  136  }, 
  {  ""ww"" :  ""SACRAMENTO""  ,  ""Freq"" :  135  }, 
  {  ""ww"" :  ""INDIANAPOLIS""  ,  ""Freq"" :  133  }, 
  {  ""ww"" :  ""SPRINGFIELD""  ,  ""Freq"" :  131  }, 
  {  ""ww"" :  ""SANTA""  ,  ""Freq"" :  128  }, 
  {  ""ww"" :  ""AUSTIN""  ,  ""Freq"" :  122  }, 
  {  ""ww"" :  ""ANGELES""  ,  ""Freq"" :  121  }, 
  {  ""ww"" :  ""FORT""  ,  ""Freq"" :  121  }, 
  {  ""ww"" :  ""ST""  ,  ""Freq"" :  118  }, 
  {  ""ww"" :  ""PITTSBURGH""  ,  ""Freq"" :  115  }, 
  {  ""ww"" :  ""GROVE""  ,  ""Freq"" :  109  }, 
  {  ""ww"" :  ""BEACH""  ,  ""Freq"" :  108  }, 
  {  ""ww"" :  ""ATLANTA""  ,  ""Freq"" :  107  }, 
  {  ""ww"" :  ""DALLAS""  ,  ""Freq"" :  105  }, 
  {  ""ww"" :  ""FRANCISCO""  ,  ""Freq"" :  100  }, 
  {  ""ww"" :  ""DIEGO""  ,  ""Freq"" :  98  }, 
  {  ""ww"" :  ""SEATTLE""  ,  ""Freq"" :  98  }, 
  {  ""ww"" :  ""LOUIS""  ,  ""Freq"" :  97  }, 
  {  ""ww"" :  ""COLUMBIA""  ,  ""Freq"" :  96  }, 
  {  ""ww"" :  ""PORTLAND""  ,  ""Freq"" :  92  }, 
  {  ""ww"" :  ""ALEXANDRIA""  ,  ""Freq"" :  86  }, 
  {  ""ww"" :  ""EAST""  ,  ""Freq"" :  84  }, 
  {  ""ww"" :  ""LAS""  ,  ""Freq"" :  82  }, 
  {  ""ww"" :  ""PHILADELPHIA""  ,  ""Freq"" :  82  }, 
  {  ""ww"" :  ""ROCK""  ,  ""Freq"" :  81  }, 
  {  ""ww"" :  ""DENVER""  ,  ""Freq"" :  80  }, 
  {  ""ww"" :  ""MADISON""  ,  ""Freq"" :  78  }, 
  {  ""ww"" :  ""BOSTON""  ,  ""Freq"" :  77  }, 
  {  ""ww"" :  ""HILL""  ,  ""Freq"" :  76  }, 
  {  ""ww"" :  ""RICHMOND""  ,  ""Freq"" :  76  }, 
  {  ""ww"" :  ""VALLEY""  ,  ""Freq"" :  76  }, 
  {  ""ww"" :  ""SALEM""  ,  ""Freq"" :  75  }, 
  {  ""ww"" :  ""VEGAS""  ,  ""Freq"" :  73  }, 
  {  ""ww"" :  ""GRAND""  ,  ""Freq"" :  71  }, 
  {  ""ww"" :  ""PHOENIX""  ,  ""Freq"" :  71  }, 
  {  ""ww"" :  ""ALBANY""  ,  ""Freq"" :  70  }, 
  {  ""ww"" :  ""DES""  ,  ""Freq"" :  70  }
]",22,"","","","f5dbd5c29eebf7a4dc24a738a5ee5b5d"
"EIN","","EIN","","","numeric","number","","","","","","113161527 ;; 
540354670 ;; 
751627109 ;; 
61636713 ;; 
542015951",FALSE,"numeric","number","","","","","","","[ 
  {  ""STAT"" :  ""Rows""  ,  ""VAL"" :  ""25,000""  ,  ""PER"" :  """"  }, 
  {  ""STAT"" :  ""Distinct""  ,  ""VAL"" :  ""24,794""  ,  ""PER"" :  ""(99.2%)""  }, 
  {  ""STAT"" :  ""Most Common""  ,  ""VAL"" :  ""10,100,593""  ,  ""PER"" :  ""(0.0%)""  }, 
  {  ""STAT"" :  ""Skew""  ,  ""VAL"" :  ""LOW""  ,  ""PER"" :  """"  }, 
  {  ""STAT"" :  ""Kurtosis""  ,  ""VAL"" :  ""LOW""  ,  ""PER"" :  """"  }
]","10100593 ;; 10218055 ;; 10220588 ;; 10266289 ;; 10273431 ;; 10286963 ;; 10440702 ;; 10468398 ;; 10523313 ;; 10524078 ;; 10573723 ;; 10715375 ;; 10744517 ;; 10815981 ;; 10852125 ;; 10874048 ;; 10961458 ;; 16011483 ;; 16012302 ;; 16019950 ;; 16022337 ;; 16123853 ;; 20172119 ;; 20187390 ;; 20212092 ;; 20232424 ;; 20241397 ;; 20257793 ;; 20324779 ;; 20349390 ;; 20542944 ;; 20548015 ;; 20624171 ;; 2069","[ 
  {  ""STAT"" :  ""Minimum""  ,  ""VAL"" :  ""10,018,927""  }, 
  {  ""STAT"" :  ""Q - 05""  ,  ""VAL"" :  ""42,936,695""  }, 
  {  ""STAT"" :  ""Q - 25""  ,  ""VAL"" :  ""237,300,415""  }, 
  {  ""STAT"" :  ""Median""  ,  ""VAL"" :  ""420,558,500""  }, 
  {  ""STAT"" :  ""Mean""  ,  ""VAL"" :  ""459,669,561""  }, 
  {  ""STAT"" :  ""Q - 75""  ,  ""VAL"" :  ""650,055,030""  }, 
  {  ""STAT"" :  ""Q - 95""  ,  ""VAL"" :  ""941,206,471""  }, 
  {  ""STAT"" :  ""Maximum""  ,  ""VAL"" :  ""996,067,555""  }, 
  {  ""STAT"" :  ""Skew""  ,  ""VAL"" :  ""0.27""  }, 
  {  ""STAT"" :  ""Kurtosis""  ,  ""VAL"" :  ""-0.94""  }
]","  { 
    ""breaks""  :  [ 
0, 
    50000000, 
    100000000, 
    150000000, 
    200000000, 
    250000000, 
    300000000, 
    350000000, 
    400000000, 
    450000000, 
    500000000, 
    550000000, 
    600000000, 
    650000000, 
    700000000, 
    750000000, 
    800000000, 
    850000000, 
    900000000, 
    950000000, 
    1000000000
], 
    ""density""  :  [ 
0.0681, 
    0.0316, 
    0.0322, 
    0.0134, 
    0.1296, 
    0.0445, 
    0.0507, 
    0.1066, 
    0.0524, 
    0.0618, 
    0.0542, 
    0.0666, 
    0.038, 
    0.0082, 
    0.0457, 
    0.0272, 
    0.0554, 
    0.0182, 
    0.0685, 
    0.0272
], 
    ""y""  :  [ 
1702, 
    790, 
    805, 
    336, 
    3241, 
    1113, 
    1267, 
    2665, 
    1309, 
    1546, 
    1355, 
    1666, 
    950, 
    204, 
    1143, 
    679, 
    1384, 
    454, 
    1712, 
    679
], 
    ""mids""  :  [ 
25000000, 
    75000000, 
    125000000, 
    175000000, 
    225000000, 
    275000000, 
    325000000, 
    375000000, 
    425000000, 
    475000000, 
    525000000, 
    575000000, 
    625000000, 
    675000000, 
    725000000, 
    775000000, 
    825000000, 
    875000000, 
    925000000, 
    975000000
], 
    ""mean""  :  [ 
459669561.3135
], 
    ""median""  :  [ 
420558500
], 
    ""min""  :  [ 
10018927
], 
    ""max""  :  [ 
996067555
]
  }",9,"","","","ea94ea5d1fc3c2d7f7ec49efc2e4b6f3"
"SUBSECCD","","SUBSECCD","","[ 
  {  ""level"" :  ""2""  ,  ""label"" :  ""2""  }, 
  {  ""level"" :  ""4""  ,  ""label"" :  ""4""  }, 
  {  ""level"" :  ""5""  ,  ""label"" :  ""5""  }, 
  {  ""level"" :  ""6""  ,  ""label"" :  ""6""  }, 
  {  ""level"" :  ""7""  ,  ""label"" :  ""7""  }, 
  {  ""level"" :  ""8""  ,  ""label"" :  ""8""  }, 
  {  ""level"" :  ""9""  ,  ""label"" :  ""9""  }, 
  {  ""level"" :  ""10""  ,  ""label"" :  ""10""  }, 
  {  ""level"" :  ""11""  ,  ""label"" :  ""11""  }, 
  {  ""level"" :  ""12""  ,  ""label"" :  ""12""  }, 
  {  ""level"" :  ""13""  ,  ""label"" :  ""13""  }, 
  {  ""level"" :  ""14""  ,  ""label"" :  ""14""  }, 
  {  ""level"" :  ""15""  ,  ""label"" :  ""15""  }, 
  {  ""level"" :  ""16""  ,  ""label"" :  ""16""  }, 
  {  ""level"" :  ""17""  ,  ""label"" :  ""17""  }, 
  {  ""level"" :  ""18""  ,  ""label"" :  ""18""  }, 
  {  ""level"" :  ""19""  ,  ""label"" :  ""19""  }, 
  {  ""level"" :  ""23""  ,  ""label"" :  ""23""  }, 
  {  ""level"" :  ""24""  ,  ""label"" :  ""24""  }, 
  {  ""level"" :  ""25""  ,  ""label"" :  ""25""  }, 
  {  ""level"" :  ""26""  ,  ""label"" :  ""26""  }, 
  {  ""level"" :  ""27""  ,  ""label"" :  ""27""  }, 
  {  ""level"" :  ""29""  ,  ""label"" :  ""29""  }
]","numeric","number","","","","","","5 ;; 
6 ;; 
25 ;; 
4 ;; 
19",FALSE,"factor","categorical","","","","","","","[ 
  {  ""STAT"" :  ""Rows""  ,  ""VAL"" :  ""25,000""  ,  ""PER"" :  """"  }, 
  {  ""STAT"" :  ""Distinct""  ,  ""VAL"" :  ""23""  ,  ""PER"" :  ""(0.1%)""  }, 
  {  ""STAT"" :  ""Most Common""  ,  ""VAL"" :  ""6""  ,  ""PER"" :  ""(25.6%)""  }
]","6 ;; 4 ;; 7 ;; 5 ;; 8 ;; 19 ;; 9 ;; 12 ;; 13 ;; 2 ;; 10 ;; 14 ;; 25 ;; 15 ;; 17 ;; 23 ;; 11 ;; 26 ;; 16 ;; 18 ;; 24 ;; 27 ;; 29","[ 
  {  ""Value"" :  ""6""  ,  ""Frequency"" :  6391  }, 
  {  ""Value"" :  ""4""  ,  ""Frequency"" :  4936  }, 
  {  ""Value"" :  ""7""  ,  ""Frequency"" :  3571  }, 
  {  ""Value"" :  ""5""  ,  ""Frequency"" :  3449  }, 
  {  ""Value"" :  ""8""  ,  ""Frequency"" :  1479  }, 
  {  ""Value"" :  ""19""  ,  ""Frequency"" :  1459  }, 
  {  ""Value"" :  ""9""  ,  ""Frequency"" :  1033  }, 
  {  ""Value"" :  ""12""  ,  ""Frequency"" :  642  }, 
  {  ""Value"" :  ""13""  ,  ""Frequency"" :  561  }, 
  {  ""Value"" :  ""2""  ,  ""Frequency"" :  545  }, 
  {  ""Value"" :  ""10""  ,  ""Frequency"" :  466  }, 
  {  ""Value"" :  ""14""  ,  ""Frequency"" :  311  }, 
  {  ""Value"" :  ""25""  ,  ""Frequency"" :  88  }, 
  {  ""Value"" :  ""15""  ,  ""Frequency"" :  32  }, 
  {  ""Value"" :  ""17""  ,  ""Frequency"" :  22  }, 
  {  ""Value"" :  ""23""  ,  ""Frequency"" :  6  }, 
  {  ""Value"" :  ""11""  ,  ""Frequency"" :  2  }, 
  {  ""Value"" :  ""26""  ,  ""Frequency"" :  2  }, 
  {  ""Value"" :  ""16""  ,  ""Frequency"" :  1  }, 
  {  ""Value"" :  ""18""  ,  ""Frequency"" :  1  }, 
  {  ""Value"" :  ""24""  ,  ""Frequency"" :  1  }, 
  {  ""Value"" :  ""27""  ,  ""Frequency"" :  1  }, 
  {  ""Value"" :  ""29""  ,  ""Frequency"" :  1  }
]","[ 
  {  ""x"" :  ""6""  ,  ""Freq"" :  6391  }, 
  {  ""x"" :  ""4""  ,  ""Freq"" :  4936  }, 
  {  ""x"" :  ""7""  ,  ""Freq"" :  3571  }, 
  {  ""x"" :  ""5""  ,  ""Freq"" :  3449  }, 
  {  ""x"" :  ""8""  ,  ""Freq"" :  1479  }, 
  {  ""x"" :  ""19""  ,  ""Freq"" :  1459  }, 
  {  ""x"" :  ""9""  ,  ""Freq"" :  1033  }, 
  {  ""x"" :  ""12""  ,  ""Freq"" :  642  }, 
  {  ""x"" :  ""13""  ,  ""Freq"" :  561  }, 
  {  ""x"" :  ""2""  ,  ""Freq"" :  545  }, 
  {  ""x"" :  ""other""  ,  ""Freq"" :  934  }
]",2,"","","","8545f03c0a4d4efa73af76e780bf57fd"
"BMF_ACTIV1","","BMF_ACTIV1","","","numeric","number","","","","","","263 ;; 
200 ;; 
379 ;; 
0 ;; 
407",FALSE,"numeric","number","","","","","","","[ 
  {  ""STAT"" :  ""Rows""  ,  ""VAL"" :  ""25,000""  ,  ""PER"" :  """"  }, 
  {  ""STAT"" :  ""Distinct""  ,  ""VAL"" :  ""230""  ,  ""PER"" :  ""(0.9%)""  }, 
  {  ""STAT"" :  ""Missing/NA""  ,  ""VAL"" :  ""1,887""  ,  ""PER"" :  ""(7.5%)""  }, 
  {  ""STAT"" :  ""Zero""  ,  ""VAL"" :  ""5,807""  ,  ""PER"" :  ""(23.2%)""  }, 
  {  ""STAT"" :  ""Most Common""  ,  ""VAL"" :  ""0""  ,  ""PER"" :  ""(23.2%)""  }, 
  {  ""STAT"" :  ""Skew""  ,  ""VAL"" :  ""HIGH""  ,  ""PER"" :  """"  }, 
  {  ""STAT"" :  ""Kurtosis""  ,  ""VAL"" :  ""LOW""  ,  ""PER"" :  """"  }
]","0 ;; 263 ;; 200 ;; 907 ;; 36 ;; 279 ;; 205 ;; 319 ;; 59 ;; 318 ;; 407 ;; 520 ;; 900 ;; 265 ;; 264 ;; 280 ;; 260 ;; 250 ;; 999 ;; 920 ;; 30 ;; 912 ;; 261 ;; 230 ;; 65 ;; 998 ;; 229 ;; 317 ;; 201 ;; 403 ;; 908 ;; 288 ;; 911 ;; 399 ;; 286 ;; 161 ;; 922 ;; 281 ;; 350 ;; 123 ;; 287 ;; 382 ;; 401 ;; 921 ;; 34 ;; 119 ;; 408 ;; 602 ;; 251 ;; 262 ;; 40 ;; 402 ;; 480 ;; 32 ;; 232 ;; 298 ;; 211 ;; 381 ;; 158","[ 
  {  ""STAT"" :  ""Minimum""  ,  ""VAL"" :  ""0""  }, 
  {  ""STAT"" :  ""Q - 05""  ,  ""VAL"" :  ""0""  }, 
  {  ""STAT"" :  ""Q - 25""  ,  ""VAL"" :  ""0""  }, 
  {  ""STAT"" :  ""Median""  ,  ""VAL"" :  ""229""  }, 
  {  ""STAT"" :  ""Mean""  ,  ""VAL"" :  ""266.51""  }, 
  {  ""STAT"" :  ""Q - 75""  ,  ""VAL"" :  ""318""  }, 
  {  ""STAT"" :  ""Q - 95""  ,  ""VAL"" :  ""908""  }, 
  {  ""STAT"" :  ""Maximum""  ,  ""VAL"" :  ""999""  }, 
  {  ""STAT"" :  ""Skew""  ,  ""VAL"" :  ""1.32""  }, 
  {  ""STAT"" :  ""Kurtosis""  ,  ""VAL"" :  ""0.86""  }
]","  { 
    ""breaks""  :  [ 
0, 
    20, 
    40, 
    60, 
    80, 
    100, 
    120, 
    140, 
    160, 
    180, 
    200, 
    220, 
    240, 
    260, 
    280, 
    300, 
    320, 
    340, 
    360, 
    380, 
    400, 
    420, 
    440, 
    460, 
    480, 
    500, 
    520, 
    540, 
    560, 
    580, 
    600, 
    620, 
    640
], 
    ""density""  :  [ 
0.2891, 
    0.0709, 
    0.0245, 
    0.0098, 
    0.0007, 
    0.004, 
    0.0077, 
    0.0068, 
    0.0097, 
    0.0818, 
    0.0613, 
    0.0203, 
    0.0288, 
    0.1958, 
    0.0308, 
    0.0577, 
    0.0031, 
    0.0074, 
    0.0025, 
    0.0137, 
    0.0377, 
    0.0019, 
    0.0002, 
    0.0028, 
    0.0003, 
    0.0204, 
    0.001, 
    0.0011, 
    0.0044, 
    0.0004, 
    0.0032, 
    0
], 
    ""y""  :  [ 
5850, 
    1434, 
    496, 
    199, 
    15, 
    81, 
    156, 
    138, 
    197, 
    1655, 
    1241, 
    410, 
    582, 
    3963, 
    623, 
    1168, 
    62, 
    149, 
    50, 
    278, 
    762, 
    38, 
    5, 
    56, 
    7, 
    413, 
    20, 
    23, 
    89, 
    9, 
    65, 
    1
], 
    ""mids""  :  [ 
10, 
    30, 
    50, 
    70, 
    90, 
    110, 
    130, 
    150, 
    170, 
    190, 
    210, 
    230, 
    250, 
    270, 
    290, 
    310, 
    330, 
    350, 
    370, 
    390, 
    410, 
    430, 
    450, 
    470, 
    490, 
    510, 
    530, 
    550, 
    570, 
    590, 
    610, 
    630
], 
    ""mean""  :  [ 
266.5129
], 
    ""median""  :  [ 
229
], 
    ""min""  :  [ 
0
], 
    ""max""  :  [ 
999
]
  }",3,"","","","29e54c4937b4da29973ebbc051d5b635"
"NTMAJ12","","NTMAJ12","","[ 
  {  ""level"" :  ""AR""  ,  ""label"" :  ""AR""  }, 
  {  ""level"" :  ""BH""  ,  ""label"" :  ""BH""  }, 
  {  ""level"" :  ""ED""  ,  ""label"" :  ""ED""  }, 
  {  ""level"" :  ""EH""  ,  ""label"" :  ""EH""  }, 
  {  ""level"" :  ""EN""  ,  ""label"" :  ""EN""  }, 
  {  ""level"" :  ""HE""  ,  ""label"" :  ""HE""  }, 
  {  ""level"" :  ""HU""  ,  ""label"" :  ""HU""  }, 
  {  ""level"" :  ""IN""  ,  ""label"" :  ""IN""  }, 
  {  ""level"" :  ""MU""  ,  ""label"" :  ""MU""  }, 
  {  ""level"" :  ""PU""  ,  ""label"" :  ""PU""  }, 
  {  ""level"" :  ""RE""  ,  ""label"" :  ""RE""  }, 
  {  ""level"" :  ""UN""  ,  ""label"" :  ""UN""  }
]","character","string","","","","","","HU ;; 
PU ;; 
UN ;; 
ED ;; 
AR",FALSE,"factor","categorical","","","","","","","[ 
  {  ""STAT"" :  ""Rows""  ,  ""VAL"" :  ""25,000""  ,  ""PER"" :  """"  }, 
  {  ""STAT"" :  ""Distinct""  ,  ""VAL"" :  ""12""  ,  ""PER"" :  ""(0.0%)""  }, 
  {  ""STAT"" :  ""Most Common""  ,  ""VAL"" :  ""PU""  ,  ""PER"" :  ""(36.5%)""  }
]","PU ;; HU ;; MU ;; ED ;; UN ;; HE ;; AR ;; EN ;; IN ;; EH ;; RE ;; BH","[ 
  {  ""Value"" :  ""PU""  ,  ""Frequency"" :  9128  }, 
  {  ""Value"" :  ""HU""  ,  ""Frequency"" :  7955  }, 
  {  ""Value"" :  ""MU""  ,  ""Frequency"" :  2480  }, 
  {  ""Value"" :  ""ED""  ,  ""Frequency"" :  1528  }, 
  {  ""Value"" :  ""UN""  ,  ""Frequency"" :  1524  }, 
  {  ""Value"" :  ""HE""  ,  ""Frequency"" :  994  }, 
  {  ""Value"" :  ""AR""  ,  ""Frequency"" :  615  }, 
  {  ""Value"" :  ""EN""  ,  ""Frequency"" :  508  }, 
  {  ""Value"" :  ""IN""  ,  ""Frequency"" :  101  }, 
  {  ""Value"" :  ""EH""  ,  ""Frequency"" :  79  }, 
  {  ""Value"" :  ""RE""  ,  ""Frequency"" :  64  }, 
  {  ""Value"" :  ""BH""  ,  ""Frequency"" :  24  }
]","[ 
  {  ""x"" :  ""PU""  ,  ""Freq"" :  9128  }, 
  {  ""x"" :  ""HU""  ,  ""Freq"" :  7955  }, 
  {  ""x"" :  ""MU""  ,  ""Freq"" :  2480  }, 
  {  ""x"" :  ""ED""  ,  ""Freq"" :  1528  }, 
  {  ""x"" :  ""UN""  ,  ""Freq"" :  1524  }, 
  {  ""x"" :  ""HE""  ,  ""Freq"" :  994  }, 
  {  ""x"" :  ""AR""  ,  ""Freq"" :  615  }, 
  {  ""x"" :  ""EN""  ,  ""Freq"" :  508  }, 
  {  ""x"" :  ""other""  ,  ""Freq"" :  268  }
]",2,"","","","47e592979b51bef034581a5ac944748c"
"NTEE1","","NTEE1","","[ 
  {  ""level"" :  ""A""  ,  ""label"" :  ""A""  }, 
  {  ""level"" :  ""B""  ,  ""label"" :  ""B""  }, 
  {  ""level"" :  ""C""  ,  ""label"" :  ""C""  }, 
  {  ""level"" :  ""D""  ,  ""label"" :  ""D""  }, 
  {  ""level"" :  ""E""  ,  ""label"" :  ""E""  }, 
  {  ""level"" :  ""F""  ,  ""label"" :  ""F""  }, 
  {  ""level"" :  ""G""  ,  ""label"" :  ""G""  }, 
  {  ""level"" :  ""H""  ,  ""label"" :  ""H""  }, 
  {  ""level"" :  ""I""  ,  ""label"" :  ""I""  }, 
  {  ""level"" :  ""J""  ,  ""label"" :  ""J""  }, 
  {  ""level"" :  ""K""  ,  ""label"" :  ""K""  }, 
  {  ""level"" :  ""L""  ,  ""label"" :  ""L""  }, 
  {  ""level"" :  ""M""  ,  ""label"" :  ""M""  }, 
  {  ""level"" :  ""N""  ,  ""label"" :  ""N""  }, 
  {  ""level"" :  ""O""  ,  ""label"" :  ""O""  }, 
  {  ""level"" :  ""P""  ,  ""label"" :  ""P""  }, 
  {  ""level"" :  ""Q""  ,  ""label"" :  ""Q""  }, 
  {  ""level"" :  ""R""  ,  ""label"" :  ""R""  }, 
  {  ""level"" :  ""S""  ,  ""label"" :  ""S""  }, 
  {  ""level"" :  ""T""  ,  ""label"" :  ""T""  }, 
  {  ""level"" :  ""U""  ,  ""label"" :  ""U""  }, 
  {  ""level"" :  ""V""  ,  ""label"" :  ""V""  }, 
  {  ""level"" :  ""W""  ,  ""label"" :  ""W""  }, 
  {  ""level"" :  ""X""  ,  ""label"" :  ""X""  }, 
  {  ""level"" :  ""Y""  ,  ""label"" :  ""Y""  }, 
  {  ""level"" :  ""Z""  ,  ""label"" :  ""Z""  }
]","character","string","","","","","","J ;; 
S ;; 
K ;; 
N ;; 
M",FALSE,"factor","categorical","","","","","","","[ 
  {  ""STAT"" :  ""Rows""  ,  ""VAL"" :  ""25,000""  ,  ""PER"" :  """"  }, 
  {  ""STAT"" :  ""Distinct""  ,  ""VAL"" :  ""27""  ,  ""PER"" :  ""(0.1%)""  }, 
  {  ""STAT"" :  ""Missing/NA""  ,  ""VAL"" :  ""1,497""  ,  ""PER"" :  ""(6.0%)""  }, 
  {  ""STAT"" :  ""Most Common""  ,  ""VAL"" :  ""S""  ,  ""PER"" :  ""(23.3%)""  }
]","S ;; N ;; W ;; Y ;; J ;; B ;; M ;; L ;; A ;; K ;; E ;; I ;; G ;; C ;; P ;; D ;; U ;; R ;; T ;; F ;; Q ;; O ;; X ;; Z ;; H ;; V","[ 
  {  ""Value"" :  ""S""  ,  ""Frequency"" :  5817  }, 
  {  ""Value"" :  ""N""  ,  ""Frequency"" :  3018  }, 
  {  ""Value"" :  ""W""  ,  ""Frequency"" :  2835  }, 
  {  ""Value"" :  ""Y""  ,  ""Frequency"" :  2480  }, 
  {  ""Value"" :  ""J""  ,  ""Frequency"" :  1961  }, 
  {  ""Value"" :  ""B""  ,  ""Frequency"" :  1552  }, 
  {  ""Value"" :  ""M""  ,  ""Frequency"" :  876  }, 
  {  ""Value"" :  ""L""  ,  ""Frequency"" :  669  }, 
  {  ""Value"" :  ""A""  ,  ""Frequency"" :  615  }, 
  {  ""Value"" :  ""K""  ,  ""Frequency"" :  590  }, 
  {  ""Value"" :  ""E""  ,  ""Frequency"" :  574  }, 
  {  ""Value"" :  ""I""  ,  ""Frequency"" :  557  }, 
  {  ""Value"" :  ""G""  ,  ""Frequency"" :  382  }, 
  {  ""Value"" :  ""C""  ,  ""Frequency"" :  338  }, 
  {  ""Value"" :  ""P""  ,  ""Frequency"" :  210  }, 
  {  ""Value"" :  ""D""  ,  ""Frequency"" :  170  }, 
  {  ""Value"" :  ""U""  ,  ""Frequency"" :  166  }, 
  {  ""Value"" :  ""R""  ,  ""Frequency"" :  164  }, 
  {  ""Value"" :  ""T""  ,  ""Frequency"" :  142  }, 
  {  ""Value"" :  ""F""  ,  ""Frequency"" :  103  }, 
  {  ""Value"" :  ""Q""  ,  ""Frequency"" :  101  }, 
  {  ""Value"" :  ""O""  ,  ""Frequency"" :  74  }, 
  {  ""Value"" :  ""X""  ,  ""Frequency"" :  64  }, 
  {  ""Value"" :  ""Z""  ,  ""Frequency"" :  27  }, 
  {  ""Value"" :  ""H""  ,  ""Frequency"" :  14  }, 
  {  ""Value"" :  ""V""  ,  ""Frequency"" :  4  }
]","[ 
  {  ""x"" :  ""S""  ,  ""Freq"" :  5817  }, 
  {  ""x"" :  ""N""  ,  ""Freq"" :  3018  }, 
  {  ""x"" :  ""W""  ,  ""Freq"" :  2835  }, 
  {  ""x"" :  ""Y""  ,  ""Freq"" :  2480  }, 
  {  ""x"" :  ""J""  ,  ""Freq"" :  1961  }, 
  {  ""x"" :  ""B""  ,  ""Freq"" :  1552  }, 
  {  ""x"" :  ""M""  ,  ""Freq"" :  876  }, 
  {  ""x"" :  ""L""  ,  ""Freq"" :  669  }, 
  {  ""x"" :  ""A""  ,  ""Freq"" :  615  }, 
  {  ""x"" :  ""K""  ,  ""Freq"" :  590  }, 
  {  ""x"" :  ""E""  ,  ""Freq"" :  574  }, 
  {  ""x"" :  ""I""  ,  ""Freq"" :  557  }, 
  {  ""x"" :  ""other""  ,  ""Freq"" :  1959  }
]",1,"","","","cc2692a6b5411ae2949be174b9e1198a"
"NTEEFINAL","","NTEEFINAL","","","character","string","","","","","","J40 ;; 
S41 ;; 
K28 ;; 
N61 ;; 
S47",FALSE,"character","string","","","","","","","[ 
  {  ""STAT"" :  ""Rows""  ,  ""VAL"" :  ""25,000""  ,  ""PER"" :  """"  }, 
  {  ""STAT"" :  ""Distinct""  ,  ""VAL"" :  ""654""  ,  ""PER"" :  ""(2.6%)""  }, 
  {  ""STAT"" :  ""Missing/NA""  ,  ""VAL"" :  ""1,497""  ,  ""PER"" :  ""(6.0%)""  }, 
  {  ""STAT"" :  ""Most Common""  ,  ""VAL"" :  ""S41""  ,  ""PER"" :  ""(7.8%)""  }
]","S41 ;; J40 ;; W30 ;; S80 ;; N50 ;; M24 ;; B83 ;; W80 ;; N60 ;; Y42 ;; Y50 ;; Y41 ;; K28 ;; S20 ;; Y43 ;; S47 ;; B03 ;; L50 ;; W61 ;; N61 ;; Y40 ;; S03 ;; Y20 ;; S30 ;; S01 ;; S40 ;; G90 ;; I03 ;; I0360 ;; N52 ;; S99 ;; A23 ;; S22 ;; N67 ;; N6A ;; E11 ;; N68 ;; K20 ;; N69 ;; L99 ;; S46 ;; N32 ;; U42 ;; S21 ;; W20 ;; T20 ;; J22 ;; C32 ;; E03 ;; S81 ;; A40 ;; Q99 ;; N66 ;; L22 ;; D60 ;; B99 ;; L20","{
  ""STATS"": [
    {
      ""STAT"": ""Minimum"",
      ""CHARACTERS"": 3,
      ""WORDS"": 1
    },
    {
      ""STAT"": ""Median"",
      ""CHARACTERS"": 3,
      ""WORDS"": 1
    },
    {
      ""STAT"": ""Mean"",
      ""CHARACTERS"": 3.09,
      ""WORDS"": 1
    },
    {
      ""STAT"": ""Max"",
      ""CHARACTERS"": 5,
      ""WORDS"": 1
    },
    {
      ""STAT"": ""Skew"",
      ""CHARACTERS"": 4.5
    }
  ],
  ""HIST"": [
    ""<?xml version=\""1.0\"" encoding=\""UTF-8\""?>\n<svg xmlns=\""http://www.w3.org/2000/svg\"" xmlns:xlink=\""http://www.w3.org/1999/xlink\"" width=\""48.00pt\"" height=\""12.00pt\"" viewBox=\""0 0 48.00 12.00\"">\n  <g class=\""svglite\"">\n    <defs>\n      <style type=\""text/css\""><![CDATA[\n    .svglite line, .svglite polyline, .svglite polygon, .svglite path, .svglite rect, .svglite circle {\n      fill: none;\n      stroke: #000000;\n      stroke-linecap: round;\n      stroke-linejoin: round;\n      stroke-miterlimit: 10.00;\n    }\n    .svglite text {\n      white-space: pre;\n    }\n    .svglite g.glyphgroup path {\n      fill: inherit;\n      stroke: none;\n    }\n  ]]><\/style>\n    <\/defs>\n    <rect width=\""100%\"" height=\""100%\"" style=\""stroke: none; fill: none;\""/>\n    <defs>\n      <clipPath id=\""cpMC4wMHw0OC4wMHwwLjAwfDEyLjAw\"">\n        <rect x=\""0.00\"" y=\""0.00\"" width=\""48.00\"" height=\""12.00\""/>\n      <\/clipPath>\n    <\/defs>\n    <g clip-path=\""url(#cpMC4wMHw0OC4wMHwwLjAwfDEyLjAw)\"">\n<\/g>\n    <defs>\n      <clipPath id=\""cpMC4wMHw0OC4wMHwyLjg4fDEyLjAw\"">\n        <rect x=\""0.00\"" y=\""2.88\"" width=\""48.00\"" height=\""9.12\""/>\n      <\/clipPath>\n    <\/defs>\n    <g clip-path=\""url(#cpMC4wMHw0OC4wMHwyLjg4fDEyLjAw)\"">\n      <rect x=\""1.78\"" y=\""3.22\"" width=\""2.22\"" height=\""8.44\"" style=\""stroke-width: 0.38; fill: #D3D3D3;\""/>\n      <rect x=\""4.00\"" y=\""11.66\"" width=\""2.22\"" height=\""0.00\"" style=\""stroke-width: 0.38; fill: #D3D3D3;\""/>\n      <rect x=\""6.22\"" y=\""11.66\"" width=\""2.22\"" height=\""0.00\"" style=\""stroke-width: 0.38; fill: #D3D3D3;\""/>\n      <rect x=\""8.44\"" y=\""11.66\"" width=\""2.22\"" height=\""0.00\"" style=\""stroke-width: 0.38; fill: #D3D3D3;\""/>\n      <rect x=\""10.67\"" y=\""11.66\"" width=\""2.22\"" height=\""0.00\"" style=\""stroke-width: 0.38; fill: #D3D3D3;\""/>\n      <rect x=\""12.89\"" y=\""11.66\"" width=\""2.22\"" height=\""0.00\"" style=\""stroke-width: 0.38; fill: #D3D3D3;\""/>\n      <rect x=\""15.11\"" y=\""11.66\"" width=\""2.22\"" height=\""0.00\"" style=\""stroke-width: 0.38; fill: #D3D3D3;\""/>\n      <rect x=\""17.33\"" y=\""11.66\"" width=\""2.22\"" height=\""0.00\"" style=\""stroke-width: 0.38; fill: #D3D3D3;\""/>\n      <rect x=\""19.56\"" y=\""11.66\"" width=\""2.22\"" height=\""0.00\"" style=\""stroke-width: 0.38; fill: #D3D3D3;\""/>\n      <rect x=\""21.78\"" y=\""11.66\"" width=\""2.22\"" height=\""0.00075\"" style=\""stroke-width: 0.38; fill: #D3D3D3;\""/>\n      <rect x=\""24.00\"" y=\""11.66\"" width=\""2.22\"" height=\""0.00\"" style=\""stroke-width: 0.38; fill: #D3D3D3;\""/>\n      <rect x=\""26.22\"" y=\""11.66\"" width=\""2.22\"" height=\""0.00\"" style=\""stroke-width: 0.38; fill: #D3D3D3;\""/>\n      <rect x=\""28.44\"" y=\""11.66\"" width=\""2.22\"" height=\""0.00\"" style=\""stroke-width: 0.38; fill: #D3D3D3;\""/>\n      <rect x=\""30.67\"" y=\""11.66\"" width=\""2.22\"" height=\""0.00\"" style=\""stroke-width: 0.38; fill: #D3D3D3;\""/>\n      <rect x=\""32.89\"" y=\""11.66\"" width=\""2.22\"" height=\""0.00\"" style=\""stroke-width: 0.38; fill: #D3D3D3;\""/>\n      <rect x=\""35.11\"" y=\""11.66\"" width=\""2.22\"" height=\""0.00\"" style=\""stroke-width: 0.38; fill: #D3D3D3;\""/>\n      <rect x=\""37.33\"" y=\""11.66\"" width=\""2.22\"" height=\""0.00\"" style=\""stroke-width: 0.38; fill: #D3D3D3;\""/>\n      <rect x=\""39.56\"" y=\""11.66\"" width=\""2.22\"" height=\""0.00\"" style=\""stroke-width: 0.38; fill: #D3D3D3;\""/>\n      <rect x=\""41.78\"" y=\""11.66\"" width=\""2.22\"" height=\""0.00\"" style=\""stroke-width: 0.38; fill: #D3D3D3;\""/>\n      <rect x=\""44.00\"" y=\""11.28\"" width=\""2.22\"" height=\""0.38\"" style=\""stroke-width: 0.38; fill: #D3D3D3;\""/>\n    <\/g>\n  <\/g>\n<\/svg>\n"",
    ""<?xml version=\""1.0\"" encoding=\""UTF-8\""?>\n<svg xmlns=\""http://www.w3.org/2000/svg\"" xmlns:xlink=\""http://www.w3.org/1999/xlink\"" width=\""48.00pt\"" height=\""12.00pt\"" viewBox=\""0 0 48.00 12.00\"">\n  <g class=\""svglite\"">\n    <defs>\n      <style type=\""text/css\""><![CDATA[\n    .svglite line, .svglite polyline, .svglite polygon, .svglite path, .svglite rect, .svglite circle {\n      fill: none;\n      stroke: #000000;\n      stroke-linecap: round;\n      stroke-linejoin: round;\n      stroke-miterlimit: 10.00;\n    }\n    .svglite text {\n      white-space: pre;\n    }\n    .svglite g.glyphgroup path {\n      fill: inherit;\n      stroke: none;\n    }\n  ]]><\/style>\n    <\/defs>\n    <rect width=\""100%\"" height=\""100%\"" style=\""stroke: none; fill: none;\""/>\n    <defs>\n      <clipPath id=\""cpMC4wMHw0OC4wMHwwLjAwfDEyLjAw\"">\n        <rect x=\""0.00\"" y=\""0.00\"" width=\""48.00\"" height=\""12.00\""/>\n      <\/clipPath>\n    <\/defs>\n    <g clip-path=\""url(#cpMC4wMHw0OC4wMHwwLjAwfDEyLjAw)\"">\n<\/g>\n    <defs>\n      <clipPath id=\""cpMC4wMHw0OC4wMHwyLjg4fDEyLjAw\"">\n        <rect x=\""0.00\"" y=\""2.88\"" width=\""48.00\"" height=\""9.12\""/>\n      <\/clipPath>\n    <\/defs>\n    <g clip-path=\""url(#cpMC4wMHw0OC4wMHwyLjg4fDEyLjAw)\"">\n      <rect x=\""-31.56\"" y=\""3.22\"" width=\""55.56\"" height=\""8.44\"" style=\""stroke-width: 0.38; fill: #D3D3D3;\""/>\n    <\/g>\n  <\/g>\n<\/svg>\n""
  ],
  ""COMMON"": [
    {
      ""Value"": ""S41"",
      ""Frequency"": 1947
    },
    {
      ""Value"": ""J40"",
      ""Frequency"": 1815
    },
    {
      ""Value"": ""W30"",
      ""Frequency"": 1582
    },
    {
      ""Value"": ""S80"",
      ""Frequency"": 1515
    },
    {
      ""Value"": ""N50"",
      ""Frequency"": 1088
    },
    {
      ""Value"": ""M24"",
      ""Frequency"": 810
    }
  ]
}","[ 
  {  ""ww"" :  ""S41""  ,  ""Freq"" :  1947  }, 
  {  ""ww"" :  ""J40""  ,  ""Freq"" :  1815  }, 
  {  ""ww"" :  ""W30""  ,  ""Freq"" :  1582  }, 
  {  ""ww"" :  ""S80""  ,  ""Freq"" :  1515  }, 
  {  ""ww"" :  ""N50""  ,  ""Freq"" :  1088  }, 
  {  ""ww"" :  ""M24""  ,  ""Freq"" :  810  }, 
  {  ""ww"" :  ""B83""  ,  ""Freq"" :  771  }, 
  {  ""ww"" :  ""W80""  ,  ""Freq"" :  681  }, 
  {  ""ww"" :  ""N60""  ,  ""Freq"" :  600  }, 
  {  ""ww"" :  ""Y42""  ,  ""Freq"" :  514  }, 
  {  ""ww"" :  ""Y50""  ,  ""Freq"" :  484  }, 
  {  ""ww"" :  ""Y41""  ,  ""Freq"" :  453  }, 
  {  ""ww"" :  ""K28""  ,  ""Freq"" :  374  }, 
  {  ""ww"" :  ""S20""  ,  ""Freq"" :  371  }, 
  {  ""ww"" :  ""Y43""  ,  ""Freq"" :  355  }, 
  {  ""ww"" :  ""S47""  ,  ""Freq"" :  347  }, 
  {  ""ww"" :  ""B03""  ,  ""Freq"" :  346  }, 
  {  ""ww"" :  ""L50""  ,  ""Freq"" :  328  }, 
  {  ""ww"" :  ""W61""  ,  ""Freq"" :  270  }, 
  {  ""ww"" :  ""N61""  ,  ""Freq"" :  269  }, 
  {  ""ww"" :  ""Y40""  ,  ""Freq"" :  265  }, 
  {  ""ww"" :  ""S03""  ,  ""Freq"" :  236  }, 
  {  ""ww"" :  ""Y20""  ,  ""Freq"" :  236  }, 
  {  ""ww"" :  ""S30""  ,  ""Freq"" :  214  }, 
  {  ""ww"" :  ""S01""  ,  ""Freq"" :  201  }, 
  {  ""ww"" :  ""S40""  ,  ""Freq"" :  185  }, 
  {  ""ww"" :  ""G90""  ,  ""Freq"" :  173  }, 
  {  ""ww"" :  ""I03""  ,  ""Freq"" :  172  }, 
  {  ""ww"" :  ""I0360""  ,  ""Freq"" :  166  }, 
  {  ""ww"" :  ""N52""  ,  ""Freq"" :  146  }, 
  {  ""ww"" :  ""S99""  ,  ""Freq"" :  142  }, 
  {  ""ww"" :  ""A23""  ,  ""Freq"" :  138  }, 
  {  ""ww"" :  ""S22""  ,  ""Freq"" :  133  }, 
  {  ""ww"" :  ""N67""  ,  ""Freq"" :  129  }, 
  {  ""ww"" :  ""N6A""  ,  ""Freq"" :  124  }, 
  {  ""ww"" :  ""E11""  ,  ""Freq"" :  100  }, 
  {  ""ww"" :  ""N68""  ,  ""Freq"" :  98  }, 
  {  ""ww"" :  ""K20""  ,  ""Freq"" :  93  }, 
  {  ""ww"" :  ""N69""  ,  ""Freq"" :  92  }, 
  {  ""ww"" :  ""L99""  ,  ""Freq"" :  89  }, 
  {  ""ww"" :  ""S46""  ,  ""Freq"" :  89  }, 
  {  ""ww"" :  ""N32""  ,  ""Freq"" :  78  }, 
  {  ""ww"" :  ""U42""  ,  ""Freq"" :  77  }, 
  {  ""ww"" :  ""S21""  ,  ""Freq"" :  74  }, 
  {  ""ww"" :  ""W20""  ,  ""Freq"" :  72  }, 
  {  ""ww"" :  ""T20""  ,  ""Freq"" :  70  }, 
  {  ""ww"" :  ""J22""  ,  ""Freq"" :  68  }, 
  {  ""ww"" :  ""C32""  ,  ""Freq"" :  65  }, 
  {  ""ww"" :  ""E03""  ,  ""Freq"" :  64  }, 
  {  ""ww"" :  ""S81""  ,  ""Freq"" :  64  }
]",5,"","","","e8e685b8bf5924b0bec8f604b1c0d599"
"NTEESRC","","NTEESRC","","[ 
  {  ""level"" :  ""ACT1""  ,  ""label"" :  ""ACT1""  }, 
  {  ""level"" :  ""BEST""  ,  ""label"" :  ""BEST""  }, 
  {  ""level"" :  ""END2""  ,  ""label"" :  ""END2""  }, 
  {  ""level"" :  ""HIED""  ,  ""label"" :  ""HIED""  }, 
  {  ""level"" :  ""IRS""  ,  ""label"" :  ""IRS""  }, 
  {  ""level"" :  ""NEW""  ,  ""label"" :  ""NEW""  }, 
  {  ""level"" :  ""ntCO""  ,  ""label"" :  ""ntCO""  }, 
  {  ""level"" :  ""SOI""  ,  ""label"" :  ""SOI""  }, 
  {  ""level"" :  ""SUB""  ,  ""label"" :  ""SUB""  }, 
  {  ""level"" :  ""SUB2""  ,  ""label"" :  ""SUB2""  }, 
  {  ""level"" :  ""SUB3""  ,  ""label"" :  ""SUB3""  }, 
  {  ""level"" :  ""thp""  ,  ""label"" :  ""thp""  }, 
  {  ""level"" :  ""VER""  ,  ""label"" :  ""VER""  }, 
  {  ""level"" :  ""WORD""  ,  ""label"" :  ""WORD""  }, 
  {  ""level"" :  ""ZZ""  ,  ""label"" :  ""ZZ""  }
]","character","string","","","","","","NEW ;; 
BEST ;; 
IRS ;; 
WORD ;; 
ZZ",FALSE,"factor","categorical","","","","","","","[ 
  {  ""STAT"" :  ""Rows""  ,  ""VAL"" :  ""25,000""  ,  ""PER"" :  """"  }, 
  {  ""STAT"" :  ""Distinct""  ,  ""VAL"" :  ""16""  ,  ""PER"" :  ""(0.1%)""  }, 
  {  ""STAT"" :  ""Missing/NA""  ,  ""VAL"" :  ""1,378""  ,  ""PER"" :  ""(5.5%)""  }, 
  {  ""STAT"" :  ""Most Common""  ,  ""VAL"" :  ""BEST""  ,  ""PER"" :  ""(49.6%)""  }
]","BEST ;; WORD ;; NEW ;; IRS ;; SOI ;; ZZ ;; SUB ;; SUB2 ;; SUB3 ;; ACT1 ;; VER ;; ntCO ;; HIED ;; END2 ;; thp","[ 
  {  ""Value"" :  ""BEST""  ,  ""Frequency"" :  12410  }, 
  {  ""Value"" :  ""WORD""  ,  ""Frequency"" :  4000  }, 
  {  ""Value"" :  ""NEW""  ,  ""Frequency"" :  2621  }, 
  {  ""Value"" :  ""IRS""  ,  ""Frequency"" :  2540  }, 
  {  ""Value"" :  ""SOI""  ,  ""Frequency"" :  855  }, 
  {  ""Value"" :  ""ZZ""  ,  ""Frequency"" :  454  }, 
  {  ""Value"" :  ""SUB""  ,  ""Frequency"" :  306  }, 
  {  ""Value"" :  ""SUB2""  ,  ""Frequency"" :  140  }, 
  {  ""Value"" :  ""SUB3""  ,  ""Frequency"" :  86  }, 
  {  ""Value"" :  ""ACT1""  ,  ""Frequency"" :  84  }, 
  {  ""Value"" :  ""VER""  ,  ""Frequency"" :  48  }, 
  {  ""Value"" :  ""ntCO""  ,  ""Frequency"" :  46  }, 
  {  ""Value"" :  ""HIED""  ,  ""Frequency"" :  19  }, 
  {  ""Value"" :  ""END2""  ,  ""Frequency"" :  11  }, 
  {  ""Value"" :  ""thp""  ,  ""Frequency"" :  2  }
]","[ 
  {  ""x"" :  ""BEST""  ,  ""Freq"" :  12410  }, 
  {  ""x"" :  ""WORD""  ,  ""Freq"" :  4000  }, 
  {  ""x"" :  ""NEW""  ,  ""Freq"" :  2621  }, 
  {  ""x"" :  ""IRS""  ,  ""Freq"" :  2540  }, 
  {  ""x"" :  ""SOI""  ,  ""Freq"" :  855  }, 
  {  ""x"" :  ""other""  ,  ""Freq"" :  1196  }
]",4,"","","","32332a74c73a19d148592c2e9a853b0f"
"DEDUCTCD","","DEDUCTCD","","[ 
  {  ""level"" :  ""0""  ,  ""label"" :  ""0""  }, 
  {  ""level"" :  ""1""  ,  ""label"" :  ""1""  }, 
  {  ""level"" :  ""2""  ,  ""label"" :  ""2""  }, 
  {  ""level"" :  ""4""  ,  ""label"" :  ""4""  }
]","numeric","number","","","","","","2 ;; 
1 ;; 
0 ;; 
4",FALSE,"factor","categorical","","","","","","","[ 
  {  ""STAT"" :  ""Rows""  ,  ""VAL"" :  ""25,000""  ,  ""PER"" :  """"  }, 
  {  ""STAT"" :  ""Distinct""  ,  ""VAL"" :  ""5""  ,  ""PER"" :  ""(0.0%)""  }, 
  {  ""STAT"" :  ""Missing/NA""  ,  ""VAL"" :  ""1,887""  ,  ""PER"" :  ""(7.5%)""  }, 
  {  ""STAT"" :  ""Most Common""  ,  ""VAL"" :  ""2""  ,  ""PER"" :  ""(74.0%)""  }
]","2 ;; 1 ;; 0 ;; 4","[ 
  {  ""Value"" :  ""2""  ,  ""Frequency"" :  18494  }, 
  {  ""Value"" :  ""1""  ,  ""Frequency"" :  3932  }, 
  {  ""Value"" :  ""0""  ,  ""Frequency"" :  685  }, 
  {  ""Value"" :  ""4""  ,  ""Frequency"" :  2  }
]","[ 
  {  ""x"" :  ""2""  ,  ""Freq"" :  18494  }, 
  {  ""x"" :  ""1""  ,  ""Freq"" :  3932  }, 
  {  ""x"" :  ""0""  ,  ""Freq"" :  685  }, 
  {  ""x"" :  ""other""  ,  ""Freq"" :  2  }
]",1,"","","","3090ed2798b253515d5dbda22454f646"
"OUTREAS","","OUTREAS","","[ 
  {  ""level"" :  ""F""  ,  ""label"" :  ""F""  }, 
  {  ""level"" :  ""N""  ,  ""label"" :  ""N""  }, 
  {  ""level"" :  ""S""  ,  ""label"" :  ""S""  }, 
  {  ""level"" :  ""T""  ,  ""label"" :  ""T""  }
]","character","string","","","","","","S ;; 
F ;; 
T ;; 
N",FALSE,"factor","categorical","","","","","","","[ 
  {  ""STAT"" :  ""Rows""  ,  ""VAL"" :  ""25,000""  ,  ""PER"" :  """"  }, 
  {  ""STAT"" :  ""Distinct""  ,  ""VAL"" :  ""5""  ,  ""PER"" :  ""(0.0%)""  }, 
  {  ""STAT"" :  ""Missing/NA""  ,  ""VAL"" :  ""24,961""  ,  ""PER"" :  ""(99.8%)""  }, 
  {  ""STAT"" :  ""Most Common""  ,  ""VAL"" :  ""T""  ,  ""PER"" :  ""(0.1%)""  }
]","T ;; F ;; S ;; N","[ 
  {  ""Value"" :  ""T""  ,  ""Frequency"" :  15  }, 
  {  ""Value"" :  ""F""  ,  ""Frequency"" :  12  }, 
  {  ""Value"" :  ""S""  ,  ""Frequency"" :  11  }, 
  {  ""Value"" :  ""N""  ,  ""Frequency"" :  1  }
]","[ 
  {  ""x"" :  ""T""  ,  ""Freq"" :  15  }, 
  {  ""x"" :  ""F""  ,  ""Freq"" :  12  }, 
  {  ""x"" :  ""S""  ,  ""Freq"" :  11  }, 
  {  ""x"" :  ""N""  ,  ""Freq"" :  1  }, 
  {  ""x"" :  ""other""  ,  ""Freq"" :  0  }
]",1,"","","","df8f9376a47dc8108ed65257ca6d78e4"
"F9_05_UBIZ_IMCOME_OVER_LIMIT_X","","F9_05_UBIZ_IMCOME_OVER_LIMIT_X","","[ 
  {  ""level"" :  ""N""  ,  ""label"" :  ""N""  }, 
  {  ""level"" :  ""Y""  ,  ""label"" :  ""Y""  }
]","character","string","","","","","","N ;; 
Y",FALSE,"factor","boolean","","","","","","","[ 
  {  ""STAT"" :  ""Rows""  ,  ""VAL"" :  ""25,000""  ,  ""PER"" :  """"  }, 
  {  ""STAT"" :  ""Distinct""  ,  ""VAL"" :  ""2""  ,  ""PER"" :  ""(0.0%)""  }, 
  {  ""STAT"" :  ""Most Common""  ,  ""VAL"" :  ""N""  ,  ""PER"" :  ""(86.2%)""  }
]","N ;; Y","[ 
  {  ""Value"" :  ""N""  ,  ""Frequency"" :  21550  }, 
  {  ""Value"" :  ""Y""  ,  ""Frequency"" :  3450  }
]","[ 
  {  ""f"" :  ""N""  ,  ""Freq"" :  21550  }, 
  {  ""f"" :  ""Y""  ,  ""Freq"" :  3450  }
]",1,"","","","00dcadf8e089921fed0b41ac50326cf7"
"OUTNCCS","","OUTNCCS","","[ 
  {  ""level"" :  ""IN""  ,  ""label"" :  ""IN""  }, 
  {  ""level"" :  ""OUT""  ,  ""label"" :  ""OUT""  }
]","character","string","","","","","","IN ;; 
OUT",FALSE,"factor","boolean","","","","","","","[ 
  {  ""STAT"" :  ""Rows""  ,  ""VAL"" :  ""25,000""  ,  ""PER"" :  """"  }, 
  {  ""STAT"" :  ""Distinct""  ,  ""VAL"" :  ""3""  ,  ""PER"" :  ""(0.0%)""  }, 
  {  ""STAT"" :  ""Missing/NA""  ,  ""VAL"" :  ""2,361""  ,  ""PER"" :  ""(9.4%)""  }, 
  {  ""STAT"" :  ""Most Common""  ,  ""VAL"" :  ""IN""  ,  ""PER"" :  ""(90.4%)""  }
]","IN ;; OUT","[ 
  {  ""Value"" :  ""IN""  ,  ""Frequency"" :  22600  }, 
  {  ""Value"" :  ""NA""  ,  ""Frequency"" :  2361  }, 
  {  ""Value"" :  ""OUT""  ,  ""Frequency"" :  39  }
]","[ 
  {  ""f"" :  ""IN""  ,  ""Freq"" :  22600  }, 
  {  ""f"" :  ""NA""  ,  ""Freq"" :  2361  }, 
  {  ""f"" :  ""OUT""  ,  ""Freq"" :  39  }
]",3,"","","","5336c64575243bfeeacea9749cd0e6d8"
"COUNTY_FIPS","","COUNTY_FIPS","","","numeric","number","","","","","","36081 ;; 
51087 ;; 
48343 ;; 
51630 ;; 
36001",FALSE,"numeric","number","","","","","","","[ 
  {  ""STAT"" :  ""Rows""  ,  ""VAL"" :  ""25,000""  ,  ""PER"" :  """"  }, 
  {  ""STAT"" :  ""Distinct""  ,  ""VAL"" :  ""2,411""  ,  ""PER"" :  ""(9.6%)""  }, 
  {  ""STAT"" :  ""Missing/NA""  ,  ""VAL"" :  ""2,389""  ,  ""PER"" :  ""(9.6%)""  }, 
  {  ""STAT"" :  ""Most Common""  ,  ""VAL"" :  ""6,037""  ,  ""PER"" :  ""(1.6%)""  }, 
  {  ""STAT"" :  ""Skew""  ,  ""VAL"" :  ""LOW""  ,  ""PER"" :  """"  }, 
  {  ""STAT"" :  ""Kurtosis""  ,  ""VAL"" :  ""MED""  ,  ""PER"" :  """"  }
]","6037 ;; 17031 ;; 11001 ;; 36061 ;; 48201 ;; 53033 ;; 6067 ;; 42003 ;; 39049 ;; 6073 ;; 6059 ;; 25017 ;; 4013 ;; 27053 ;; 48113 ;; 36103 ;; 18097 ;; 48453 ;; 39035 ;; 36059 ;; 6085 ;; 6001 ;; 25025 ;; 51059 ;; 9003 ;; 36119 ;; 13121 ;; 26163 ;; 19153 ;; 26125 ;; 6075 ;; 9001 ;; 48439 ;; 42101 ;; 9009 ;; 17043 ;; 36029 ;; 37183 ;; 25021 ;; 15003 ;; 25009 ;; 34003 ;; 44007 ;; 6013 ;; 25027 ;; 29189","[ 
  {  ""STAT"" :  ""Minimum""  ,  ""VAL"" :  ""1,001""  }, 
  {  ""STAT"" :  ""Q - 05""  ,  ""VAL"" :  ""6,019""  }, 
  {  ""STAT"" :  ""Q - 25""  ,  ""VAL"" :  ""17,027""  }, 
  {  ""STAT"" :  ""Median""  ,  ""VAL"" :  ""27,163""  }, 
  {  ""STAT"" :  ""Mean""  ,  ""VAL"" :  ""28,405.45""  }, 
  {  ""STAT"" :  ""Q - 75""  ,  ""VAL"" :  ""41,051""  }, 
  {  ""STAT"" :  ""Q - 95""  ,  ""VAL"" :  ""53,033""  }, 
  {  ""STAT"" :  ""Maximum""  ,  ""VAL"" :  ""78,030""  }, 
  {  ""STAT"" :  ""Skew""  ,  ""VAL"" :  ""-0.01""  }, 
  {  ""STAT"" :  ""Kurtosis""  ,  ""VAL"" :  ""-1.15""  }
]","  { 
    ""breaks""  :  [ 
0, 
    5000, 
    10000, 
    15000, 
    20000, 
    25000, 
    30000, 
    35000, 
    40000, 
    45000, 
    50000, 
    55000, 
    60000, 
    65000, 
    70000, 
    75000
], 
    ""density""  :  [ 
0.0306, 
    0.1335, 
    0.0741, 
    0.1053, 
    0.0644, 
    0.1258, 
    0.0564, 
    0.141, 
    0.084, 
    0.0959, 
    0.065, 
    0.0234, 
    0, 
    0, 
    0.0005
], 
    ""y""  :  [ 
692, 
    3019, 
    1675, 
    2381, 
    1455, 
    2845, 
    1274, 
    3188, 
    1899, 
    2169, 
    1470, 
    529, 
    0, 
    0, 
    12
], 
    ""mids""  :  [ 
2500, 
    7500, 
    12500, 
    17500, 
    22500, 
    27500, 
    32500, 
    37500, 
    42500, 
    47500, 
    52500, 
    57500, 
    62500, 
    67500, 
    72500
], 
    ""mean""  :  [ 
28405.4523
], 
    ""median""  :  [ 
27163
], 
    ""min""  :  [ 
1001
], 
    ""max""  :  [ 
78030
]
  }",5,"","","","247ce7eedae483be8e1ac6cff555c593"
"CEO_CENSUSTRACT","","CEO_CENSUSTRACT","","","numeric","number","","","","","","36081001900 ;; 
51087200301 ;; 
48343950300 ;; 
51630000500 ;; 
36001000300",FALSE,"numeric","number","","","","","","","[ 
  {  ""STAT"" :  ""Rows""  ,  ""VAL"" :  ""25,000""  ,  ""PER"" :  """"  }, 
  {  ""STAT"" :  ""Distinct""  ,  ""VAL"" :  ""14,265""  ,  ""PER"" :  ""(57.1%)""  }, 
  {  ""STAT"" :  ""Missing/NA""  ,  ""VAL"" :  ""3,110""  ,  ""PER"" :  ""(12.4%)""  }, 
  {  ""STAT"" :  ""Most Common""  ,  ""VAL"" :  ""11,001,010,700""  ,  ""PER"" :  ""(0.3%)""  }, 
  {  ""STAT"" :  ""Skew""  ,  ""VAL"" :  ""LOW""  ,  ""PER"" :  """"  }, 
  {  ""STAT"" :  ""Kurtosis""  ,  ""VAL"" :  ""MED""  ,  ""PER"" :  """"  }
]","11001010700 ;; 48201531700 ;; 6037294421 ;; 11001010100 ;; 11001005800 ;; 17031839100 ;; 6067001101 ;; 6073020809 ;; 48113020300 ;; 11001005900 ;; 18097391000 ;; 4013941000 ;; 51510201900 ;; 6085512100 ;; 36061016100 ;; 42003020100 ;; 48453000102 ;; 48453001100 ;; 6075011700 ;; 11001006202 ;; 39049004000 ;; 17031320100 ;; 42003191100 ;; 1097003707 ;; 6075061500 ;; 22033003501 ;; 28049010500 ;; 350","[ 
  {  ""STAT"" :  ""Minimum""  ,  ""VAL"" :  ""1,001,020,500""  }, 
  {  ""STAT"" :  ""Q - 05""  ,  ""VAL"" :  ""6,029,003,250""  }, 
  {  ""STAT"" :  ""Q - 25""  ,  ""VAL"" :  ""17,031,320,100""  }, 
  {  ""STAT"" :  ""Median""  ,  ""VAL"" :  ""28,012,950,350""  }, 
  {  ""STAT"" :  ""Mean""  ,  ""VAL"" :  ""28,488,147,053""  }, 
  {  ""STAT"" :  ""Q - 75""  ,  ""VAL"" :  ""41,051,008,202""  }, 
  {  ""STAT"" :  ""Q - 95""  ,  ""VAL"" :  ""53,033,008,055""  }, 
  {  ""STAT"" :  ""Maximum""  ,  ""VAL"" :  ""5.6043e+10""  }, 
  {  ""STAT"" :  ""Skew""  ,  ""VAL"" :  ""-0.02""  }, 
  {  ""STAT"" :  ""Kurtosis""  ,  ""VAL"" :  ""-1.17""  }
]","  { 
    ""breaks""  :  [ 
0, 
    2000000000, 
    4000000000, 
    6000000000, 
    8000000000, 
    10000000000, 
    12000000000, 
    14000000000, 
    16000000000, 
    18000000000, 
    20000000000, 
    22000000000, 
    24000000000, 
    26000000000, 
    28000000000, 
    30000000000, 
    32000000000, 
    34000000000, 
    36000000000, 
    38000000000, 
    40000000000, 
    42000000000, 
    44000000000, 
    46000000000, 
    48000000000, 
    50000000000, 
    52000000000, 
    54000000000, 
    56000000000, 
    58000000000
], 
    ""density""  :  [ 
0.0136, 
    0.0051, 
    0.0184, 
    0.0912, 
    0.0332, 
    0.0168, 
    0.057, 
    0.0037, 
    0.0527, 
    0.0489, 
    0.0259, 
    0.0195, 
    0.0506, 
    0.0631, 
    0.0331, 
    0.0148, 
    0.0107, 
    0.036, 
    0.0863, 
    0.0494, 
    0.0237, 
    0.0545, 
    0.0162, 
    0.021, 
    0.0657, 
    0.0319, 
    0.0248, 
    0.0296, 
    0.0029
], 
    ""y""  :  [ 
297, 
    111, 
    402, 
    1996, 
    727, 
    367, 
    1247, 
    81, 
    1153, 
    1070, 
    566, 
    426, 
    1107, 
    1382, 
    724, 
    323, 
    234, 
    789, 
    1890, 
    1082, 
    519, 
    1194, 
    354, 
    459, 
    1439, 
    698, 
    543, 
    647, 
    63
], 
    ""mids""  :  [ 
1000000000, 
    3000000000, 
    5000000000, 
    7000000000, 
    9000000000, 
    11000000000, 
    13000000000, 
    15000000000, 
    17000000000, 
    19000000000, 
    21000000000, 
    23000000000, 
    25000000000, 
    27000000000, 
    29000000000, 
    31000000000, 
    33000000000, 
    35000000000, 
    37000000000, 
    39000000000, 
    41000000000, 
    43000000000, 
    45000000000, 
    47000000000, 
    49000000000, 
    51000000000, 
    53000000000, 
    55000000000, 
    57000000000
], 
    ""mean""  :  [ 
28488147052.6496
], 
    ""median""  :  [ 
28012950350
], 
    ""min""  :  [ 
1001020500
], 
    ""max""  :  [ 
56043000200
]
  }",11,"","","","afbc196795d8aeaf02161da0a2f65571"
"F9_00_TAX_PERIOD_END_DATE","","F9_00_TAX_PERIOD_END_DATE","","[ 
  {  ""level"" :  ""201701""  ,  ""label"" :  ""201701""  }, 
  {  ""level"" :  ""201702""  ,  ""label"" :  ""201702""  }, 
  {  ""level"" :  ""201703""  ,  ""label"" :  ""201703""  }, 
  {  ""level"" :  ""201704""  ,  ""label"" :  ""201704""  }, 
  {  ""level"" :  ""201705""  ,  ""label"" :  ""201705""  }, 
  {  ""level"" :  ""201706""  ,  ""label"" :  ""201706""  }, 
  {  ""level"" :  ""201707""  ,  ""label"" :  ""201707""  }, 
  {  ""level"" :  ""201708""  ,  ""label"" :  ""201708""  }, 
  {  ""level"" :  ""201709""  ,  ""label"" :  ""201709""  }, 
  {  ""level"" :  ""201710""  ,  ""label"" :  ""201710""  }, 
  {  ""level"" :  ""201711""  ,  ""label"" :  ""201711""  }, 
  {  ""level"" :  ""201712""  ,  ""label"" :  ""201712""  }, 
  {  ""level"" :  ""201801""  ,  ""label"" :  ""201801""  }, 
  {  ""level"" :  ""201802""  ,  ""label"" :  ""201802""  }, 
  {  ""level"" :  ""201803""  ,  ""label"" :  ""201803""  }, 
  {  ""level"" :  ""201804""  ,  ""label"" :  ""201804""  }, 
  {  ""level"" :  ""201805""  ,  ""label"" :  ""201805""  }, 
  {  ""level"" :  ""201806""  ,  ""label"" :  ""201806""  }, 
  {  ""level"" :  ""201807""  ,  ""label"" :  ""201807""  }, 
  {  ""level"" :  ""201808""  ,  ""label"" :  ""201808""  }, 
  {  ""level"" :  ""201809""  ,  ""label"" :  ""201809""  }, 
  {  ""level"" :  ""201810""  ,  ""label"" :  ""201810""  }, 
  {  ""level"" :  ""201811""  ,  ""label"" :  ""201811""  }, 
  {  ""level"" :  ""201812""  ,  ""label"" :  ""201812""  }, 
  {  ""level"" :  ""201901""  ,  ""label"" :  ""201901""  }, 
  {  ""level"" :  ""201902""  ,  ""label"" :  ""201902""  }, 
  {  ""level"" :  ""201903""  ,  ""label"" :  ""201903""  }, 
  {  ""level"" :  ""201904""  ,  ""label"" :  ""201904""  }, 
  {  ""level"" :  ""201905""  ,  ""label"" :  ""201905""  }, 
  {  ""level"" :  ""201906""  ,  ""label"" :  ""201906""  }, 
  {  ""level"" :  ""201907""  ,  ""label"" :  ""201907""  }, 
  {  ""level"" :  ""201908""  ,  ""label"" :  ""201908""  }, 
  {  ""level"" :  ""201909""  ,  ""label"" :  ""201909""  }, 
  {  ""level"" :  ""201910""  ,  ""label"" :  ""201910""  }, 
  {  ""level"" :  ""201911""  ,  ""label"" :  ""201911""  }, 
  {  ""level"" :  ""201912""  ,  ""label"" :  ""201912""  }, 
  {  ""level"" :  ""202001""  ,  ""label"" :  ""202001""  }, 
  {  ""level"" :  ""202002""  ,  ""label"" :  ""202002""  }, 
  {  ""level"" :  ""202003""  ,  ""label"" :  ""202003""  }, 
  {  ""level"" :  ""202004""  ,  ""label"" :  ""202004""  }, 
  {  ""level"" :  ""202005""  ,  ""label"" :  ""202005""  }, 
  {  ""level"" :  ""202006""  ,  ""label"" :  ""202006""  }, 
  {  ""level"" :  ""202007""  ,  ""label"" :  ""202007""  }, 
  {  ""level"" :  ""202008""  ,  ""label"" :  ""202008""  }, 
  {  ""level"" :  ""202009""  ,  ""label"" :  ""202009""  }, 
  {  ""level"" :  ""202010""  ,  ""label"" :  ""202010""  }, 
  {  ""level"" :  ""202011""  ,  ""label"" :  ""202011""  }
]","numeric","number","","","","","","201912 ;; 
201812 ;; 
201712 ;; 
201906 ;; 
201905",FALSE,"factor","categorical","","","","","","","[ 
  {  ""STAT"" :  ""Rows""  ,  ""VAL"" :  ""25,000""  ,  ""PER"" :  """"  }, 
  {  ""STAT"" :  ""Distinct""  ,  ""VAL"" :  ""47""  ,  ""PER"" :  ""(0.2%)""  }, 
  {  ""STAT"" :  ""Most Common""  ,  ""VAL"" :  ""201912""  ,  ""PER"" :  ""(39.5%)""  }
]","201912 ;; 201812 ;; 201906 ;; 201712 ;; 202006 ;; 201806 ;; 201909 ;; 201908 ;; 201706 ;; 201903 ;; 202003 ;; 201905 ;; 201904 ;; 201910 ;; 202005 ;; 201809 ;; 202004 ;; 201907 ;; 201805 ;; 201808 ;; 201911 ;; 201709 ;; 201803 ;; 201804 ;; 201810 ;; 202007 ;; 202008 ;; 202009 ;; 202001 ;; 201807 ;; 201705 ;; 201708 ;; 202002 ;; 201902 ;; 201704 ;; 201710 ;; 201811 ;; 201901 ;; 201707 ;; 201802","[ 
  {  ""Value"" :  ""201912""  ,  ""Frequency"" :  9884  }, 
  {  ""Value"" :  ""201812""  ,  ""Frequency"" :  3477  }, 
  {  ""Value"" :  ""201906""  ,  ""Frequency"" :  2064  }, 
  {  ""Value"" :  ""201712""  ,  ""Frequency"" :  1626  }, 
  {  ""Value"" :  ""202006""  ,  ""Frequency"" :  1312  }, 
  {  ""Value"" :  ""201806""  ,  ""Frequency"" :  840  }, 
  {  ""Value"" :  ""201909""  ,  ""Frequency"" :  812  }, 
  {  ""Value"" :  ""201908""  ,  ""Frequency"" :  406  }, 
  {  ""Value"" :  ""201706""  ,  ""Frequency"" :  362  }, 
  {  ""Value"" :  ""201903""  ,  ""Frequency"" :  356  }, 
  {  ""Value"" :  ""202003""  ,  ""Frequency"" :  352  }, 
  {  ""Value"" :  ""201905""  ,  ""Frequency"" :  326  }, 
  {  ""Value"" :  ""201904""  ,  ""Frequency"" :  278  }, 
  {  ""Value"" :  ""201910""  ,  ""Frequency"" :  272  }, 
  {  ""Value"" :  ""202005""  ,  ""Frequency"" :  252  }, 
  {  ""Value"" :  ""201809""  ,  ""Frequency"" :  244  }, 
  {  ""Value"" :  ""202004""  ,  ""Frequency"" :  183  }, 
  {  ""Value"" :  ""201907""  ,  ""Frequency"" :  161  }, 
  {  ""Value"" :  ""201805""  ,  ""Frequency"" :  154  }, 
  {  ""Value"" :  ""201808""  ,  ""Frequency"" :  139  }, 
  {  ""Value"" :  ""201911""  ,  ""Frequency"" :  123  }, 
  {  ""Value"" :  ""201709""  ,  ""Frequency"" :  121  }, 
  {  ""Value"" :  ""201803""  ,  ""Frequency"" :  110  }, 
  {  ""Value"" :  ""201804""  ,  ""Frequency"" :  102  }, 
  {  ""Value"" :  ""201810""  ,  ""Frequency"" :  94  }, 
  {  ""Value"" :  ""202007""  ,  ""Frequency"" :  91  }, 
  {  ""Value"" :  ""202008""  ,  ""Frequency"" :  79  }, 
  {  ""Value"" :  ""202009""  ,  ""Frequency"" :  74  }, 
  {  ""Value"" :  ""202001""  ,  ""Frequency"" :  66  }, 
  {  ""Value"" :  ""201807""  ,  ""Frequency"" :  65  }, 
  {  ""Value"" :  ""201705""  ,  ""Frequency"" :  64  }, 
  {  ""Value"" :  ""201708""  ,  ""Frequency"" :  64  }, 
  {  ""Value"" :  ""202002""  ,  ""Frequency"" :  59  }, 
  {  ""Value"" :  ""201902""  ,  ""Frequency"" :  57  }, 
  {  ""Value"" :  ""201704""  ,  ""Frequency"" :  46  }, 
  {  ""Value"" :  ""201710""  ,  ""Frequency"" :  46  }, 
  {  ""Value"" :  ""201811""  ,  ""Frequency"" :  46  }, 
  {  ""Value"" :  ""201901""  ,  ""Frequency"" :  34  }, 
  {  ""Value"" :  ""201707""  ,  ""Frequency"" :  32  }, 
  {  ""Value"" :  ""201802""  ,  ""Frequency"" :  32  }, 
  {  ""Value"" :  ""201703""  ,  ""Frequency"" :  31  }, 
  {  ""Value"" :  ""201711""  ,  ""Frequency"" :  25  }, 
  {  ""Value"" :  ""202010""  ,  ""Frequency"" :  13  }, 
  {  ""Value"" :  ""201801""  ,  ""Frequency"" :  9  }, 
  {  ""Value"" :  ""201701""  ,  ""Frequency"" :  8  }, 
  {  ""Value"" :  ""201702""  ,  ""Frequency"" :  8  }, 
  {  ""Value"" :  ""202011""  ,  ""Frequency"" :  1  }
]","[ 
  {  ""x"" :  ""201912""  ,  ""Freq"" :  9884  }, 
  {  ""x"" :  ""201812""  ,  ""Freq"" :  3477  }, 
  {  ""x"" :  ""201906""  ,  ""Freq"" :  2064  }, 
  {  ""x"" :  ""201712""  ,  ""Freq"" :  1626  }, 
  {  ""x"" :  ""202006""  ,  ""Freq"" :  1312  }, 
  {  ""x"" :  ""201806""  ,  ""Freq"" :  840  }, 
  {  ""x"" :  ""201909""  ,  ""Freq"" :  812  }, 
  {  ""x"" :  ""other""  ,  ""Freq"" :  4985  }
]",6,"","","","526e383609b33f5bc631532a410fa5de"
"F9_00_TAX_PERIOD_END_DATE_PY","","F9_00_TAX_PERIOD_END_DATE_PY","","[ 
  {  ""level"" :  ""201601""  ,  ""label"" :  ""201601""  }, 
  {  ""level"" :  ""201602""  ,  ""label"" :  ""201602""  }, 
  {  ""level"" :  ""201603""  ,  ""label"" :  ""201603""  }, 
  {  ""level"" :  ""201604""  ,  ""label"" :  ""201604""  }, 
  {  ""level"" :  ""201605""  ,  ""label"" :  ""201605""  }, 
  {  ""level"" :  ""201606""  ,  ""label"" :  ""201606""  }, 
  {  ""level"" :  ""201607""  ,  ""label"" :  ""201607""  }, 
  {  ""level"" :  ""201608""  ,  ""label"" :  ""201608""  }, 
  {  ""level"" :  ""201609""  ,  ""label"" :  ""201609""  }, 
  {  ""level"" :  ""201610""  ,  ""label"" :  ""201610""  }, 
  {  ""level"" :  ""201611""  ,  ""label"" :  ""201611""  }, 
  {  ""level"" :  ""201612""  ,  ""label"" :  ""201612""  }, 
  {  ""level"" :  ""201701""  ,  ""label"" :  ""201701""  }, 
  {  ""level"" :  ""201702""  ,  ""label"" :  ""201702""  }, 
  {  ""level"" :  ""201703""  ,  ""label"" :  ""201703""  }, 
  {  ""level"" :  ""201704""  ,  ""label"" :  ""201704""  }, 
  {  ""level"" :  ""201705""  ,  ""label"" :  ""201705""  }, 
  {  ""level"" :  ""201706""  ,  ""label"" :  ""201706""  }, 
  {  ""level"" :  ""201707""  ,  ""label"" :  ""201707""  }, 
  {  ""level"" :  ""201708""  ,  ""label"" :  ""201708""  }, 
  {  ""level"" :  ""201709""  ,  ""label"" :  ""201709""  }, 
  {  ""level"" :  ""201710""  ,  ""label"" :  ""201710""  }, 
  {  ""level"" :  ""201711""  ,  ""label"" :  ""201711""  }, 
  {  ""level"" :  ""201712""  ,  ""label"" :  ""201712""  }, 
  {  ""level"" :  ""201801""  ,  ""label"" :  ""201801""  }, 
  {  ""level"" :  ""201802""  ,  ""label"" :  ""201802""  }, 
  {  ""level"" :  ""201803""  ,  ""label"" :  ""201803""  }, 
  {  ""level"" :  ""201804""  ,  ""label"" :  ""201804""  }, 
  {  ""level"" :  ""201805""  ,  ""label"" :  ""201805""  }, 
  {  ""level"" :  ""201806""  ,  ""label"" :  ""201806""  }, 
  {  ""level"" :  ""201807""  ,  ""label"" :  ""201807""  }, 
  {  ""level"" :  ""201808""  ,  ""label"" :  ""201808""  }, 
  {  ""level"" :  ""201809""  ,  ""label"" :  ""201809""  }, 
  {  ""level"" :  ""201810""  ,  ""label"" :  ""201810""  }, 
  {  ""level"" :  ""201811""  ,  ""label"" :  ""201811""  }, 
  {  ""level"" :  ""201812""  ,  ""label"" :  ""201812""  }, 
  {  ""level"" :  ""201901""  ,  ""label"" :  ""201901""  }, 
  {  ""level"" :  ""201902""  ,  ""label"" :  ""201902""  }, 
  {  ""level"" :  ""201903""  ,  ""label"" :  ""201903""  }, 
  {  ""level"" :  ""201904""  ,  ""label"" :  ""201904""  }, 
  {  ""level"" :  ""201905""  ,  ""label"" :  ""201905""  }, 
  {  ""level"" :  ""201906""  ,  ""label"" :  ""201906""  }, 
  {  ""level"" :  ""201907""  ,  ""label"" :  ""201907""  }, 
  {  ""level"" :  ""201908""  ,  ""label"" :  ""201908""  }, 
  {  ""level"" :  ""201909""  ,  ""label"" :  ""201909""  }, 
  {  ""level"" :  ""201910""  ,  ""label"" :  ""201910""  }
]","numeric","number","","","","","","201812 ;; 
201712 ;; 
201806 ;; 
201805 ;; 
201809",FALSE,"factor","categorical","","","","","","","[ 
  {  ""STAT"" :  ""Rows""  ,  ""VAL"" :  ""25,000""  ,  ""PER"" :  """"  }, 
  {  ""STAT"" :  ""Distinct""  ,  ""VAL"" :  ""47""  ,  ""PER"" :  ""(0.2%)""  }, 
  {  ""STAT"" :  ""Missing/NA""  ,  ""VAL"" :  ""4,344""  ,  ""PER"" :  ""(17.4%)""  }, 
  {  ""STAT"" :  ""Most Common""  ,  ""VAL"" :  ""201812""  ,  ""PER"" :  ""(37.2%)""  }
]","201812 ;; 201712 ;; 201806 ;; 201906 ;; 201809 ;; 201706 ;; 201612 ;; 201808 ;; 201803 ;; 201903 ;; 201805 ;; 201810 ;; 201804 ;; 201905 ;; 201709 ;; 201606 ;; 201904 ;; 201807 ;; 201811 ;; 201708 ;; 201705 ;; 201710 ;; 201704 ;; 201901 ;; 201907 ;; 201703 ;; 201902 ;; 201802 ;; 201908 ;; 201909 ;; 201711 ;; 201707 ;; 201605 ;; 201609 ;; 201801 ;; 201604 ;; 201608 ;; 201702 ;; 201603 ;; 201607","[ 
  {  ""Value"" :  ""201812""  ,  ""Frequency"" :  9298  }, 
  {  ""Value"" :  ""201712""  ,  ""Frequency"" :  3002  }, 
  {  ""Value"" :  ""201806""  ,  ""Frequency"" :  1767  }, 
  {  ""Value"" :  ""201906""  ,  ""Frequency"" :  1060  }, 
  {  ""Value"" :  ""201809""  ,  ""Frequency"" :  744  }, 
  {  ""Value"" :  ""201706""  ,  ""Frequency"" :  539  }, 
  {  ""Value"" :  ""201612""  ,  ""Frequency"" :  478  }, 
  {  ""Value"" :  ""201808""  ,  ""Frequency"" :  370  }, 
  {  ""Value"" :  ""201803""  ,  ""Frequency"" :  321  }, 
  {  ""Value"" :  ""201903""  ,  ""Frequency"" :  319  }, 
  {  ""Value"" :  ""201805""  ,  ""Frequency"" :  265  }, 
  {  ""Value"" :  ""201810""  ,  ""Frequency"" :  255  }, 
  {  ""Value"" :  ""201804""  ,  ""Frequency"" :  246  }, 
  {  ""Value"" :  ""201905""  ,  ""Frequency"" :  206  }, 
  {  ""Value"" :  ""201709""  ,  ""Frequency"" :  195  }, 
  {  ""Value"" :  ""201606""  ,  ""Frequency"" :  164  }, 
  {  ""Value"" :  ""201904""  ,  ""Frequency"" :  162  }, 
  {  ""Value"" :  ""201807""  ,  ""Frequency"" :  123  }, 
  {  ""Value"" :  ""201811""  ,  ""Frequency"" :  122  }, 
  {  ""Value"" :  ""201708""  ,  ""Frequency"" :  101  }, 
  {  ""Value"" :  ""201705""  ,  ""Frequency"" :  90  }, 
  {  ""Value"" :  ""201710""  ,  ""Frequency"" :  88  }, 
  {  ""Value"" :  ""201704""  ,  ""Frequency"" :  64  }, 
  {  ""Value"" :  ""201901""  ,  ""Frequency"" :  61  }, 
  {  ""Value"" :  ""201907""  ,  ""Frequency"" :  58  }, 
  {  ""Value"" :  ""201703""  ,  ""Frequency"" :  51  }, 
  {  ""Value"" :  ""201902""  ,  ""Frequency"" :  49  }, 
  {  ""Value"" :  ""201802""  ,  ""Frequency"" :  46  }, 
  {  ""Value"" :  ""201908""  ,  ""Frequency"" :  44  }, 
  {  ""Value"" :  ""201909""  ,  ""Frequency"" :  42  }, 
  {  ""Value"" :  ""201711""  ,  ""Frequency"" :  41  }, 
  {  ""Value"" :  ""201707""  ,  ""Frequency"" :  39  }, 
  {  ""Value"" :  ""201605""  ,  ""Frequency"" :  36  }, 
  {  ""Value"" :  ""201609""  ,  ""Frequency"" :  34  }, 
  {  ""Value"" :  ""201801""  ,  ""Frequency"" :  29  }, 
  {  ""Value"" :  ""201604""  ,  ""Frequency"" :  27  }, 
  {  ""Value"" :  ""201608""  ,  ""Frequency"" :  23  }, 
  {  ""Value"" :  ""201702""  ,  ""Frequency"" :  22  }, 
  {  ""Value"" :  ""201603""  ,  ""Frequency"" :  18  }, 
  {  ""Value"" :  ""201607""  ,  ""Frequency"" :  16  }, 
  {  ""Value"" :  ""201610""  ,  ""Frequency"" :  13  }, 
  {  ""Value"" :  ""201611""  ,  ""Frequency"" :  9  }, 
  {  ""Value"" :  ""201910""  ,  ""Frequency"" :  7  }, 
  {  ""Value"" :  ""201601""  ,  ""Frequency"" :  5  }, 
  {  ""Value"" :  ""201602""  ,  ""Frequency"" :  4  }, 
  {  ""Value"" :  ""201701""  ,  ""Frequency"" :  3  }
]","[ 
  {  ""x"" :  ""201812""  ,  ""Freq"" :  9298  }, 
  {  ""x"" :  ""201712""  ,  ""Freq"" :  3002  }, 
  {  ""x"" :  ""201806""  ,  ""Freq"" :  1767  }, 
  {  ""x"" :  ""201906""  ,  ""Freq"" :  1060  }, 
  {  ""x"" :  ""201809""  ,  ""Freq"" :  744  }, 
  {  ""x"" :  ""201706""  ,  ""Freq"" :  539  }, 
  {  ""x"" :  ""201612""  ,  ""Freq"" :  478  }, 
  {  ""x"" :  ""other""  ,  ""Freq"" :  3768  }
]",6,"","","","71492f447d0e1a8bd2bf530dbafaf3da"
"F9_00_TAX_PERIOD_BEGIN_DATE","","F9_00_TAX_PERIOD_BEGIN_DATE","","[ 
  {  ""level"" :  ""20169""  ,  ""label"" :  ""20169""  }, 
  {  ""level"" :  ""20170""  ,  ""label"" :  ""20170""  }, 
  {  ""level"" :  ""20171""  ,  ""label"" :  ""20171""  }, 
  {  ""level"" :  ""20179""  ,  ""label"" :  ""20179""  }, 
  {  ""level"" :  ""20180""  ,  ""label"" :  ""20180""  }, 
  {  ""level"" :  ""20181""  ,  ""label"" :  ""20181""  }, 
  {  ""level"" :  ""20189""  ,  ""label"" :  ""20189""  }, 
  {  ""level"" :  ""20190""  ,  ""label"" :  ""20190""  }, 
  {  ""level"" :  ""20191""  ,  ""label"" :  ""20191""  }, 
  {  ""level"" :  ""20199""  ,  ""label"" :  ""20199""  }, 
  {  ""level"" :  ""20200""  ,  ""label"" :  ""20200""  }, 
  {  ""level"" :  ""20201""  ,  ""label"" :  ""20201""  }
]","numeric","number","","","","","","20190 ;; 
20180 ;; 
20170 ;; 
20189 ;; 
20199",FALSE,"factor","categorical","","","","","","","[ 
  {  ""STAT"" :  ""Rows""  ,  ""VAL"" :  ""25,000""  ,  ""PER"" :  """"  }, 
  {  ""STAT"" :  ""Distinct""  ,  ""VAL"" :  ""12""  ,  ""PER"" :  ""(0.0%)""  }, 
  {  ""STAT"" :  ""Most Common""  ,  ""VAL"" :  ""20190""  ,  ""PER"" :  ""(40.8%)""  }
]","20190 ;; 20189 ;; 20180 ;; 20199 ;; 20179 ;; 20170 ;; 20169 ;; 20191 ;; 20200 ;; 20181 ;; 20171 ;; 20201","[ 
  {  ""Value"" :  ""20190""  ,  ""Frequency"" :  10190  }, 
  {  ""Value"" :  ""20189""  ,  ""Frequency"" :  4460  }, 
  {  ""Value"" :  ""20180""  ,  ""Frequency"" :  3580  }, 
  {  ""Value"" :  ""20199""  ,  ""Frequency"" :  2402  }, 
  {  ""Value"" :  ""20179""  ,  ""Frequency"" :  1686  }, 
  {  ""Value"" :  ""20170""  ,  ""Frequency"" :  1680  }, 
  {  ""Value"" :  ""20169""  ,  ""Frequency"" :  728  }, 
  {  ""Value"" :  ""20191""  ,  ""Frequency"" :  123  }, 
  {  ""Value"" :  ""20200""  ,  ""Frequency"" :  79  }, 
  {  ""Value"" :  ""20181""  ,  ""Frequency"" :  46  }, 
  {  ""Value"" :  ""20171""  ,  ""Frequency"" :  25  }, 
  {  ""Value"" :  ""20201""  ,  ""Frequency"" :  1  }
]","[ 
  {  ""x"" :  ""20190""  ,  ""Freq"" :  10190  }, 
  {  ""x"" :  ""20189""  ,  ""Freq"" :  4460  }, 
  {  ""x"" :  ""20180""  ,  ""Freq"" :  3580  }, 
  {  ""x"" :  ""20199""  ,  ""Freq"" :  2402  }, 
  {  ""x"" :  ""20179""  ,  ""Freq"" :  1686  }, 
  {  ""x"" :  ""20170""  ,  ""Freq"" :  1680  }, 
  {  ""x"" :  ""20169""  ,  ""Freq"" :  728  }, 
  {  ""x"" :  ""other""  ,  ""Freq"" :  274  }
]",5,"","","","a905739d1b1e108281fd6442ba2a7442"
"F9_00_TAX_ACCPER","","F9_00_TAX_ACCPER","","[ 
  {  ""level"" :  ""1""  ,  ""label"" :  ""1""  }, 
  {  ""level"" :  ""2""  ,  ""label"" :  ""2""  }, 
  {  ""level"" :  ""3""  ,  ""label"" :  ""3""  }, 
  {  ""level"" :  ""4""  ,  ""label"" :  ""4""  }, 
  {  ""level"" :  ""5""  ,  ""label"" :  ""5""  }, 
  {  ""level"" :  ""6""  ,  ""label"" :  ""6""  }, 
  {  ""level"" :  ""7""  ,  ""label"" :  ""7""  }, 
  {  ""level"" :  ""8""  ,  ""label"" :  ""8""  }, 
  {  ""level"" :  ""9""  ,  ""label"" :  ""9""  }, 
  {  ""level"" :  ""10""  ,  ""label"" :  ""10""  }, 
  {  ""level"" :  ""11""  ,  ""label"" :  ""11""  }, 
  {  ""level"" :  ""12""  ,  ""label"" :  ""12""  }
]","numeric","number","","","","","","12 ;; 
6 ;; 
5 ;; 
9 ;; 
11",FALSE,"factor","categorical","","","","","","","[ 
  {  ""STAT"" :  ""Rows""  ,  ""VAL"" :  ""25,000""  ,  ""PER"" :  """"  }, 
  {  ""STAT"" :  ""Distinct""  ,  ""VAL"" :  ""12""  ,  ""PER"" :  ""(0.0%)""  }, 
  {  ""STAT"" :  ""Most Common""  ,  ""VAL"" :  ""12""  ,  ""PER"" :  ""(59.9%)""  }
]","12 ;; 6 ;; 9 ;; 3 ;; 5 ;; 8 ;; 4 ;; 10 ;; 7 ;; 11 ;; 2 ;; 1","[ 
  {  ""Value"" :  ""12""  ,  ""Frequency"" :  14987  }, 
  {  ""Value"" :  ""6""  ,  ""Frequency"" :  4578  }, 
  {  ""Value"" :  ""9""  ,  ""Frequency"" :  1251  }, 
  {  ""Value"" :  ""3""  ,  ""Frequency"" :  849  }, 
  {  ""Value"" :  ""5""  ,  ""Frequency"" :  796  }, 
  {  ""Value"" :  ""8""  ,  ""Frequency"" :  688  }, 
  {  ""Value"" :  ""4""  ,  ""Frequency"" :  609  }, 
  {  ""Value"" :  ""10""  ,  ""Frequency"" :  425  }, 
  {  ""Value"" :  ""7""  ,  ""Frequency"" :  349  }, 
  {  ""Value"" :  ""11""  ,  ""Frequency"" :  195  }, 
  {  ""Value"" :  ""2""  ,  ""Frequency"" :  156  }, 
  {  ""Value"" :  ""1""  ,  ""Frequency"" :  117  }
]","[ 
  {  ""x"" :  ""12""  ,  ""Freq"" :  14987  }, 
  {  ""x"" :  ""6""  ,  ""Freq"" :  4578  }, 
  {  ""x"" :  ""9""  ,  ""Freq"" :  1251  }, 
  {  ""x"" :  ""3""  ,  ""Freq"" :  849  }, 
  {  ""x"" :  ""5""  ,  ""Freq"" :  796  }, 
  {  ""x"" :  ""8""  ,  ""Freq"" :  688  }, 
  {  ""x"" :  ""4""  ,  ""Freq"" :  609  }, 
  {  ""x"" :  ""other""  ,  ""Freq"" :  1242  }
]",2,"","","","8d3fa250e9b2dae208ec26600e0c53a4"
"F9_08_REV_TOT_TOT","","F9_08_REV_TOT_TOT","","","numeric","number","","","","","","11139366 ;; 
894312 ;; 
110663 ;; 
272444 ;; 
6093701",FALSE,"numeric","number","","","","","","","[ 
  {  ""STAT"" :  ""Rows""  ,  ""VAL"" :  ""25,000""  ,  ""PER"" :  """"  }, 
  {  ""STAT"" :  ""Distinct""  ,  ""VAL"" :  ""23,817""  ,  ""PER"" :  ""(95.3%)""  }, 
  {  ""STAT"" :  ""Zero""  ,  ""VAL"" :  ""413""  ,  ""PER"" :  ""(1.7%)""  }, 
  {  ""STAT"" :  ""Most Common""  ,  ""VAL"" :  ""0""  ,  ""PER"" :  ""(1.7%)""  }, 
  {  ""STAT"" :  ""Skew""  ,  ""VAL"" :  ""HIGH""  ,  ""PER"" :  """"  }, 
  {  ""STAT"" :  ""Kurtosis""  ,  ""VAL"" :  ""HIGH""  ,  ""PER"" :  """"  }
]","0 ;; 100 ;; 1000 ;; 250000 ;; 2000 ;; 2250 ;; 50 ;; 200 ;; 45000 ;; 4 ;; 1500 ;; 5000 ;; 6000 ;; 8800 ;; 25000 ;; 25500 ;; 75000 ;; 1e+05 ;; 101225 ;; 1 ;; 3 ;; 8 ;; 9 ;; 101 ;; 575 ;; 600 ;; 1200 ;; 1800 ;; 2074 ;; 2400 ;; 4125 ;; 5400 ;; 6800 ;; 9465 ;; 9500 ;; 10000 ;; 15000 ;; 19611 ;; 20000 ;; 20649 ;; 26873 ;; 27567 ;; 30000 ;; 32500 ;; 40000 ;; 40500 ;; 43873 ;; 46814 ;; 48000 ;; 50000 ;; 5","[ 
  {  ""STAT"" :  ""Minimum""  ,  ""VAL"" :  ""-61,467,591""  }, 
  {  ""STAT"" :  ""Q - 05""  ,  ""VAL"" :  ""3,359.8""  }, 
  {  ""STAT"" :  ""Q - 25""  ,  ""VAL"" :  ""51,012.5""  }, 
  {  ""STAT"" :  ""Median""  ,  ""VAL"" :  ""130,545""  }, 
  {  ""STAT"" :  ""Mean""  ,  ""VAL"" :  ""3,740,777""  }, 
  {  ""STAT"" :  ""Q - 75""  ,  ""VAL"" :  ""441,954.5""  }, 
  {  ""STAT"" :  ""Q - 95""  ,  ""VAL"" :  ""6,355,357""  }, 
  {  ""STAT"" :  ""Maximum""  ,  ""VAL"" :  ""4,178,522,311""  }, 
  {  ""STAT"" :  ""Skew""  ,  ""VAL"" :  ""44.03""  }, 
  {  ""STAT"" :  ""Kurtosis""  ,  ""VAL"" :  ""2,557.92""  }
]","  { 
    ""breaks""  :  [ 
-500000, 
    -450000, 
    -400000, 
    -350000, 
    -300000, 
    -250000, 
    -200000, 
    -150000, 
    -100000, 
    -50000, 
    0, 
    50000, 
    100000, 
    150000, 
    200000, 
    250000, 
    300000, 
    350000, 
    400000, 
    450000, 
    500000, 
    550000, 
    600000, 
    650000, 
    700000, 
    750000, 
    800000, 
    850000, 
    900000, 
    950000, 
    1000000, 
    1050000
], 
    ""density""  :  [ 
0, 
    0, 
    0, 
    0.0001, 
    0, 
    0.0002, 
    0.0001, 
    0.0003, 
    0.0009, 
    0.0248, 
    0.2622, 
    0.217, 
    0.1239, 
    0.0833, 
    0.0536, 
    0.0407, 
    0.0331, 
    0.0255, 
    0.0212, 
    0.0174, 
    0.0161, 
    0.0115, 
    0.0119, 
    0.0102, 
    0.0085, 
    0.0088, 
    0.0067, 
    0.0079, 
    0.0051, 
    0.0053, 
    0.0032
], 
    ""y""  :  [ 
1, 
    1, 
    1, 
    2, 
    0, 
    5, 
    3, 
    6, 
    19, 
    526, 
    5565, 
    4605, 
    2630, 
    1768, 
    1138, 
    864, 
    702, 
    542, 
    450, 
    370, 
    342, 
    245, 
    253, 
    217, 
    181, 
    186, 
    143, 
    168, 
    109, 
    113, 
    67
], 
    ""mids""  :  [ 
-475000, 
    -425000, 
    -375000, 
    -325000, 
    -275000, 
    -225000, 
    -175000, 
    -125000, 
    -75000, 
    -25000, 
    25000, 
    75000, 
    125000, 
    175000, 
    225000, 
    275000, 
    325000, 
    375000, 
    425000, 
    475000, 
    525000, 
    575000, 
    625000, 
    675000, 
    725000, 
    775000, 
    825000, 
    875000, 
    925000, 
    975000, 
    1025000
], 
    ""mean""  :  [ 
3740777.062
], 
    ""median""  :  [ 
130545
], 
    ""min""  :  [ 
-61467591
], 
    ""max""  :  [ 
4178522311
]
  }",10,"","","","d2e4429d44416d4fd723ee541e73d2a3"
"F9_10_ASSET_TOT_BOY","","F9_10_ASSET_TOT_BOY","","","numeric","number","","","","","","34227234 ;; 
17491720 ;; 
101131 ;; 
0 ;; 
3011522",FALSE,"numeric","number","","","","","","","[ 
  {  ""STAT"" :  ""Rows""  ,  ""VAL"" :  ""25,000""  ,  ""PER"" :  """"  }, 
  {  ""STAT"" :  ""Distinct""  ,  ""VAL"" :  ""20,195""  ,  ""PER"" :  ""(80.8%)""  }, 
  {  ""STAT"" :  ""Missing/NA""  ,  ""VAL"" :  ""1,377""  ,  ""PER"" :  ""(5.5%)""  }, 
  {  ""STAT"" :  ""Zero""  ,  ""VAL"" :  ""3,011""  ,  ""PER"" :  ""(12.0%)""  }, 
  {  ""STAT"" :  ""Most Common""  ,  ""VAL"" :  ""0""  ,  ""PER"" :  ""(12.0%)""  }, 
  {  ""STAT"" :  ""Skew""  ,  ""VAL"" :  ""HIGH""  ,  ""PER"" :  """"  }, 
  {  ""STAT"" :  ""Kurtosis""  ,  ""VAL"" :  ""HIGH""  ,  ""PER"" :  """"  }
]","0 ;; 1 ;; 300 ;; 161 ;; 1593 ;; 10571 ;; 20855 ;; 21915 ;; 43506 ;; 49481 ;; 2 ;; 97 ;; 212 ;; 219 ;; 343 ;; 388 ;; 500 ;; 718 ;; 1000 ;; 1020 ;; 1222 ;; 1535 ;; 1547 ;; 1607 ;; 1642 ;; 2155 ;; 2745 ;; 3068 ;; 3073 ;; 3087 ;; 3708 ;; 4412 ;; 4414 ;; 4612 ;; 5251 ;; 5501 ;; 5619 ;; 5761 ;; 6141 ;; 6267 ;; 6812 ;; 6865 ;; 7575 ;; 8302 ;; 8451 ;; 8528 ;; 8853 ;; 9083 ;; 9110 ;; 9369 ;; 9527 ;; 9937","[ 
  {  ""STAT"" :  ""Minimum""  ,  ""VAL"" :  ""-69,049""  }, 
  {  ""STAT"" :  ""Q - 05""  ,  ""VAL"" :  ""0""  }, 
  {  ""STAT"" :  ""Q - 25""  ,  ""VAL"" :  ""31,558.5""  }, 
  {  ""STAT"" :  ""Median""  ,  ""VAL"" :  ""169,734""  }, 
  {  ""STAT"" :  ""Mean""  ,  ""VAL"" :  ""11,116,959""  }, 
  {  ""STAT"" :  ""Q - 75""  ,  ""VAL"" :  ""729,844.5""  }, 
  {  ""STAT"" :  ""Q - 95""  ,  ""VAL"" :  ""13,488,117""  }, 
  {  ""STAT"" :  ""Maximum""  ,  ""VAL"" :  ""11,226,543,829""  }, 
  {  ""STAT"" :  ""Skew""  ,  ""VAL"" :  ""41.82""  }, 
  {  ""STAT"" :  ""Kurtosis""  ,  ""VAL"" :  ""2,117.75""  }
]","  { 
    ""breaks""  :  [ 
-100000, 
    0, 
    100000, 
    200000, 
    300000, 
    400000, 
    500000, 
    600000, 
    700000, 
    800000, 
    900000, 
    1000000, 
    1100000, 
    1200000, 
    1300000, 
    1400000, 
    1500000, 
    1600000, 
    1700000, 
    1800000
], 
    ""density""  :  [ 
0.1511, 
    0.3298, 
    0.1451, 
    0.0883, 
    0.0617, 
    0.0444, 
    0.0316, 
    0.0255, 
    0.021, 
    0.0186, 
    0.0149, 
    0.0138, 
    0.0114, 
    0.0089, 
    0.0085, 
    0.0071, 
    0.007, 
    0.0065, 
    0.005
], 
    ""y""  :  [ 
3028, 
    6610, 
    2908, 
    1770, 
    1237, 
    891, 
    633, 
    512, 
    420, 
    372, 
    298, 
    277, 
    228, 
    178, 
    170, 
    143, 
    140, 
    130, 
    100
], 
    ""mids""  :  [ 
-50000, 
    50000, 
    150000, 
    250000, 
    350000, 
    450000, 
    550000, 
    650000, 
    750000, 
    850000, 
    950000, 
    1050000, 
    1150000, 
    1250000, 
    1350000, 
    1450000, 
    1550000, 
    1650000, 
    1750000
], 
    ""mean""  :  [ 
11116958.5761
], 
    ""median""  :  [ 
169734
], 
    ""min""  :  [ 
-69049
], 
    ""max""  :  [ 
11226543829
]
  }",11,"","","","e70794cebd95ead0ac4363dfeb80cf83"
"F9_10_ASSET_TOT_EOY","","F9_10_ASSET_TOT_EOY","","","numeric","number","","","","","","40131275 ;; 
20157050 ;; 
92924 ;; 
19430176 ;; 
2856785",FALSE,"numeric","number","","","","","","","[ 
  {  ""STAT"" :  ""Rows""  ,  ""VAL"" :  ""25,000""  ,  ""PER"" :  """"  }, 
  {  ""STAT"" :  ""Distinct""  ,  ""VAL"" :  ""24,122""  ,  ""PER"" :  ""(96.5%)""  }, 
  {  ""STAT"" :  ""Zero""  ,  ""VAL"" :  ""110""  ,  ""PER"" :  ""(0.4%)""  }, 
  {  ""STAT"" :  ""Most Common""  ,  ""VAL"" :  ""1""  ,  ""PER"" :  ""(1.1%)""  }, 
  {  ""STAT"" :  ""Skew""  ,  ""VAL"" :  ""HIGH""  ,  ""PER"" :  """"  }, 
  {  ""STAT"" :  ""Kurtosis""  ,  ""VAL"" :  ""HIGH""  ,  ""PER"" :  """"  }
]","1 ;; 0 ;; 100 ;; 1000 ;; 15000 ;; 21 ;; 480 ;; 529 ;; 680 ;; 1257 ;; 1374 ;; 1932 ;; 2000 ;; 2076 ;; 2280 ;; 2680 ;; 2965 ;; 3000 ;; 10000 ;; 24731 ;; 24753 ;; 37977 ;; 40760 ;; 25 ;; 30 ;; 39 ;; 90 ;; 99 ;; 140 ;; 149 ;; 200 ;; 212 ;; 230 ;; 248 ;; 249 ;; 281 ;; 314 ;; 340 ;; 415 ;; 459 ;; 478 ;; 627 ;; 628 ;; 663 ;; 912 ;; 957 ;; 997 ;; 1107 ;; 1158 ;; 1203 ;; 1353 ;; 1383 ;; 1389 ;; 1500 ;; 163","[ 
  {  ""STAT"" :  ""Minimum""  ,  ""VAL"" :  ""-1,119,570""  }, 
  {  ""STAT"" :  ""Q - 05""  ,  ""VAL"" :  ""4,421.45""  }, 
  {  ""STAT"" :  ""Q - 25""  ,  ""VAL"" :  ""55,668.25""  }, 
  {  ""STAT"" :  ""Median""  ,  ""VAL"" :  ""212,649""  }, 
  {  ""STAT"" :  ""Mean""  ,  ""VAL"" :  ""13,755,826""  }, 
  {  ""STAT"" :  ""Q - 75""  ,  ""VAL"" :  ""837,286""  }, 
  {  ""STAT"" :  ""Q - 95""  ,  ""VAL"" :  ""14,639,755""  }, 
  {  ""STAT"" :  ""Maximum""  ,  ""VAL"" :  ""38,468,314,242""  }, 
  {  ""STAT"" :  ""Skew""  ,  ""VAL"" :  ""85.67""  }, 
  {  ""STAT"" :  ""Kurtosis""  ,  ""VAL"" :  ""9,676.68""  }
]","  { 
    ""breaks""  :  [ 
-900000, 
    -800000, 
    -700000, 
    -600000, 
    -500000, 
    -400000, 
    -300000, 
    -200000, 
    -100000, 
    0, 
    100000, 
    200000, 
    300000, 
    400000, 
    500000, 
    600000, 
    700000, 
    800000, 
    900000, 
    1000000, 
    1100000, 
    1200000, 
    1300000, 
    1400000, 
    1500000, 
    1600000, 
    1700000, 
    1800000, 
    1900000, 
    2000000, 
    2100000
], 
    ""density""  :  [ 
0, 
    0, 
    0, 
    0, 
    0, 
    0, 
    0, 
    0, 
    0.0065, 
    0.4059, 
    0.1631, 
    0.0968, 
    0.0676, 
    0.0492, 
    0.0356, 
    0.0289, 
    0.0239, 
    0.0188, 
    0.0168, 
    0.0146, 
    0.0126, 
    0.0104, 
    0.0096, 
    0.0089, 
    0.0077, 
    0.0063, 
    0.0065, 
    0.0048, 
    0.0048, 
    0.0006
], 
    ""y""  :  [ 
1, 
    0, 
    0, 
    0, 
    1, 
    0, 
    0, 
    0, 
    138, 
    8604, 
    3458, 
    2052, 
    1432, 
    1043, 
    754, 
    612, 
    507, 
    399, 
    356, 
    310, 
    267, 
    221, 
    203, 
    188, 
    164, 
    134, 
    137, 
    101, 
    102, 
    12
], 
    ""mids""  :  [ 
-850000, 
    -750000, 
    -650000, 
    -550000, 
    -450000, 
    -350000, 
    -250000, 
    -150000, 
    -50000, 
    50000, 
    150000, 
    250000, 
    350000, 
    450000, 
    550000, 
    650000, 
    750000, 
    850000, 
    950000, 
    1050000, 
    1150000, 
    1250000, 
    1350000, 
    1450000, 
    1550000, 
    1650000, 
    1750000, 
    1850000, 
    1950000, 
    2050000
], 
    ""mean""  :  [ 
13755826.3585
], 
    ""median""  :  [ 
212649
], 
    ""min""  :  [ 
-1119570
], 
    ""max""  :  [ 
38468314242
]
  }",11,"","","","4334f11236e70cf8809e059a71d77d72"
"F9_10_NAFB_TOT_BOY","","F9_10_NAFB_TOT_BOY","","","numeric","number","","","","","","32671349 ;; 
17460787 ;; 
100443 ;; 
1788316 ;; 
589818",FALSE,"numeric","number","","","","","","","[ 
  {  ""STAT"" :  ""Rows""  ,  ""VAL"" :  ""25,000""  ,  ""PER"" :  """"  }, 
  {  ""STAT"" :  ""Distinct""  ,  ""VAL"" :  ""20,145""  ,  ""PER"" :  ""(80.6%)""  }, 
  {  ""STAT"" :  ""Missing/NA""  ,  ""VAL"" :  ""4,344""  ,  ""PER"" :  ""(17.4%)""  }, 
  {  ""STAT"" :  ""Zero""  ,  ""VAL"" :  ""203""  ,  ""PER"" :  ""(0.8%)""  }, 
  {  ""STAT"" :  ""Most Common""  ,  ""VAL"" :  ""0""  ,  ""PER"" :  ""(0.8%)""  }, 
  {  ""STAT"" :  ""Skew""  ,  ""VAL"" :  ""HIGH""  ,  ""PER"" :  """"  }, 
  {  ""STAT"" :  ""Kurtosis""  ,  ""VAL"" :  ""HIGH""  ,  ""PER"" :  """"  }
]","0 ;; 300 ;; 1593 ;; 8311 ;; 20855 ;; 24587 ;; 29596 ;; 56803 ;; -21474 ;; -6426 ;; -989 ;; -826 ;; 97 ;; 161 ;; 212 ;; 334 ;; 388 ;; 500 ;; 718 ;; 1000 ;; 1020 ;; 1547 ;; 1642 ;; 2745 ;; 2870 ;; 3068 ;; 3073 ;; 3087 ;; 3306 ;; 3554 ;; 3708 ;; 4412 ;; 4414 ;; 4612 ;; 4772 ;; 5318 ;; 5501 ;; 5619 ;; 6141 ;; 6267 ;; 6812 ;; 6865 ;; 7177 ;; 8302 ;; 8451 ;; 8528 ;; 8853 ;; 8942 ;; 9110 ;; 9369 ;; 9527","[ 
  {  ""STAT"" :  ""Minimum""  ,  ""VAL"" :  ""-333,005,908""  }, 
  {  ""STAT"" :  ""Q - 05""  ,  ""VAL"" :  ""1,659.5""  }, 
  {  ""STAT"" :  ""Q - 25""  ,  ""VAL"" :  ""52,689.5""  }, 
  {  ""STAT"" :  ""Median""  ,  ""VAL"" :  ""192,629.5""  }, 
  {  ""STAT"" :  ""Mean""  ,  ""VAL"" :  ""4,921,982""  }, 
  {  ""STAT"" :  ""Q - 75""  ,  ""VAL"" :  ""720,262.5""  }, 
  {  ""STAT"" :  ""Q - 95""  ,  ""VAL"" :  ""10,744,071""  }, 
  {  ""STAT"" :  ""Maximum""  ,  ""VAL"" :  ""6,323,689,488""  }, 
  {  ""STAT"" :  ""Skew""  ,  ""VAL"" :  ""61.69""  }, 
  {  ""STAT"" :  ""Kurtosis""  ,  ""VAL"" :  ""5,412.22""  }
]","  { 
    ""breaks""  :  [ 
-1000000, 
    -900000, 
    -800000, 
    -700000, 
    -600000, 
    -500000, 
    -400000, 
    -300000, 
    -200000, 
    -100000, 
    0, 
    100000, 
    200000, 
    300000, 
    400000, 
    500000, 
    600000, 
    700000, 
    800000, 
    900000, 
    1000000, 
    1100000, 
    1200000, 
    1300000, 
    1400000, 
    1500000, 
    1600000, 
    1700000, 
    1800000
], 
    ""density""  :  [ 
0.0001, 
    0.0003, 
    0.0005, 
    0.0003, 
    0.001, 
    0.0012, 
    0.0012, 
    0.0026, 
    0.0039, 
    0.0306, 
    0.3822, 
    0.1684, 
    0.102, 
    0.0682, 
    0.0496, 
    0.0347, 
    0.0263, 
    0.0242, 
    0.0205, 
    0.0148, 
    0.0139, 
    0.0105, 
    0.0098, 
    0.009, 
    0.0082, 
    0.0077, 
    0.007, 
    0.0017
], 
    ""y""  :  [ 
2, 
    6, 
    9, 
    6, 
    17, 
    21, 
    21, 
    45, 
    68, 
    536, 
    6702, 
    2953, 
    1788, 
    1196, 
    869, 
    608, 
    461, 
    425, 
    359, 
    259, 
    243, 
    184, 
    171, 
    157, 
    144, 
    135, 
    123, 
    29
], 
    ""mids""  :  [ 
-950000, 
    -850000, 
    -750000, 
    -650000, 
    -550000, 
    -450000, 
    -350000, 
    -250000, 
    -150000, 
    -50000, 
    50000, 
    150000, 
    250000, 
    350000, 
    450000, 
    550000, 
    650000, 
    750000, 
    850000, 
    950000, 
    1050000, 
    1150000, 
    1250000, 
    1350000, 
    1450000, 
    1550000, 
    1650000, 
    1750000
], 
    ""mean""  :  [ 
4921982.0918
], 
    ""median""  :  [ 
192629.5
], 
    ""min""  :  [ 
-333005908
], 
    ""max""  :  [ 
6323689488
]
  }",10,"","","","212ad23bd9c04244582a6ccdce4e11bc"
"F9_09_EXP_TOT_TOT","","F9_09_EXP_TOT_TOT","","","numeric","number","","","","","","6743081 ;; 
1196713 ;; 
119018 ;; 
1067754 ;; 
6231030",FALSE,"numeric","number","","","","","","","[ 
  {  ""STAT"" :  ""Rows""  ,  ""VAL"" :  ""25,000""  ,  ""PER"" :  """"  }, 
  {  ""STAT"" :  ""Distinct""  ,  ""VAL"" :  ""23,740""  ,  ""PER"" :  ""(95.0%)""  }, 
  {  ""STAT"" :  ""Zero""  ,  ""VAL"" :  ""489""  ,  ""PER"" :  ""(2.0%)""  }, 
  {  ""STAT"" :  ""Most Common""  ,  ""VAL"" :  ""0""  ,  ""PER"" :  ""(2.0%)""  }, 
  {  ""STAT"" :  ""Skew""  ,  ""VAL"" :  ""HIGH""  ,  ""PER"" :  """"  }, 
  {  ""STAT"" :  ""Kurtosis""  ,  ""VAL"" :  ""HIGH""  ,  ""PER"" :  """"  }
]","0 ;; 100 ;; 1000 ;; 10 ;; 50 ;; 600 ;; 4056 ;; 7500 ;; 25 ;; 200 ;; 400 ;; 539 ;; 786 ;; 1140 ;; 5000 ;; 10000 ;; 11085 ;; 13669 ;; 16927 ;; 16993 ;; 19327 ;; 28348 ;; 36264 ;; 40526 ;; 45638 ;; 48401 ;; 50154 ;; 60157 ;; 62391 ;; 80427 ;; 83368 ;; 83437 ;; 105341 ;; 153299 ;; 41 ;; 60 ;; 129 ;; 130 ;; 143 ;; 175 ;; 225 ;; 261 ;; 300 ;; 316 ;; 397 ;; 418 ;; 450 ;; 500 ;; 588 ;; 732 ;; 890 ;; 950","[ 
  {  ""STAT"" :  ""Minimum""  ,  ""VAL"" :  ""-11,719""  }, 
  {  ""STAT"" :  ""Q - 05""  ,  ""VAL"" :  ""3,886.95""  }, 
  {  ""STAT"" :  ""Q - 25""  ,  ""VAL"" :  ""46,845""  }, 
  {  ""STAT"" :  ""Median""  ,  ""VAL"" :  ""121,792.5""  }, 
  {  ""STAT"" :  ""Mean""  ,  ""VAL"" :  ""3,531,376""  }, 
  {  ""STAT"" :  ""Q - 75""  ,  ""VAL"" :  ""411,837.2""  }, 
  {  ""STAT"" :  ""Q - 95""  ,  ""VAL"" :  ""5,832,724""  }, 
  {  ""STAT"" :  ""Maximum""  ,  ""VAL"" :  ""4,256,605,589""  }, 
  {  ""STAT"" :  ""Skew""  ,  ""VAL"" :  ""46.21""  }, 
  {  ""STAT"" :  ""Kurtosis""  ,  ""VAL"" :  ""2,819.69""  }
]","  { 
    ""breaks""  :  [ 
-50000, 
    0, 
    50000, 
    100000, 
    150000, 
    200000, 
    250000, 
    300000, 
    350000, 
    400000, 
    450000, 
    500000, 
    550000, 
    600000, 
    650000, 
    700000, 
    750000, 
    800000, 
    850000, 
    900000, 
    950000, 
    1000000
], 
    ""density""  :  [ 
0.0232, 
    0.2882, 
    0.2159, 
    0.1227, 
    0.0776, 
    0.0538, 
    0.0405, 
    0.0308, 
    0.0235, 
    0.0214, 
    0.0173, 
    0.015, 
    0.012, 
    0.011, 
    0.01, 
    0.0087, 
    0.0085, 
    0.0063, 
    0.0064, 
    0.0062, 
    0.001
], 
    ""y""  :  [ 
493, 
    6128, 
    4592, 
    2610, 
    1650, 
    1144, 
    862, 
    656, 
    500, 
    455, 
    368, 
    318, 
    255, 
    234, 
    212, 
    185, 
    180, 
    134, 
    136, 
    132, 
    22
], 
    ""mids""  :  [ 
-25000, 
    25000, 
    75000, 
    125000, 
    175000, 
    225000, 
    275000, 
    325000, 
    375000, 
    425000, 
    475000, 
    525000, 
    575000, 
    625000, 
    675000, 
    725000, 
    775000, 
    825000, 
    875000, 
    925000, 
    975000
], 
    ""mean""  :  [ 
3531376.4064
], 
    ""median""  :  [ 
121792.5
], 
    ""min""  :  [ 
-11719
], 
    ""max""  :  [ 
4256605589
]
  }",10,"","","","a79675365db63a755cffad928a8a02cd"
"F9_01_EXP_TOT_PY","","F9_01_EXP_TOT_PY","","","numeric","number","","","","","","6901865 ;; 
1166814 ;; 
112215 ;; 
0 ;; 
7111943",FALSE,"numeric","number","","","","","","","[ 
  {  ""STAT"" :  ""Rows""  ,  ""VAL"" :  ""25,000""  ,  ""PER"" :  """"  }, 
  {  ""STAT"" :  ""Distinct""  ,  ""VAL"" :  ""19,931""  ,  ""PER"" :  ""(79.7%)""  }, 
  {  ""STAT"" :  ""Missing/NA""  ,  ""VAL"" :  ""1,377""  ,  ""PER"" :  ""(5.5%)""  }, 
  {  ""STAT"" :  ""Zero""  ,  ""VAL"" :  ""3,257""  ,  ""PER"" :  ""(13.0%)""  }, 
  {  ""STAT"" :  ""Most Common""  ,  ""VAL"" :  ""0""  ,  ""PER"" :  ""(13.0%)""  }, 
  {  ""STAT"" :  ""Skew""  ,  ""VAL"" :  ""HIGH""  ,  ""PER"" :  """"  }, 
  {  ""STAT"" :  ""Kurtosis""  ,  ""VAL"" :  ""HIGH""  ,  ""PER"" :  """"  }
]","0 ;; 10 ;; 36 ;; 600 ;; 1450 ;; 2279 ;; 3200 ;; 4742 ;; 8214 ;; 14221 ;; 25853 ;; 32965 ;; 43809 ;; 44039 ;; 44951 ;; 54368 ;; 55199 ;; 56378 ;; 78821 ;; 126182 ;; 20 ;; 400 ;; 656 ;; 736 ;; 827 ;; 859 ;; 1220 ;; 1540 ;; 1938 ;; 2206 ;; 2487 ;; 2489 ;; 2505 ;; 2831 ;; 3371 ;; 3400 ;; 3433 ;; 3552 ;; 4500 ;; 5000 ;; 5640 ;; 5791 ;; 5853 ;; 6032 ;; 7191 ;; 7268 ;; 7393 ;; 7500 ;; 7814 ;; 8379 ;; 882","[ 
  {  ""STAT"" :  ""Minimum""  ,  ""VAL"" :  ""-5,437,471""  }, 
  {  ""STAT"" :  ""Q - 05""  ,  ""VAL"" :  ""0""  }, 
  {  ""STAT"" :  ""Q - 25""  ,  ""VAL"" :  ""29,933""  }, 
  {  ""STAT"" :  ""Median""  ,  ""VAL"" :  ""102,618""  }, 
  {  ""STAT"" :  ""Mean""  ,  ""VAL"" :  ""3,407,085""  }, 
  {  ""STAT"" :  ""Q - 75""  ,  ""VAL"" :  ""362,012.5""  }, 
  {  ""STAT"" :  ""Q - 95""  ,  ""VAL"" :  ""5,357,595""  }, 
  {  ""STAT"" :  ""Maximum""  ,  ""VAL"" :  ""4,624,922,368""  }, 
  {  ""STAT"" :  ""Skew""  ,  ""VAL"" :  ""48.26""  }, 
  {  ""STAT"" :  ""Kurtosis""  ,  ""VAL"" :  ""3,041.41""  }
]","  { 
    ""breaks""  :  [ 
-300000, 
    -250000, 
    -200000, 
    -150000, 
    -100000, 
    -50000, 
    0, 
    50000, 
    100000, 
    150000, 
    200000, 
    250000, 
    300000, 
    350000, 
    400000, 
    450000, 
    500000, 
    550000, 
    600000, 
    650000, 
    700000, 
    750000, 
    800000, 
    850000, 
    900000
], 
    ""density""  :  [ 
0, 
    0, 
    0, 
    0, 
    0, 
    0.1623, 
    0.2252, 
    0.1926, 
    0.1091, 
    0.0725, 
    0.0498, 
    0.0366, 
    0.0287, 
    0.0205, 
    0.0195, 
    0.0157, 
    0.0134, 
    0.0102, 
    0.0108, 
    0.0088, 
    0.008, 
    0.0074, 
    0.0072, 
    0.0015
], 
    ""y""  :  [ 
1, 
    0, 
    1, 
    0, 
    1, 
    3259, 
    4523, 
    3869, 
    2192, 
    1457, 
    1000, 
    736, 
    576, 
    412, 
    392, 
    316, 
    269, 
    205, 
    216, 
    176, 
    160, 
    148, 
    145, 
    31
], 
    ""mids""  :  [ 
-275000, 
    -225000, 
    -175000, 
    -125000, 
    -75000, 
    -25000, 
    25000, 
    75000, 
    125000, 
    175000, 
    225000, 
    275000, 
    325000, 
    375000, 
    425000, 
    475000, 
    525000, 
    575000, 
    625000, 
    675000, 
    725000, 
    775000, 
    825000, 
    875000
], 
    ""mean""  :  [ 
3407085.2205
], 
    ""median""  :  [ 
102618
], 
    ""min""  :  [ 
-5437471
], 
    ""max""  :  [ 
4624922368
]
  }",10,"","","","d5008897331c88803798ab5c9be108be"
