"var_name","dd_vname_alias","dd_vlabel","dd_vdesc","dd_f_levels","raw_data_storage","raw_data_type","raw_data_subtype","raw_data_class","raw_data_unit","raw_data_format","raw_data_import_rule","raw_first5","raw_duplicated","stable_data_storage","stable_data_type","stable_data_subtype","stable_data_class","stable_data_unit","stable_data_format","stable_data_transform","stable_data_import_rule","rg_properties","rg_preview","rg_stats","rg_graphics","rg_max_chr","validate_rules","validate_format","prov_start_hash","prov_current_hash"
"ein","","ein","","","numeric","number","","","","","","190102000 ;; 
824571392 ;; 
347204592 ;; 
146739486 ;; 
389542352",FALSE,"numeric","identifier","","","","","","","[ 
  {  ""STAT"" :  ""Rows""  ,  ""VAL"" :  ""300""  ,  ""PER"" :  """"  }, 
  {  ""STAT"" :  ""Distinct""  ,  ""VAL"" :  ""300""  ,  ""PER"" :  ""(100.0%)""  }
]","101578358 ;; 105981903 ;; 106643114 ;; 107326985 ;; 108277070 ;; 113137014 ;; 113200319 ;; 116652886 ;; 118561463 ;; 122903686 ;; 123933062 ;; 130282978 ;; 132536339 ;; 133339764 ;; 146739486 ;; 151775857 ;; 155493354 ;; 155704899 ;; 155760701 ;; 160743970 ;; 162341357 ;; 162534492 ;; 162697157 ;; 165910231 ;; 170131034 ;; 170897060 ;; 171814969 ;; 171951649 ;; 181939816 ;; 183720764 ;; 184346766","{
  ""STATS"": [
    {
      ""STAT"": ""Distinct"",
      ""VAL"": 300
    },
    {
      ""STAT"": ""Duplicated"",
      ""VAL"": 0
    }
  ],
  ""HIST"": [],
  ""COMMON"": [
    {
      ""Value"": ""101578358"",
      ""Frequency"": 1
    },
    {
      ""Value"": ""105981903"",
      ""Frequency"": 1
    },
    {
      ""Value"": ""106643114"",
      ""Frequency"": 1
    },
    {
      ""Value"": ""107326985"",
      ""Frequency"": 1
    },
    {
      ""Value"": ""108277070"",
      ""Frequency"": 1
    },
    {
      ""Value"": ""113137014"",
      ""Frequency"": 1
    }
  ]
}","",9,"","","","bdb9906f574d863d13703c942d654696"
"org_name","","org_name","","","character","string","","","","","","Organization B 985 ;; 
Organization W 652 ;; 
Organization H 831 ;; 
Organization T 342 ;; 
Organization C 116",FALSE,"character","string","","","","","","","[ 
  {  ""STAT"" :  ""Rows""  ,  ""VAL"" :  ""300""  ,  ""PER"" :  """"  }, 
  {  ""STAT"" :  ""Distinct""  ,  ""VAL"" :  ""300""  ,  ""PER"" :  ""(100.0%)""  }
]","Organization A 158 ;; Organization A 202 ;; Organization A 276 ;; Organization A 279 ;; Organization A 412 ;; Organization A 530 ;; Organization A 589 ;; Organization A 604 ;; Organization A 605 ;; Organization A 657 ;; Organization A 735 ;; Organization A 74 ;; Organization A 780 ;; Organization A 916 ;; Organization A 935 ;; Organization A 954 ;; Organization A 962 ;; Organization B 252 ;; Organ","{
  ""STATS"": [
    {
      ""STAT"": ""Minimum"",
      ""CHARACTERS"": 16,
      ""WORDS"": 3
    },
    {
      ""STAT"": ""Median"",
      ""CHARACTERS"": 18,
      ""WORDS"": 3
    },
    {
      ""STAT"": ""Mean"",
      ""CHARACTERS"": 17.87,
      ""WORDS"": 3
    },
    {
      ""STAT"": ""Max"",
      ""CHARACTERS"": 18,
      ""WORDS"": 3
    },
    {
      ""STAT"": ""Skew"",
      ""CHARACTERS"": -2.85
    }
  ],
  ""HIST"": [
    ""<?xml version=\""1.0\"" encoding=\""UTF-8\""?>\n<svg xmlns=\""http://www.w3.org/2000/svg\"" xmlns:xlink=\""http://www.w3.org/1999/xlink\"" width=\""48.00pt\"" height=\""12.00pt\"" viewBox=\""0 0 48.00 12.00\"">\n  <g class=\""svglite\"">\n    <defs>\n      <style type=\""text/css\""><![CDATA[\n    .svglite line, .svglite polyline, .svglite polygon, .svglite path, .svglite rect, .svglite circle {\n      fill: none;\n      stroke: #000000;\n      stroke-linecap: round;\n      stroke-linejoin: round;\n      stroke-miterlimit: 10.00;\n    }\n    .svglite text {\n      white-space: pre;\n    }\n    .svglite g.glyphgroup path {\n      fill: inherit;\n      stroke: none;\n    }\n  ]]><\/style>\n    <\/defs>\n    <rect width=\""100%\"" height=\""100%\"" style=\""stroke: none; fill: none;\""/>\n    <defs>\n      <clipPath id=\""cpMC4wMHw0OC4wMHwwLjAwfDEyLjAw\"">\n        <rect x=\""0.00\"" y=\""0.00\"" width=\""48.00\"" height=\""12.00\""/>\n      <\/clipPath>\n    <\/defs>\n    <g clip-path=\""url(#cpMC4wMHw0OC4wMHwwLjAwfDEyLjAw)\"">\n<\/g>\n    <defs>\n      <clipPath id=\""cpMC4wMHw0OC4wMHwyLjg4fDEyLjAw\"">\n        <rect x=\""0.00\"" y=\""2.88\"" width=\""48.00\"" height=\""9.12\""/>\n      <\/clipPath>\n    <\/defs>\n    <g clip-path=\""url(#cpMC4wMHw0OC4wMHwyLjg4fDEyLjAw)\"">\n      <rect x=\""1.78\"" y=\""11.57\"" width=\""4.44\"" height=\""0.096\"" style=\""stroke-width: 0.38; fill: #D3D3D3;\""/>\n      <rect x=\""6.22\"" y=\""11.66\"" width=\""4.44\"" height=\""0.00\"" style=\""stroke-width: 0.38; fill: #D3D3D3;\""/>\n      <rect x=\""10.67\"" y=\""11.66\"" width=\""4.44\"" height=\""0.00\"" style=\""stroke-width: 0.38; fill: #D3D3D3;\""/>\n      <rect x=\""15.11\"" y=\""11.66\"" width=\""4.44\"" height=\""0.00\"" style=\""stroke-width: 0.38; fill: #D3D3D3;\""/>\n      <rect x=\""19.56\"" y=\""10.64\"" width=\""4.44\"" height=\""1.02\"" style=\""stroke-width: 0.38; fill: #D3D3D3;\""/>\n      <rect x=\""24.00\"" y=\""11.66\"" width=\""4.44\"" height=\""0.00\"" style=\""stroke-width: 0.38; fill: #D3D3D3;\""/>\n      <rect x=\""28.44\"" y=\""11.66\"" width=\""4.44\"" height=\""0.00\"" style=\""stroke-width: 0.38; fill: #D3D3D3;\""/>\n      <rect x=\""32.89\"" y=\""11.66\"" width=\""4.44\"" height=\""0.00\"" style=\""stroke-width: 0.38; fill: #D3D3D3;\""/>\n      <rect x=\""37.33\"" y=\""11.66\"" width=\""4.44\"" height=\""0.00\"" style=\""stroke-width: 0.38; fill: #D3D3D3;\""/>\n      <rect x=\""41.78\"" y=\""3.22\"" width=\""4.44\"" height=\""8.44\"" style=\""stroke-width: 0.38; fill: #D3D3D3;\""/>\n    <\/g>\n  <\/g>\n<\/svg>\n"",
    ""<?xml version=\""1.0\"" encoding=\""UTF-8\""?>\n<svg xmlns=\""http://www.w3.org/2000/svg\"" xmlns:xlink=\""http://www.w3.org/1999/xlink\"" width=\""48.00pt\"" height=\""12.00pt\"" viewBox=\""0 0 48.00 12.00\"">\n  <g class=\""svglite\"">\n    <defs>\n      <style type=\""text/css\""><![CDATA[\n    .svglite line, .svglite polyline, .svglite polygon, .svglite path, .svglite rect, .svglite circle {\n      fill: none;\n      stroke: #000000;\n      stroke-linecap: round;\n      stroke-linejoin: round;\n      stroke-miterlimit: 10.00;\n    }\n    .svglite text {\n      white-space: pre;\n    }\n    .svglite g.glyphgroup path {\n      fill: inherit;\n      stroke: none;\n    }\n  ]]><\/style>\n    <\/defs>\n    <rect width=\""100%\"" height=\""100%\"" style=\""stroke: none; fill: none;\""/>\n    <defs>\n      <clipPath id=\""cpMC4wMHw0OC4wMHwwLjAwfDEyLjAw\"">\n        <rect x=\""0.00\"" y=\""0.00\"" width=\""48.00\"" height=\""12.00\""/>\n      <\/clipPath>\n    <\/defs>\n    <g clip-path=\""url(#cpMC4wMHw0OC4wMHwwLjAwfDEyLjAw)\"">\n<\/g>\n    <defs>\n      <clipPath id=\""cpMC4wMHw0OC4wMHwyLjg4fDEyLjAw\"">\n        <rect x=\""0.00\"" y=\""2.88\"" width=\""48.00\"" height=\""9.12\""/>\n      <\/clipPath>\n    <\/defs>\n    <g clip-path=\""url(#cpMC4wMHw0OC4wMHwyLjg4fDEyLjAw)\"">\n      <rect x=\""5.48\"" y=\""3.22\"" width=\""37.04\"" height=\""8.44\"" style=\""stroke-width: 0.38; fill: #D3D3D3;\""/>\n    <\/g>\n  <\/g>\n<\/svg>\n""
  ],
  ""COMMON"": [
    {
      ""Value"": ""Organization A 158"",
      ""Frequency"": 1
    },
    {
      ""Value"": ""Organization A 202"",
      ""Frequency"": 1
    },
    {
      ""Value"": ""Organization A 276"",
      ""Frequency"": 1
    },
    {
      ""Value"": ""Organization A 279"",
      ""Frequency"": 1
    },
    {
      ""Value"": ""Organization A 412"",
      ""Frequency"": 1
    },
    {
      ""Value"": ""Organization A 530"",
      ""Frequency"": 1
    }
  ]
}","[ 
  {  ""ww"" :  ""Organization""  ,  ""Freq"" :  300  }, 
  {  ""ww"" :  ""C""  ,  ""Freq"" :  18  }, 
  {  ""ww"" :  ""N""  ,  ""Freq"" :  17  }, 
  {  ""ww"" :  ""T""  ,  ""Freq"" :  16  }, 
  {  ""ww"" :  ""B""  ,  ""Freq"" :  14  }, 
  {  ""ww"" :  ""G""  ,  ""Freq"" :  14  }, 
  {  ""ww"" :  ""R""  ,  ""Freq"" :  14  }, 
  {  ""ww"" :  ""W""  ,  ""Freq"" :  14  }, 
  {  ""ww"" :  ""J""  ,  ""Freq"" :  12  }, 
  {  ""ww"" :  ""L""  ,  ""Freq"" :  12  }, 
  {  ""ww"" :  ""O""  ,  ""Freq"" :  12  }, 
  {  ""ww"" :  ""U""  ,  ""Freq"" :  12  }, 
  {  ""ww"" :  ""V""  ,  ""Freq"" :  12  }, 
  {  ""ww"" :  ""Y""  ,  ""Freq"" :  12  }, 
  {  ""ww"" :  ""E""  ,  ""Freq"" :  11  }, 
  {  ""ww"" :  ""H""  ,  ""Freq"" :  11  }, 
  {  ""ww"" :  ""M""  ,  ""Freq"" :  11  }, 
  {  ""ww"" :  ""D""  ,  ""Freq"" :  10  }, 
  {  ""ww"" :  ""Z""  ,  ""Freq"" :  10  }, 
  {  ""ww"" :  ""S""  ,  ""Freq"" :  9  }, 
  {  ""ww"" :  ""F""  ,  ""Freq"" :  8  }, 
  {  ""ww"" :  ""K""  ,  ""Freq"" :  7  }, 
  {  ""ww"" :  ""P""  ,  ""Freq"" :  7  }, 
  {  ""ww"" :  ""Q""  ,  ""Freq"" :  7  }, 
  {  ""ww"" :  ""X""  ,  ""Freq"" :  7  }, 
  {  ""ww"" :  ""10""  ,  ""Freq"" :  1  }, 
  {  ""ww"" :  ""100""  ,  ""Freq"" :  1  }, 
  {  ""ww"" :  ""105""  ,  ""Freq"" :  1  }, 
  {  ""ww"" :  ""116""  ,  ""Freq"" :  1  }, 
  {  ""ww"" :  ""117""  ,  ""Freq"" :  1  }, 
  {  ""ww"" :  ""118""  ,  ""Freq"" :  1  }, 
  {  ""ww"" :  ""123""  ,  ""Freq"" :  1  }, 
  {  ""ww"" :  ""125""  ,  ""Freq"" :  1  }, 
  {  ""ww"" :  ""129""  ,  ""Freq"" :  1  }, 
  {  ""ww"" :  ""130""  ,  ""Freq"" :  1  }, 
  {  ""ww"" :  ""152""  ,  ""Freq"" :  1  }, 
  {  ""ww"" :  ""154""  ,  ""Freq"" :  1  }, 
  {  ""ww"" :  ""155""  ,  ""Freq"" :  1  }, 
  {  ""ww"" :  ""158""  ,  ""Freq"" :  1  }, 
  {  ""ww"" :  ""160""  ,  ""Freq"" :  1  }, 
  {  ""ww"" :  ""173""  ,  ""Freq"" :  1  }, 
  {  ""ww"" :  ""174""  ,  ""Freq"" :  1  }, 
  {  ""ww"" :  ""192""  ,  ""Freq"" :  1  }, 
  {  ""ww"" :  ""197""  ,  ""Freq"" :  1  }, 
  {  ""ww"" :  ""199""  ,  ""Freq"" :  1  }, 
  {  ""ww"" :  ""2""  ,  ""Freq"" :  1  }, 
  {  ""ww"" :  ""20""  ,  ""Freq"" :  1  }, 
  {  ""ww"" :  ""202""  ,  ""Freq"" :  1  }, 
  {  ""ww"" :  ""207""  ,  ""Freq"" :  1  }, 
  {  ""ww"" :  ""208""  ,  ""Freq"" :  1  }
]",18,"","","","7053a3d0ed52498678d4b3342198e1cb"
"ntee_program","","ntee_program","","[ 
  {  ""level"" :  ""Arts""  ,  ""label"" :  ""Arts""  }, 
  {  ""level"" :  ""Education""  ,  ""label"" :  ""Education""  }, 
  {  ""level"" :  ""Environment""  ,  ""label"" :  ""Environment""  }, 
  {  ""level"" :  ""Health""  ,  ""label"" :  ""Health""  }, 
  {  ""level"" :  ""Human Services""  ,  ""label"" :  ""Human Services""  }
]","character","string","","","","","","Human Services ;; 
Environment ;; 
Health ;; 
Education ;; 
Arts",FALSE,"factor","categorical","","","","","","","[ 
  {  ""STAT"" :  ""Rows""  ,  ""VAL"" :  ""300""  ,  ""PER"" :  """"  }, 
  {  ""STAT"" :  ""Distinct""  ,  ""VAL"" :  ""5""  ,  ""PER"" :  ""(1.7%)""  }
]","Environment ;; Health ;; Human Services ;; Arts ;; Education","[ 
  {  ""Value"" :  ""Environment""  ,  ""Frequency"" :  65  }, 
  {  ""Value"" :  ""Health""  ,  ""Frequency"" :  62  }, 
  {  ""Value"" :  ""Human Services""  ,  ""Frequency"" :  60  }, 
  {  ""Value"" :  ""Arts""  ,  ""Frequency"" :  58  }, 
  {  ""Value"" :  ""Education""  ,  ""Frequency"" :  55  }
]","[ 
  {  ""x"" :  ""Environment""  ,  ""Freq"" :  65  }, 
  {  ""x"" :  ""Health""  ,  ""Freq"" :  62  }, 
  {  ""x"" :  ""Human Services""  ,  ""Freq"" :  60  }, 
  {  ""x"" :  ""Arts""  ,  ""Freq"" :  58  }, 
  {  ""x"" :  ""Education""  ,  ""Freq"" :  55  }, 
  {  ""x"" :  ""other""  ,  ""Freq"" :  0  }
]",14,"","","","8c34a426e8dccced2ef37868460a9cf2"
"num_programs","","num_programs","","[ 
  {  ""level"" :  ""1""  ,  ""label"" :  ""1""  }, 
  {  ""level"" :  ""2""  ,  ""label"" :  ""2""  }, 
  {  ""level"" :  ""3""  ,  ""label"" :  ""3""  }, 
  {  ""level"" :  ""4""  ,  ""label"" :  ""4""  }, 
  {  ""level"" :  ""5""  ,  ""label"" :  ""5""  }, 
  {  ""level"" :  ""6""  ,  ""label"" :  ""6""  }, 
  {  ""level"" :  ""7""  ,  ""label"" :  ""7""  }, 
  {  ""level"" :  ""8""  ,  ""label"" :  ""8""  }, 
  {  ""level"" :  ""9""  ,  ""label"" :  ""9""  }, 
  {  ""level"" :  ""10""  ,  ""label"" :  ""10""  }, 
  {  ""level"" :  ""11""  ,  ""label"" :  ""11""  }, 
  {  ""level"" :  ""12""  ,  ""label"" :  ""12""  }, 
  {  ""level"" :  ""13""  ,  ""label"" :  ""13""  }
]","numeric","number","","","","","","6 ;; 
1 ;; 
9 ;; 
12 ;; 
4",FALSE,"factor","categorical","","","","","","","[ 
  {  ""STAT"" :  ""Rows""  ,  ""VAL"" :  ""300""  ,  ""PER"" :  """"  }, 
  {  ""STAT"" :  ""Distinct""  ,  ""VAL"" :  ""13""  ,  ""PER"" :  ""(4.3%)""  }
]","5 ;; 7 ;; 8 ;; 4 ;; 6 ;; 10 ;; 9 ;; 3 ;; 2 ;; 1 ;; 12 ;; 11 ;; 13","[ 
  {  ""Value"" :  ""5""  ,  ""Frequency"" :  43  }, 
  {  ""Value"" :  ""7""  ,  ""Frequency"" :  43  }, 
  {  ""Value"" :  ""8""  ,  ""Frequency"" :  39  }, 
  {  ""Value"" :  ""4""  ,  ""Frequency"" :  31  }, 
  {  ""Value"" :  ""6""  ,  ""Frequency"" :  31  }, 
  {  ""Value"" :  ""10""  ,  ""Frequency"" :  22  }, 
  {  ""Value"" :  ""9""  ,  ""Frequency"" :  21  }, 
  {  ""Value"" :  ""3""  ,  ""Frequency"" :  18  }, 
  {  ""Value"" :  ""2""  ,  ""Frequency"" :  16  }, 
  {  ""Value"" :  ""1""  ,  ""Frequency"" :  15  }, 
  {  ""Value"" :  ""12""  ,  ""Frequency"" :  11  }, 
  {  ""Value"" :  ""11""  ,  ""Frequency"" :  9  }, 
  {  ""Value"" :  ""13""  ,  ""Frequency"" :  1  }
]","[ 
  {  ""x"" :  ""5""  ,  ""Freq"" :  43  }, 
  {  ""x"" :  ""7""  ,  ""Freq"" :  43  }, 
  {  ""x"" :  ""8""  ,  ""Freq"" :  39  }, 
  {  ""x"" :  ""4""  ,  ""Freq"" :  31  }, 
  {  ""x"" :  ""6""  ,  ""Freq"" :  31  }, 
  {  ""x"" :  ""10""  ,  ""Freq"" :  22  }, 
  {  ""x"" :  ""9""  ,  ""Freq"" :  21  }, 
  {  ""x"" :  ""3""  ,  ""Freq"" :  18  }, 
  {  ""x"" :  ""2""  ,  ""Freq"" :  16  }, 
  {  ""x"" :  ""1""  ,  ""Freq"" :  15  }, 
  {  ""x"" :  ""12""  ,  ""Freq"" :  11  }, 
  {  ""x"" :  ""11""  ,  ""Freq"" :  9  }, 
  {  ""x"" :  ""other""  ,  ""Freq"" :  1  }
]",2,"","","","10a546a1231fc814d90bd34783b04d63"
"is_501c3","","is_501c3","","[ 

]","logical","boolean","","","","","","TRUE ;; 
FALSE",FALSE,"logical","boolean","","","","","","","[ 
  {  ""STAT"" :  ""Rows""  ,  ""VAL"" :  ""300""  ,  ""PER"" :  """"  }, 
  {  ""STAT"" :  ""Distinct""  ,  ""VAL"" :  ""2""  ,  ""PER"" :  ""(0.7%)""  }
]","TRUE ;; FALSE","[ 
  {  ""Value"" :  ""FALSE""  ,  ""Frequency"" :  60  }, 
  {  ""Value"" :  ""TRUE""  ,  ""Frequency"" :  240  }
]","[ 
  {  ""f"" :  ""FALSE""  ,  ""Freq"" :  60  }, 
  {  ""f"" :  ""TRUE""  ,  ""Freq"" :  240  }
]",5,"","","","603ad2c21b1d7fe0d94ee1bbc2e1384b"
"day_of_week","","day_of_week","","[ 
  {  ""level"" :  ""FRI""  ,  ""label"" :  ""FRI""  }, 
  {  ""level"" :  ""MON""  ,  ""label"" :  ""MON""  }, 
  {  ""level"" :  ""SAT""  ,  ""label"" :  ""SAT""  }, 
  {  ""level"" :  ""SUN""  ,  ""label"" :  ""SUN""  }, 
  {  ""level"" :  ""THU""  ,  ""label"" :  ""THU""  }, 
  {  ""level"" :  ""TUE""  ,  ""label"" :  ""TUE""  }, 
  {  ""level"" :  ""WED""  ,  ""label"" :  ""WED""  }
]","character","string","","","","","","THU ;; 
TUE ;; 
SUN ;; 
WED ;; 
SAT",FALSE,"factor","categorical","","","","","","","[ 
  {  ""STAT"" :  ""Rows""  ,  ""VAL"" :  ""300""  ,  ""PER"" :  """"  }, 
  {  ""STAT"" :  ""Distinct""  ,  ""VAL"" :  ""7""  ,  ""PER"" :  ""(2.3%)""  }
]","TUE ;; WED ;; MON ;; THU ;; FRI ;; SAT ;; SUN","[ 
  {  ""Value"" :  ""TUE""  ,  ""Frequency"" :  49  }, 
  {  ""Value"" :  ""WED""  ,  ""Frequency"" :  49  }, 
  {  ""Value"" :  ""MON""  ,  ""Frequency"" :  46  }, 
  {  ""Value"" :  ""THU""  ,  ""Frequency"" :  44  }, 
  {  ""Value"" :  ""FRI""  ,  ""Frequency"" :  42  }, 
  {  ""Value"" :  ""SAT""  ,  ""Frequency"" :  38  }, 
  {  ""Value"" :  ""SUN""  ,  ""Frequency"" :  32  }
]","[ 
  {  ""x"" :  ""TUE""  ,  ""Freq"" :  49  }, 
  {  ""x"" :  ""WED""  ,  ""Freq"" :  49  }, 
  {  ""x"" :  ""MON""  ,  ""Freq"" :  46  }, 
  {  ""x"" :  ""THU""  ,  ""Freq"" :  44  }, 
  {  ""x"" :  ""FRI""  ,  ""Freq"" :  42  }, 
  {  ""x"" :  ""SAT""  ,  ""Freq"" :  38  }, 
  {  ""x"" :  ""SUN""  ,  ""Freq"" :  32  }, 
  {  ""x"" :  ""other""  ,  ""Freq"" :  0  }
]",3,"","","","65afc7edd343fa1b9565812a8e3b6117"
"date_mdy","","date_mdy","","","character","string","","","","","","07-14-2016 ;; 
11-17-2015 ;; 
03-22-2018 ;; 
01-02-2018 ;; 
06-05-2018",FALSE,"character","temporal","","","date","","","","[ 
  {  ""STAT"" :  ""Rows""  ,  ""VAL"" :  ""300""  ,  ""PER"" :  """"  }, 
  {  ""STAT"" :  ""Distinct""  ,  ""VAL"" :  ""274""  ,  ""PER"" :  ""(91.3%)""  }
]","01-01-2017 ;; 01-24-2015 ;; 02-18-2015 ;; 02-24-2018 ;; 05-17-2017 ;; 05-22-2018 ;; 06-05-2018 ;; 06-09-2016 ;; 06-30-2017 ;; 07-10-2017 ;; 07-14-2016 ;; 08-01-2018 ;; 08-02-2017 ;; 08-08-2017 ;; 08-08-2018 ;; 08-26-2017 ;; 08-27-2016 ;; 09-10-2017 ;; 09-11-2017 ;; 09-19-2015 ;; 09-25-2015 ;; 10-03-2018 ;; 10-24-2018 ;; 10-26-2015 ;; 12-06-2016 ;; 12-20-2016 ;; 01-02-2015 ;; 01-02-2017 ;; 01-02-20","","[ 
  {  ""Value"" :  ""01-01-2017""  ,  ""Count"" :  2  }, 
  {  ""Value"" :  ""01-02-2015""  ,  ""Count"" :  1  }, 
  {  ""Value"" :  ""01-02-2017""  ,  ""Count"" :  1  }, 
  {  ""Value"" :  ""01-02-2018""  ,  ""Count"" :  1  }, 
  {  ""Value"" :  ""01-04-2016""  ,  ""Count"" :  1  }, 
  {  ""Value"" :  ""01-09-2016""  ,  ""Count"" :  1  }, 
  {  ""Value"" :  ""01-10-2017""  ,  ""Count"" :  1  }, 
  {  ""Value"" :  ""01-11-2016""  ,  ""Count"" :  1  }, 
  {  ""Value"" :  ""01-12-2016""  ,  ""Count"" :  1  }, 
  {  ""Value"" :  ""01-13-2018""  ,  ""Count"" :  1  }, 
  {  ""Value"" :  ""01-14-2018""  ,  ""Count"" :  1  }, 
  {  ""Value"" :  ""01-16-2015""  ,  ""Count"" :  1  }, 
  {  ""Value"" :  ""01-20-2017""  ,  ""Count"" :  1  }, 
  {  ""Value"" :  ""01-23-2017""  ,  ""Count"" :  1  }, 
  {  ""Value"" :  ""01-24-2015""  ,  ""Count"" :  2  }, 
  {  ""Value"" :  ""01-25-2015""  ,  ""Count"" :  1  }, 
  {  ""Value"" :  ""01-25-2016""  ,  ""Count"" :  1  }, 
  {  ""Value"" :  ""01-25-2017""  ,  ""Count"" :  1  }, 
  {  ""Value"" :  ""01-25-2018""  ,  ""Count"" :  1  }, 
  {  ""Value"" :  ""01-26-2016""  ,  ""Count"" :  1  }, 
  {  ""Value"" :  ""01-26-2018""  ,  ""Count"" :  1  }, 
  {  ""Value"" :  ""01-27-2017""  ,  ""Count"" :  1  }, 
  {  ""Value"" :  ""01-29-2017""  ,  ""Count"" :  1  }, 
  {  ""Value"" :  ""01-30-2018""  ,  ""Count"" :  1  }, 
  {  ""Value"" :  ""01-31-2017""  ,  ""Count"" :  1  }, 
  {  ""Value"" :  ""02-02-2015""  ,  ""Count"" :  1  }, 
  {  ""Value"" :  ""02-02-2016""  ,  ""Count"" :  1  }, 
  {  ""Value"" :  ""02-02-2017""  ,  ""Count"" :  1  }, 
  {  ""Value"" :  ""02-02-2018""  ,  ""Count"" :  1  }, 
  {  ""Value"" :  ""02-06-2015""  ,  ""Count"" :  1  }, 
  {  ""Value"" :  ""02-06-2016""  ,  ""Count"" :  1  }, 
  {  ""Value"" :  ""02-08-2017""  ,  ""Count"" :  1  }, 
  {  ""Value"" :  ""02-09-2015""  ,  ""Count"" :  1  }, 
  {  ""Value"" :  ""02-09-2017""  ,  ""Count"" :  1  }, 
  {  ""Value"" :  ""02-09-2018""  ,  ""Count"" :  1  }, 
  {  ""Value"" :  ""02-10-2015""  ,  ""Count"" :  1  }, 
  {  ""Value"" :  ""02-10-2016""  ,  ""Count"" :  1  }, 
  {  ""Value"" :  ""02-10-2018""  ,  ""Count"" :  1  }, 
  {  ""Value"" :  ""02-11-2015""  ,  ""Count"" :  1  }, 
  {  ""Value"" :  ""02-11-2017""  ,  ""Count"" :  1  }, 
  {  ""Value"" :  ""02-12-2017""  ,  ""Count"" :  1  }, 
  {  ""Value"" :  ""02-14-2016""  ,  ""Count"" :  1  }, 
  {  ""Value"" :  ""02-15-2015""  ,  ""Count"" :  1  }, 
  {  ""Value"" :  ""02-18-2015""  ,  ""Count"" :  2  }, 
  {  ""Value"" :  ""02-18-2018""  ,  ""Count"" :  1  }, 
  {  ""Value"" :  ""02-19-2017""  ,  ""Count"" :  1  }, 
  {  ""Value"" :  ""02-21-2017""  ,  ""Count"" :  1  }, 
  {  ""Value"" :  ""02-21-2018""  ,  ""Count"" :  1  }, 
  {  ""Value"" :  ""02-24-2018""  ,  ""Count"" :  2  }, 
  {  ""Value"" :  ""02-25-2018""  ,  ""Count"" :  1  }, 
  {  ""Value"" :  ""03-01-2015""  ,  ""Count"" :  1  }, 
  {  ""Value"" :  ""03-01-2016""  ,  ""Count"" :  1  }, 
  {  ""Value"" :  ""03-02-2016""  ,  ""Count"" :  1  }, 
  {  ""Value"" :  ""03-03-2015""  ,  ""Count"" :  1  }, 
  {  ""Value"" :  ""03-06-2017""  ,  ""Count"" :  1  }, 
  {  ""Value"" :  ""03-07-2018""  ,  ""Count"" :  1  }, 
  {  ""Value"" :  ""03-08-2018""  ,  ""Count"" :  1  }, 
  {  ""Value"" :  ""03-09-2017""  ,  ""Count"" :  1  }, 
  {  ""Value"" :  ""03-10-2018""  ,  ""Count"" :  1  }, 
  {  ""Value"" :  ""03-13-2016""  ,  ""Count"" :  1  }, 
  {  ""Value"" :  ""03-15-2018""  ,  ""Count"" :  1  }, 
  {  ""Value"" :  ""03-17-2015""  ,  ""Count"" :  1  }, 
  {  ""Value"" :  ""03-17-2016""  ,  ""Count"" :  1  }, 
  {  ""Value"" :  ""03-19-2015""  ,  ""Count"" :  1  }, 
  {  ""Value"" :  ""03-19-2016""  ,  ""Count"" :  1  }, 
  {  ""Value"" :  ""03-21-2017""  ,  ""Count"" :  1  }, 
  {  ""Value"" :  ""03-22-2018""  ,  ""Count"" :  1  }, 
  {  ""Value"" :  ""03-23-2015""  ,  ""Count"" :  1  }, 
  {  ""Value"" :  ""03-25-2015""  ,  ""Count"" :  1  }, 
  {  ""Value"" :  ""03-27-2018""  ,  ""Count"" :  1  }, 
  {  ""Value"" :  ""03-29-2015""  ,  ""Count"" :  1  }, 
  {  ""Value"" :  ""03-29-2017""  ,  ""Count"" :  1  }, 
  {  ""Value"" :  ""03-31-2017""  ,  ""Count"" :  1  }, 
  {  ""Value"" :  ""04-01-2015""  ,  ""Count"" :  1  }, 
  {  ""Value"" :  ""04-01-2016""  ,  ""Count"" :  1  }, 
  {  ""Value"" :  ""04-03-2017""  ,  ""Count"" :  1  }, 
  {  ""Value"" :  ""04-07-2016""  ,  ""Count"" :  1  }, 
  {  ""Value"" :  ""04-08-2016""  ,  ""Count"" :  1  }, 
  {  ""Value"" :  ""04-10-2015""  ,  ""Count"" :  1  }, 
  {  ""Value"" :  ""04-13-2015""  ,  ""Count"" :  1  }, 
  {  ""Value"" :  ""04-15-2016""  ,  ""Count"" :  1  }, 
  {  ""Value"" :  ""04-15-2017""  ,  ""Count"" :  1  }, 
  {  ""Value"" :  ""04-17-2015""  ,  ""Count"" :  1  }, 
  {  ""Value"" :  ""04-18-2016""  ,  ""Count"" :  1  }, 
  {  ""Value"" :  ""04-18-2018""  ,  ""Count"" :  1  }, 
  {  ""Value"" :  ""04-19-2015""  ,  ""Count"" :  1  }, 
  {  ""Value"" :  ""04-19-2018""  ,  ""Count"" :  1  }, 
  {  ""Value"" :  ""04-25-2015""  ,  ""Count"" :  1  }, 
  {  ""Value"" :  ""04-25-2016""  ,  ""Count"" :  1  }, 
  {  ""Value"" :  ""04-27-2016""  ,  ""Count"" :  1  }, 
  {  ""Value"" :  ""04-28-2017""  ,  ""Count"" :  1  }, 
  {  ""Value"" :  ""04-29-2017""  ,  ""Count"" :  1  }, 
  {  ""Value"" :  ""04-30-2017""  ,  ""Count"" :  1  }, 
  {  ""Value"" :  ""05-01-2018""  ,  ""Count"" :  1  }, 
  {  ""Value"" :  ""05-03-2016""  ,  ""Count"" :  1  }, 
  {  ""Value"" :  ""05-06-2018""  ,  ""Count"" :  1  }, 
  {  ""Value"" :  ""05-08-2017""  ,  ""Count"" :  1  }, 
  {  ""Value"" :  ""05-09-2017""  ,  ""Count"" :  1  }, 
  {  ""Value"" :  ""05-09-2018""  ,  ""Count"" :  1  }, 
  {  ""Value"" :  ""05-10-2015""  ,  ""Count"" :  1  }, 
  {  ""Value"" :  ""05-10-2018""  ,  ""Count"" :  1  }, 
  {  ""Value"" :  ""05-11-2017""  ,  ""Count"" :  1  }, 
  {  ""Value"" :  ""05-15-2018""  ,  ""Count"" :  1  }, 
  {  ""Value"" :  ""05-16-2018""  ,  ""Count"" :  1  }, 
  {  ""Value"" :  ""05-17-2017""  ,  ""Count"" :  2  }, 
  {  ""Value"" :  ""05-18-2016""  ,  ""Count"" :  1  }, 
  {  ""Value"" :  ""05-20-2018""  ,  ""Count"" :  1  }, 
  {  ""Value"" :  ""05-21-2018""  ,  ""Count"" :  1  }, 
  {  ""Value"" :  ""05-22-2018""  ,  ""Count"" :  2  }, 
  {  ""Value"" :  ""05-26-2015""  ,  ""Count"" :  1  }, 
  {  ""Value"" :  ""05-26-2016""  ,  ""Count"" :  1  }, 
  {  ""Value"" :  ""05-28-2015""  ,  ""Count"" :  1  }, 
  {  ""Value"" :  ""05-29-2015""  ,  ""Count"" :  1  }, 
  {  ""Value"" :  ""05-31-2016""  ,  ""Count"" :  1  }, 
  {  ""Value"" :  ""06-01-2018""  ,  ""Count"" :  1  }, 
  {  ""Value"" :  ""06-02-2015""  ,  ""Count"" :  1  }, 
  {  ""Value"" :  ""06-02-2018""  ,  ""Count"" :  1  }, 
  {  ""Value"" :  ""06-03-2018""  ,  ""Count"" :  1  }, 
  {  ""Value"" :  ""06-05-2015""  ,  ""Count"" :  1  }, 
  {  ""Value"" :  ""06-05-2018""  ,  ""Count"" :  2  }, 
  {  ""Value"" :  ""06-09-2016""  ,  ""Count"" :  2  }, 
  {  ""Value"" :  ""06-11-2015""  ,  ""Count"" :  1  }, 
  {  ""Value"" :  ""06-12-2015""  ,  ""Count"" :  1  }, 
  {  ""Value"" :  ""06-14-2015""  ,  ""Count"" :  1  }, 
  {  ""Value"" :  ""06-15-2018""  ,  ""Count"" :  1  }, 
  {  ""Value"" :  ""06-17-2017""  ,  ""Count"" :  1  }, 
  {  ""Value"" :  ""06-18-2015""  ,  ""Count"" :  1  }, 
  {  ""Value"" :  ""06-19-2015""  ,  ""Count"" :  1  }, 
  {  ""Value"" :  ""06-20-2015""  ,  ""Count"" :  1  }, 
  {  ""Value"" :  ""06-20-2016""  ,  ""Count"" :  1  }, 
  {  ""Value"" :  ""06-22-2016""  ,  ""Count"" :  1  }, 
  {  ""Value"" :  ""06-22-2018""  ,  ""Count"" :  1  }, 
  {  ""Value"" :  ""06-23-2016""  ,  ""Count"" :  1  }, 
  {  ""Value"" :  ""06-24-2017""  ,  ""Count"" :  1  }, 
  {  ""Value"" :  ""06-25-2016""  ,  ""Count"" :  1  }, 
  {  ""Value"" :  ""06-25-2017""  ,  ""Count"" :  1  }, 
  {  ""Value"" :  ""06-25-2018""  ,  ""Count"" :  1  }, 
  {  ""Value"" :  ""06-28-2018""  ,  ""Count"" :  1  }, 
  {  ""Value"" :  ""06-29-2016""  ,  ""Count"" :  1  }, 
  {  ""Value"" :  ""06-30-2015""  ,  ""Count"" :  1  }, 
  {  ""Value"" :  ""06-30-2017""  ,  ""Count"" :  2  }, 
  {  ""Value"" :  ""07-01-2015""  ,  ""Count"" :  1  }, 
  {  ""Value"" :  ""07-02-2017""  ,  ""Count"" :  1  }, 
  {  ""Value"" :  ""07-02-2018""  ,  ""Count"" :  1  }, 
  {  ""Value"" :  ""07-03-2016""  ,  ""Count"" :  1  }, 
  {  ""Value"" :  ""07-05-2017""  ,  ""Count"" :  1  }, 
  {  ""Value"" :  ""07-07-2015""  ,  ""Count"" :  1  }, 
  {  ""Value"" :  ""07-07-2017""  ,  ""Count"" :  1  }, 
  {  ""Value"" :  ""07-08-2015""  ,  ""Count"" :  1  }, 
  {  ""Value"" :  ""07-10-2017""  ,  ""Count"" :  2  }, 
  {  ""Value"" :  ""07-14-2016""  ,  ""Count"" :  2  }, 
  {  ""Value"" :  ""07-16-2015""  ,  ""Count"" :  1  }, 
  {  ""Value"" :  ""07-16-2018""  ,  ""Count"" :  1  }, 
  {  ""Value"" :  ""07-20-2015""  ,  ""Count"" :  1  }, 
  {  ""Value"" :  ""07-20-2017""  ,  ""Count"" :  1  }, 
  {  ""Value"" :  ""07-22-2017""  ,  ""Count"" :  1  }, 
  {  ""Value"" :  ""07-25-2015""  ,  ""Count"" :  1  }, 
  {  ""Value"" :  ""07-26-2016""  ,  ""Count"" :  1  }, 
  {  ""Value"" :  ""07-30-2018""  ,  ""Count"" :  1  }, 
  {  ""Value"" :  ""07-31-2015""  ,  ""Count"" :  1  }, 
  {  ""Value"" :  ""07-31-2017""  ,  ""Count"" :  1  }, 
  {  ""Value"" :  ""07-31-2018""  ,  ""Count"" :  1  }, 
  {  ""Value"" :  ""08-01-2018""  ,  ""Count"" :  2  }, 
  {  ""Value"" :  ""08-02-2017""  ,  ""Count"" :  2  }, 
  {  ""Value"" :  ""08-03-2018""  ,  ""Count"" :  1  }, 
  {  ""Value"" :  ""08-06-2016""  ,  ""Count"" :  1  }, 
  {  ""Value"" :  ""08-08-2017""  ,  ""Count"" :  2  }, 
  {  ""Value"" :  ""08-08-2018""  ,  ""Count"" :  2  }, 
  {  ""Value"" :  ""08-13-2015""  ,  ""Count"" :  1  }, 
  {  ""Value"" :  ""08-13-2018""  ,  ""Count"" :  1  }, 
  {  ""Value"" :  ""08-14-2015""  ,  ""Count"" :  1  }, 
  {  ""Value"" :  ""08-14-2018""  ,  ""Count"" :  1  }, 
  {  ""Value"" :  ""08-18-2017""  ,  ""Count"" :  1  }, 
  {  ""Value"" :  ""08-19-2018""  ,  ""Count"" :  1  }, 
  {  ""Value"" :  ""08-23-2016""  ,  ""Count"" :  1  }, 
  {  ""Value"" :  ""08-23-2017""  ,  ""Count"" :  1  }, 
  {  ""Value"" :  ""08-24-2017""  ,  ""Count"" :  1  }, 
  {  ""Value"" :  ""08-26-2017""  ,  ""Count"" :  2  }, 
  {  ""Value"" :  ""08-27-2016""  ,  ""Count"" :  2  }, 
  {  ""Value"" :  ""08-28-2015""  ,  ""Count"" :  1  }, 
  {  ""Value"" :  ""08-28-2016""  ,  ""Count"" :  1  }, 
  {  ""Value"" :  ""08-29-2016""  ,  ""Count"" :  1  }, 
  {  ""Value"" :  ""08-29-2018""  ,  ""Count"" :  1  }, 
  {  ""Value"" :  ""08-30-2018""  ,  ""Count"" :  1  }, 
  {  ""Value"" :  ""09-06-2017""  ,  ""Count"" :  1  }, 
  {  ""Value"" :  ""09-07-2015""  ,  ""Count"" :  1  }, 
  {  ""Value"" :  ""09-07-2017""  ,  ""Count"" :  1  }, 
  {  ""Value"" :  ""09-08-2017""  ,  ""Count"" :  1  }, 
  {  ""Value"" :  ""09-10-2017""  ,  ""Count"" :  2  }, 
  {  ""Value"" :  ""09-10-2018""  ,  ""Count"" :  1  }, 
  {  ""Value"" :  ""09-11-2015""  ,  ""Count"" :  1  }, 
  {  ""Value"" :  ""09-11-2017""  ,  ""Count"" :  2  }, 
  {  ""Value"" :  ""09-12-2016""  ,  ""Count"" :  1  }, 
  {  ""Value"" :  ""09-13-2016""  ,  ""Count"" :  1  }, 
  {  ""Value"" :  ""09-14-2016""  ,  ""Count"" :  1  }, 
  {  ""Value"" :  ""09-14-2017""  ,  ""Count"" :  1  }, 
  {  ""Value"" :  ""09-14-2018""  ,  ""Count"" :  1  }, 
  {  ""Value"" :  ""09-16-2015""  ,  ""Count"" :  1  }, 
  {  ""Value"" :  ""09-16-2016""  ,  ""Count"" :  1  }, 
  {  ""Value"" :  ""09-17-2016""  ,  ""Count"" :  1  }, 
  {  ""Value"" :  ""09-18-2017""  ,  ""Count"" :  1  }, 
  {  ""Value"" :  ""09-19-2015""  ,  ""Count"" :  2  }, 
  {  ""Value"" :  ""09-21-2016""  ,  ""Count"" :  1  }, 
  {  ""Value"" :  ""09-22-2017""  ,  ""Count"" :  1  }, 
  {  ""Value"" :  ""09-23-2017""  ,  ""Count"" :  1  }, 
  {  ""Value"" :  ""09-25-2015""  ,  ""Count"" :  2  }, 
  {  ""Value"" :  ""09-25-2016""  ,  ""Count"" :  1  }, 
  {  ""Value"" :  ""09-25-2017""  ,  ""Count"" :  1  }, 
  {  ""Value"" :  ""09-26-2015""  ,  ""Count"" :  1  }, 
  {  ""Value"" :  ""09-27-2016""  ,  ""Count"" :  1  }, 
  {  ""Value"" :  ""09-28-2017""  ,  ""Count"" :  1  }, 
  {  ""Value"" :  ""09-29-2016""  ,  ""Count"" :  1  }, 
  {  ""Value"" :  ""10-01-2015""  ,  ""Count"" :  1  }, 
  {  ""Value"" :  ""10-01-2016""  ,  ""Count"" :  1  }, 
  {  ""Value"" :  ""10-02-2017""  ,  ""Count"" :  1  }, 
  {  ""Value"" :  ""10-03-2018""  ,  ""Count"" :  2  }, 
  {  ""Value"" :  ""10-05-2017""  ,  ""Count"" :  1  }, 
  {  ""Value"" :  ""10-06-2016""  ,  ""Count"" :  1  }, 
  {  ""Value"" :  ""10-07-2015""  ,  ""Count"" :  1  }, 
  {  ""Value"" :  ""10-10-2018""  ,  ""Count"" :  1  }, 
  {  ""Value"" :  ""10-11-2016""  ,  ""Count"" :  1  }, 
  {  ""Value"" :  ""10-11-2017""  ,  ""Count"" :  1  }, 
  {  ""Value"" :  ""10-12-2018""  ,  ""Count"" :  1  }, 
  {  ""Value"" :  ""10-15-2015""  ,  ""Count"" :  1  }, 
  {  ""Value"" :  ""10-15-2018""  ,  ""Count"" :  1  }, 
  {  ""Value"" :  ""10-17-2018""  ,  ""Count"" :  1  }, 
  {  ""Value"" :  ""10-19-2015""  ,  ""Count"" :  1  }, 
  {  ""Value"" :  ""10-19-2017""  ,  ""Count"" :  1  }, 
  {  ""Value"" :  ""10-21-2015""  ,  ""Count"" :  1  }, 
  {  ""Value"" :  ""10-23-2015""  ,  ""Count"" :  1  }, 
  {  ""Value"" :  ""10-23-2017""  ,  ""Count"" :  1  }, 
  {  ""Value"" :  ""10-24-2018""  ,  ""Count"" :  2  }, 
  {  ""Value"" :  ""10-25-2015""  ,  ""Count"" :  1  }, 
  {  ""Value"" :  ""10-25-2016""  ,  ""Count"" :  1  }, 
  {  ""Value"" :  ""10-25-2018""  ,  ""Count"" :  1  }, 
  {  ""Value"" :  ""10-26-2015""  ,  ""Count"" :  2  }, 
  {  ""Value"" :  ""10-27-2018""  ,  ""Count"" :  1  }, 
  {  ""Value"" :  ""10-30-2017""  ,  ""Count"" :  1  }, 
  {  ""Value"" :  ""10-31-2016""  ,  ""Count"" :  1  }, 
  {  ""Value"" :  ""11-01-2016""  ,  ""Count"" :  1  }, 
  {  ""Value"" :  ""11-01-2017""  ,  ""Count"" :  1  }, 
  {  ""Value"" :  ""11-03-2017""  ,  ""Count"" :  1  }, 
  {  ""Value"" :  ""11-03-2018""  ,  ""Count"" :  1  }, 
  {  ""Value"" :  ""11-06-2018""  ,  ""Count"" :  1  }, 
  {  ""Value"" :  ""11-07-2015""  ,  ""Count"" :  1  }, 
  {  ""Value"" :  ""11-07-2016""  ,  ""Count"" :  1  }, 
  {  ""Value"" :  ""11-10-2015""  ,  ""Count"" :  1  }, 
  {  ""Value"" :  ""11-13-2015""  ,  ""Count"" :  1  }, 
  {  ""Value"" :  ""11-16-2017""  ,  ""Count"" :  1  }, 
  {  ""Value"" :  ""11-17-2015""  ,  ""Count"" :  1  }, 
  {  ""Value"" :  ""11-21-2015""  ,  ""Count"" :  1  }, 
  {  ""Value"" :  ""11-24-2016""  ,  ""Count"" :  1  }, 
  {  ""Value"" :  ""11-25-2018""  ,  ""Count"" :  1  }, 
  {  ""Value"" :  ""11-26-2017""  ,  ""Count"" :  1  }, 
  {  ""Value"" :  ""11-28-2016""  ,  ""Count"" :  1  }, 
  {  ""Value"" :  ""11-28-2018""  ,  ""Count"" :  1  }, 
  {  ""Value"" :  ""11-29-2016""  ,  ""Count"" :  1  }, 
  {  ""Value"" :  ""11-29-2018""  ,  ""Count"" :  1  }, 
  {  ""Value"" :  ""12-03-2015""  ,  ""Count"" :  1  }, 
  {  ""Value"" :  ""12-03-2016""  ,  ""Count"" :  1  }, 
  {  ""Value"" :  ""12-04-2018""  ,  ""Count"" :  1  }, 
  {  ""Value"" :  ""12-05-2016""  ,  ""Count"" :  1  }, 
  {  ""Value"" :  ""12-06-2016""  ,  ""Count"" :  2  }, 
  {  ""Value"" :  ""12-12-2018""  ,  ""Count"" :  1  }, 
  {  ""Value"" :  ""12-13-2017""  ,  ""Count"" :  1  }, 
  {  ""Value"" :  ""12-14-2015""  ,  ""Count"" :  1  }, 
  {  ""Value"" :  ""12-15-2016""  ,  ""Count"" :  1  }, 
  {  ""Value"" :  ""12-15-2018""  ,  ""Count"" :  1  }, 
  {  ""Value"" :  ""12-19-2016""  ,  ""Count"" :  1  }, 
  {  ""Value"" :  ""12-20-2016""  ,  ""Count"" :  2  }, 
  {  ""Value"" :  ""12-20-2018""  ,  ""Count"" :  1  }, 
  {  ""Value"" :  ""12-22-2015""  ,  ""Count"" :  1  }, 
  {  ""Value"" :  ""12-22-2017""  ,  ""Count"" :  1  }, 
  {  ""Value"" :  ""12-27-2016""  ,  ""Count"" :  1  }
]",10,"","","","9198796a937edef689ee49fbe26962a7"
"date_dmy","","date_dmy","","","character","string","","","","","","14-07-16 ;; 
17-11-15 ;; 
22-03-18 ;; 
02-01-18 ;; 
05-06-18",FALSE,"character","temporal","","","date","","","","[ 
  {  ""STAT"" :  ""Rows""  ,  ""VAL"" :  ""300""  ,  ""PER"" :  """"  }, 
  {  ""STAT"" :  ""Distinct""  ,  ""VAL"" :  ""274""  ,  ""PER"" :  ""(91.3%)""  }
]","01-01-17 ;; 01-08-18 ;; 02-08-17 ;; 03-10-18 ;; 05-06-18 ;; 06-12-16 ;; 08-08-17 ;; 08-08-18 ;; 09-06-16 ;; 10-07-17 ;; 10-09-17 ;; 11-09-17 ;; 14-07-16 ;; 17-05-17 ;; 18-02-15 ;; 19-09-15 ;; 20-12-16 ;; 22-05-18 ;; 24-01-15 ;; 24-02-18 ;; 24-10-18 ;; 25-09-15 ;; 26-08-17 ;; 26-10-15 ;; 27-08-16 ;; 30-06-17 ;; 01-03-15 ;; 01-03-16 ;; 01-04-15 ;; 01-04-16 ;; 01-05-18 ;; 01-06-18 ;; 01-07-15 ;; 01-1","","[ 
  {  ""Value"" :  ""01-01-17""  ,  ""Count"" :  2  }, 
  {  ""Value"" :  ""01-03-15""  ,  ""Count"" :  1  }, 
  {  ""Value"" :  ""01-03-16""  ,  ""Count"" :  1  }, 
  {  ""Value"" :  ""01-04-15""  ,  ""Count"" :  1  }, 
  {  ""Value"" :  ""01-04-16""  ,  ""Count"" :  1  }, 
  {  ""Value"" :  ""01-05-18""  ,  ""Count"" :  1  }, 
  {  ""Value"" :  ""01-06-18""  ,  ""Count"" :  1  }, 
  {  ""Value"" :  ""01-07-15""  ,  ""Count"" :  1  }, 
  {  ""Value"" :  ""01-08-18""  ,  ""Count"" :  2  }, 
  {  ""Value"" :  ""01-10-15""  ,  ""Count"" :  1  }, 
  {  ""Value"" :  ""01-10-16""  ,  ""Count"" :  1  }, 
  {  ""Value"" :  ""01-11-16""  ,  ""Count"" :  1  }, 
  {  ""Value"" :  ""01-11-17""  ,  ""Count"" :  1  }, 
  {  ""Value"" :  ""02-01-15""  ,  ""Count"" :  1  }, 
  {  ""Value"" :  ""02-01-17""  ,  ""Count"" :  1  }, 
  {  ""Value"" :  ""02-01-18""  ,  ""Count"" :  1  }, 
  {  ""Value"" :  ""02-02-15""  ,  ""Count"" :  1  }, 
  {  ""Value"" :  ""02-02-16""  ,  ""Count"" :  1  }, 
  {  ""Value"" :  ""02-02-17""  ,  ""Count"" :  1  }, 
  {  ""Value"" :  ""02-02-18""  ,  ""Count"" :  1  }, 
  {  ""Value"" :  ""02-03-16""  ,  ""Count"" :  1  }, 
  {  ""Value"" :  ""02-06-15""  ,  ""Count"" :  1  }, 
  {  ""Value"" :  ""02-06-18""  ,  ""Count"" :  1  }, 
  {  ""Value"" :  ""02-07-17""  ,  ""Count"" :  1  }, 
  {  ""Value"" :  ""02-07-18""  ,  ""Count"" :  1  }, 
  {  ""Value"" :  ""02-08-17""  ,  ""Count"" :  2  }, 
  {  ""Value"" :  ""02-10-17""  ,  ""Count"" :  1  }, 
  {  ""Value"" :  ""03-03-15""  ,  ""Count"" :  1  }, 
  {  ""Value"" :  ""03-04-17""  ,  ""Count"" :  1  }, 
  {  ""Value"" :  ""03-05-16""  ,  ""Count"" :  1  }, 
  {  ""Value"" :  ""03-06-18""  ,  ""Count"" :  1  }, 
  {  ""Value"" :  ""03-07-16""  ,  ""Count"" :  1  }, 
  {  ""Value"" :  ""03-08-18""  ,  ""Count"" :  1  }, 
  {  ""Value"" :  ""03-10-18""  ,  ""Count"" :  2  }, 
  {  ""Value"" :  ""03-11-17""  ,  ""Count"" :  1  }, 
  {  ""Value"" :  ""03-11-18""  ,  ""Count"" :  1  }, 
  {  ""Value"" :  ""03-12-15""  ,  ""Count"" :  1  }, 
  {  ""Value"" :  ""03-12-16""  ,  ""Count"" :  1  }, 
  {  ""Value"" :  ""04-01-16""  ,  ""Count"" :  1  }, 
  {  ""Value"" :  ""04-12-18""  ,  ""Count"" :  1  }, 
  {  ""Value"" :  ""05-06-15""  ,  ""Count"" :  1  }, 
  {  ""Value"" :  ""05-06-18""  ,  ""Count"" :  2  }, 
  {  ""Value"" :  ""05-07-17""  ,  ""Count"" :  1  }, 
  {  ""Value"" :  ""05-10-17""  ,  ""Count"" :  1  }, 
  {  ""Value"" :  ""05-12-16""  ,  ""Count"" :  1  }, 
  {  ""Value"" :  ""06-02-15""  ,  ""Count"" :  1  }, 
  {  ""Value"" :  ""06-02-16""  ,  ""Count"" :  1  }, 
  {  ""Value"" :  ""06-03-17""  ,  ""Count"" :  1  }, 
  {  ""Value"" :  ""06-05-18""  ,  ""Count"" :  1  }, 
  {  ""Value"" :  ""06-08-16""  ,  ""Count"" :  1  }, 
  {  ""Value"" :  ""06-09-17""  ,  ""Count"" :  1  }, 
  {  ""Value"" :  ""06-10-16""  ,  ""Count"" :  1  }, 
  {  ""Value"" :  ""06-11-18""  ,  ""Count"" :  1  }, 
  {  ""Value"" :  ""06-12-16""  ,  ""Count"" :  2  }, 
  {  ""Value"" :  ""07-03-18""  ,  ""Count"" :  1  }, 
  {  ""Value"" :  ""07-04-16""  ,  ""Count"" :  1  }, 
  {  ""Value"" :  ""07-07-15""  ,  ""Count"" :  1  }, 
  {  ""Value"" :  ""07-07-17""  ,  ""Count"" :  1  }, 
  {  ""Value"" :  ""07-09-15""  ,  ""Count"" :  1  }, 
  {  ""Value"" :  ""07-09-17""  ,  ""Count"" :  1  }, 
  {  ""Value"" :  ""07-10-15""  ,  ""Count"" :  1  }, 
  {  ""Value"" :  ""07-11-15""  ,  ""Count"" :  1  }, 
  {  ""Value"" :  ""07-11-16""  ,  ""Count"" :  1  }, 
  {  ""Value"" :  ""08-02-17""  ,  ""Count"" :  1  }, 
  {  ""Value"" :  ""08-03-18""  ,  ""Count"" :  1  }, 
  {  ""Value"" :  ""08-04-16""  ,  ""Count"" :  1  }, 
  {  ""Value"" :  ""08-05-17""  ,  ""Count"" :  1  }, 
  {  ""Value"" :  ""08-07-15""  ,  ""Count"" :  1  }, 
  {  ""Value"" :  ""08-08-17""  ,  ""Count"" :  2  }, 
  {  ""Value"" :  ""08-08-18""  ,  ""Count"" :  2  }, 
  {  ""Value"" :  ""08-09-17""  ,  ""Count"" :  1  }, 
  {  ""Value"" :  ""09-01-16""  ,  ""Count"" :  1  }, 
  {  ""Value"" :  ""09-02-15""  ,  ""Count"" :  1  }, 
  {  ""Value"" :  ""09-02-17""  ,  ""Count"" :  1  }, 
  {  ""Value"" :  ""09-02-18""  ,  ""Count"" :  1  }, 
  {  ""Value"" :  ""09-03-17""  ,  ""Count"" :  1  }, 
  {  ""Value"" :  ""09-05-17""  ,  ""Count"" :  1  }, 
  {  ""Value"" :  ""09-05-18""  ,  ""Count"" :  1  }, 
  {  ""Value"" :  ""09-06-16""  ,  ""Count"" :  2  }, 
  {  ""Value"" :  ""10-01-17""  ,  ""Count"" :  1  }, 
  {  ""Value"" :  ""10-02-15""  ,  ""Count"" :  1  }, 
  {  ""Value"" :  ""10-02-16""  ,  ""Count"" :  1  }, 
  {  ""Value"" :  ""10-02-18""  ,  ""Count"" :  1  }, 
  {  ""Value"" :  ""10-03-18""  ,  ""Count"" :  1  }, 
  {  ""Value"" :  ""10-04-15""  ,  ""Count"" :  1  }, 
  {  ""Value"" :  ""10-05-15""  ,  ""Count"" :  1  }, 
  {  ""Value"" :  ""10-05-18""  ,  ""Count"" :  1  }, 
  {  ""Value"" :  ""10-07-17""  ,  ""Count"" :  2  }, 
  {  ""Value"" :  ""10-09-17""  ,  ""Count"" :  2  }, 
  {  ""Value"" :  ""10-09-18""  ,  ""Count"" :  1  }, 
  {  ""Value"" :  ""10-10-18""  ,  ""Count"" :  1  }, 
  {  ""Value"" :  ""10-11-15""  ,  ""Count"" :  1  }, 
  {  ""Value"" :  ""11-01-16""  ,  ""Count"" :  1  }, 
  {  ""Value"" :  ""11-02-15""  ,  ""Count"" :  1  }, 
  {  ""Value"" :  ""11-02-17""  ,  ""Count"" :  1  }, 
  {  ""Value"" :  ""11-05-17""  ,  ""Count"" :  1  }, 
  {  ""Value"" :  ""11-06-15""  ,  ""Count"" :  1  }, 
  {  ""Value"" :  ""11-09-15""  ,  ""Count"" :  1  }, 
  {  ""Value"" :  ""11-09-17""  ,  ""Count"" :  2  }, 
  {  ""Value"" :  ""11-10-16""  ,  ""Count"" :  1  }, 
  {  ""Value"" :  ""11-10-17""  ,  ""Count"" :  1  }, 
  {  ""Value"" :  ""12-01-16""  ,  ""Count"" :  1  }, 
  {  ""Value"" :  ""12-02-17""  ,  ""Count"" :  1  }, 
  {  ""Value"" :  ""12-06-15""  ,  ""Count"" :  1  }, 
  {  ""Value"" :  ""12-09-16""  ,  ""Count"" :  1  }, 
  {  ""Value"" :  ""12-10-18""  ,  ""Count"" :  1  }, 
  {  ""Value"" :  ""12-12-18""  ,  ""Count"" :  1  }, 
  {  ""Value"" :  ""13-01-18""  ,  ""Count"" :  1  }, 
  {  ""Value"" :  ""13-03-16""  ,  ""Count"" :  1  }, 
  {  ""Value"" :  ""13-04-15""  ,  ""Count"" :  1  }, 
  {  ""Value"" :  ""13-08-15""  ,  ""Count"" :  1  }, 
  {  ""Value"" :  ""13-08-18""  ,  ""Count"" :  1  }, 
  {  ""Value"" :  ""13-09-16""  ,  ""Count"" :  1  }, 
  {  ""Value"" :  ""13-11-15""  ,  ""Count"" :  1  }, 
  {  ""Value"" :  ""13-12-17""  ,  ""Count"" :  1  }, 
  {  ""Value"" :  ""14-01-18""  ,  ""Count"" :  1  }, 
  {  ""Value"" :  ""14-02-16""  ,  ""Count"" :  1  }, 
  {  ""Value"" :  ""14-06-15""  ,  ""Count"" :  1  }, 
  {  ""Value"" :  ""14-07-16""  ,  ""Count"" :  2  }, 
  {  ""Value"" :  ""14-08-15""  ,  ""Count"" :  1  }, 
  {  ""Value"" :  ""14-08-18""  ,  ""Count"" :  1  }, 
  {  ""Value"" :  ""14-09-16""  ,  ""Count"" :  1  }, 
  {  ""Value"" :  ""14-09-17""  ,  ""Count"" :  1  }, 
  {  ""Value"" :  ""14-09-18""  ,  ""Count"" :  1  }, 
  {  ""Value"" :  ""14-12-15""  ,  ""Count"" :  1  }, 
  {  ""Value"" :  ""15-02-15""  ,  ""Count"" :  1  }, 
  {  ""Value"" :  ""15-03-18""  ,  ""Count"" :  1  }, 
  {  ""Value"" :  ""15-04-16""  ,  ""Count"" :  1  }, 
  {  ""Value"" :  ""15-04-17""  ,  ""Count"" :  1  }, 
  {  ""Value"" :  ""15-05-18""  ,  ""Count"" :  1  }, 
  {  ""Value"" :  ""15-06-18""  ,  ""Count"" :  1  }, 
  {  ""Value"" :  ""15-10-15""  ,  ""Count"" :  1  }, 
  {  ""Value"" :  ""15-10-18""  ,  ""Count"" :  1  }, 
  {  ""Value"" :  ""15-12-16""  ,  ""Count"" :  1  }, 
  {  ""Value"" :  ""15-12-18""  ,  ""Count"" :  1  }, 
  {  ""Value"" :  ""16-01-15""  ,  ""Count"" :  1  }, 
  {  ""Value"" :  ""16-05-18""  ,  ""Count"" :  1  }, 
  {  ""Value"" :  ""16-07-15""  ,  ""Count"" :  1  }, 
  {  ""Value"" :  ""16-07-18""  ,  ""Count"" :  1  }, 
  {  ""Value"" :  ""16-09-15""  ,  ""Count"" :  1  }, 
  {  ""Value"" :  ""16-09-16""  ,  ""Count"" :  1  }, 
  {  ""Value"" :  ""16-11-17""  ,  ""Count"" :  1  }, 
  {  ""Value"" :  ""17-03-15""  ,  ""Count"" :  1  }, 
  {  ""Value"" :  ""17-03-16""  ,  ""Count"" :  1  }, 
  {  ""Value"" :  ""17-04-15""  ,  ""Count"" :  1  }, 
  {  ""Value"" :  ""17-05-17""  ,  ""Count"" :  2  }, 
  {  ""Value"" :  ""17-06-17""  ,  ""Count"" :  1  }, 
  {  ""Value"" :  ""17-09-16""  ,  ""Count"" :  1  }, 
  {  ""Value"" :  ""17-10-18""  ,  ""Count"" :  1  }, 
  {  ""Value"" :  ""17-11-15""  ,  ""Count"" :  1  }, 
  {  ""Value"" :  ""18-02-15""  ,  ""Count"" :  2  }, 
  {  ""Value"" :  ""18-02-18""  ,  ""Count"" :  1  }, 
  {  ""Value"" :  ""18-04-16""  ,  ""Count"" :  1  }, 
  {  ""Value"" :  ""18-04-18""  ,  ""Count"" :  1  }, 
  {  ""Value"" :  ""18-05-16""  ,  ""Count"" :  1  }, 
  {  ""Value"" :  ""18-06-15""  ,  ""Count"" :  1  }, 
  {  ""Value"" :  ""18-08-17""  ,  ""Count"" :  1  }, 
  {  ""Value"" :  ""18-09-17""  ,  ""Count"" :  1  }, 
  {  ""Value"" :  ""19-02-17""  ,  ""Count"" :  1  }, 
  {  ""Value"" :  ""19-03-15""  ,  ""Count"" :  1  }, 
  {  ""Value"" :  ""19-03-16""  ,  ""Count"" :  1  }, 
  {  ""Value"" :  ""19-04-15""  ,  ""Count"" :  1  }, 
  {  ""Value"" :  ""19-04-18""  ,  ""Count"" :  1  }, 
  {  ""Value"" :  ""19-06-15""  ,  ""Count"" :  1  }, 
  {  ""Value"" :  ""19-08-18""  ,  ""Count"" :  1  }, 
  {  ""Value"" :  ""19-09-15""  ,  ""Count"" :  2  }, 
  {  ""Value"" :  ""19-10-15""  ,  ""Count"" :  1  }, 
  {  ""Value"" :  ""19-10-17""  ,  ""Count"" :  1  }, 
  {  ""Value"" :  ""19-12-16""  ,  ""Count"" :  1  }, 
  {  ""Value"" :  ""20-01-17""  ,  ""Count"" :  1  }, 
  {  ""Value"" :  ""20-05-18""  ,  ""Count"" :  1  }, 
  {  ""Value"" :  ""20-06-15""  ,  ""Count"" :  1  }, 
  {  ""Value"" :  ""20-06-16""  ,  ""Count"" :  1  }, 
  {  ""Value"" :  ""20-07-15""  ,  ""Count"" :  1  }, 
  {  ""Value"" :  ""20-07-17""  ,  ""Count"" :  1  }, 
  {  ""Value"" :  ""20-12-16""  ,  ""Count"" :  2  }, 
  {  ""Value"" :  ""20-12-18""  ,  ""Count"" :  1  }, 
  {  ""Value"" :  ""21-02-17""  ,  ""Count"" :  1  }, 
  {  ""Value"" :  ""21-02-18""  ,  ""Count"" :  1  }, 
  {  ""Value"" :  ""21-03-17""  ,  ""Count"" :  1  }, 
  {  ""Value"" :  ""21-05-18""  ,  ""Count"" :  1  }, 
  {  ""Value"" :  ""21-09-16""  ,  ""Count"" :  1  }, 
  {  ""Value"" :  ""21-10-15""  ,  ""Count"" :  1  }, 
  {  ""Value"" :  ""21-11-15""  ,  ""Count"" :  1  }, 
  {  ""Value"" :  ""22-03-18""  ,  ""Count"" :  1  }, 
  {  ""Value"" :  ""22-05-18""  ,  ""Count"" :  2  }, 
  {  ""Value"" :  ""22-06-16""  ,  ""Count"" :  1  }, 
  {  ""Value"" :  ""22-06-18""  ,  ""Count"" :  1  }, 
  {  ""Value"" :  ""22-07-17""  ,  ""Count"" :  1  }, 
  {  ""Value"" :  ""22-09-17""  ,  ""Count"" :  1  }, 
  {  ""Value"" :  ""22-12-15""  ,  ""Count"" :  1  }, 
  {  ""Value"" :  ""22-12-17""  ,  ""Count"" :  1  }, 
  {  ""Value"" :  ""23-01-17""  ,  ""Count"" :  1  }, 
  {  ""Value"" :  ""23-03-15""  ,  ""Count"" :  1  }, 
  {  ""Value"" :  ""23-06-16""  ,  ""Count"" :  1  }, 
  {  ""Value"" :  ""23-08-16""  ,  ""Count"" :  1  }, 
  {  ""Value"" :  ""23-08-17""  ,  ""Count"" :  1  }, 
  {  ""Value"" :  ""23-09-17""  ,  ""Count"" :  1  }, 
  {  ""Value"" :  ""23-10-15""  ,  ""Count"" :  1  }, 
  {  ""Value"" :  ""23-10-17""  ,  ""Count"" :  1  }, 
  {  ""Value"" :  ""24-01-15""  ,  ""Count"" :  2  }, 
  {  ""Value"" :  ""24-02-18""  ,  ""Count"" :  2  }, 
  {  ""Value"" :  ""24-06-17""  ,  ""Count"" :  1  }, 
  {  ""Value"" :  ""24-08-17""  ,  ""Count"" :  1  }, 
  {  ""Value"" :  ""24-10-18""  ,  ""Count"" :  2  }, 
  {  ""Value"" :  ""24-11-16""  ,  ""Count"" :  1  }, 
  {  ""Value"" :  ""25-01-15""  ,  ""Count"" :  1  }, 
  {  ""Value"" :  ""25-01-16""  ,  ""Count"" :  1  }, 
  {  ""Value"" :  ""25-01-17""  ,  ""Count"" :  1  }, 
  {  ""Value"" :  ""25-01-18""  ,  ""Count"" :  1  }, 
  {  ""Value"" :  ""25-02-18""  ,  ""Count"" :  1  }, 
  {  ""Value"" :  ""25-03-15""  ,  ""Count"" :  1  }, 
  {  ""Value"" :  ""25-04-15""  ,  ""Count"" :  1  }, 
  {  ""Value"" :  ""25-04-16""  ,  ""Count"" :  1  }, 
  {  ""Value"" :  ""25-06-16""  ,  ""Count"" :  1  }, 
  {  ""Value"" :  ""25-06-17""  ,  ""Count"" :  1  }, 
  {  ""Value"" :  ""25-06-18""  ,  ""Count"" :  1  }, 
  {  ""Value"" :  ""25-07-15""  ,  ""Count"" :  1  }, 
  {  ""Value"" :  ""25-09-15""  ,  ""Count"" :  2  }, 
  {  ""Value"" :  ""25-09-16""  ,  ""Count"" :  1  }, 
  {  ""Value"" :  ""25-09-17""  ,  ""Count"" :  1  }, 
  {  ""Value"" :  ""25-10-15""  ,  ""Count"" :  1  }, 
  {  ""Value"" :  ""25-10-16""  ,  ""Count"" :  1  }, 
  {  ""Value"" :  ""25-10-18""  ,  ""Count"" :  1  }, 
  {  ""Value"" :  ""25-11-18""  ,  ""Count"" :  1  }, 
  {  ""Value"" :  ""26-01-16""  ,  ""Count"" :  1  }, 
  {  ""Value"" :  ""26-01-18""  ,  ""Count"" :  1  }, 
  {  ""Value"" :  ""26-05-15""  ,  ""Count"" :  1  }, 
  {  ""Value"" :  ""26-05-16""  ,  ""Count"" :  1  }, 
  {  ""Value"" :  ""26-07-16""  ,  ""Count"" :  1  }, 
  {  ""Value"" :  ""26-08-17""  ,  ""Count"" :  2  }, 
  {  ""Value"" :  ""26-09-15""  ,  ""Count"" :  1  }, 
  {  ""Value"" :  ""26-10-15""  ,  ""Count"" :  2  }, 
  {  ""Value"" :  ""26-11-17""  ,  ""Count"" :  1  }, 
  {  ""Value"" :  ""27-01-17""  ,  ""Count"" :  1  }, 
  {  ""Value"" :  ""27-03-18""  ,  ""Count"" :  1  }, 
  {  ""Value"" :  ""27-04-16""  ,  ""Count"" :  1  }, 
  {  ""Value"" :  ""27-08-16""  ,  ""Count"" :  2  }, 
  {  ""Value"" :  ""27-09-16""  ,  ""Count"" :  1  }, 
  {  ""Value"" :  ""27-10-18""  ,  ""Count"" :  1  }, 
  {  ""Value"" :  ""27-12-16""  ,  ""Count"" :  1  }, 
  {  ""Value"" :  ""28-04-17""  ,  ""Count"" :  1  }, 
  {  ""Value"" :  ""28-05-15""  ,  ""Count"" :  1  }, 
  {  ""Value"" :  ""28-06-18""  ,  ""Count"" :  1  }, 
  {  ""Value"" :  ""28-08-15""  ,  ""Count"" :  1  }, 
  {  ""Value"" :  ""28-08-16""  ,  ""Count"" :  1  }, 
  {  ""Value"" :  ""28-09-17""  ,  ""Count"" :  1  }, 
  {  ""Value"" :  ""28-11-16""  ,  ""Count"" :  1  }, 
  {  ""Value"" :  ""28-11-18""  ,  ""Count"" :  1  }, 
  {  ""Value"" :  ""29-01-17""  ,  ""Count"" :  1  }, 
  {  ""Value"" :  ""29-03-15""  ,  ""Count"" :  1  }, 
  {  ""Value"" :  ""29-03-17""  ,  ""Count"" :  1  }, 
  {  ""Value"" :  ""29-04-17""  ,  ""Count"" :  1  }, 
  {  ""Value"" :  ""29-05-15""  ,  ""Count"" :  1  }, 
  {  ""Value"" :  ""29-06-16""  ,  ""Count"" :  1  }, 
  {  ""Value"" :  ""29-08-16""  ,  ""Count"" :  1  }, 
  {  ""Value"" :  ""29-08-18""  ,  ""Count"" :  1  }, 
  {  ""Value"" :  ""29-09-16""  ,  ""Count"" :  1  }, 
  {  ""Value"" :  ""29-11-16""  ,  ""Count"" :  1  }, 
  {  ""Value"" :  ""29-11-18""  ,  ""Count"" :  1  }, 
  {  ""Value"" :  ""30-01-18""  ,  ""Count"" :  1  }, 
  {  ""Value"" :  ""30-04-17""  ,  ""Count"" :  1  }, 
  {  ""Value"" :  ""30-06-15""  ,  ""Count"" :  1  }, 
  {  ""Value"" :  ""30-06-17""  ,  ""Count"" :  2  }, 
  {  ""Value"" :  ""30-07-18""  ,  ""Count"" :  1  }, 
  {  ""Value"" :  ""30-08-18""  ,  ""Count"" :  1  }, 
  {  ""Value"" :  ""30-10-17""  ,  ""Count"" :  1  }, 
  {  ""Value"" :  ""31-01-17""  ,  ""Count"" :  1  }, 
  {  ""Value"" :  ""31-03-17""  ,  ""Count"" :  1  }, 
  {  ""Value"" :  ""31-05-16""  ,  ""Count"" :  1  }, 
  {  ""Value"" :  ""31-07-15""  ,  ""Count"" :  1  }, 
  {  ""Value"" :  ""31-07-17""  ,  ""Count"" :  1  }, 
  {  ""Value"" :  ""31-07-18""  ,  ""Count"" :  1  }, 
  {  ""Value"" :  ""31-10-16""  ,  ""Count"" :  1  }
]",8,"","","","b4b05ae1b4affb98bb9fc690cf9b7d14"
"month_abbr","","month_abbr","","[ 
  {  ""level"" :  ""APR""  ,  ""label"" :  ""APR""  }, 
  {  ""level"" :  ""AUG""  ,  ""label"" :  ""AUG""  }, 
  {  ""level"" :  ""DEC""  ,  ""label"" :  ""DEC""  }, 
  {  ""level"" :  ""FEB""  ,  ""label"" :  ""FEB""  }, 
  {  ""level"" :  ""JAN""  ,  ""label"" :  ""JAN""  }, 
  {  ""level"" :  ""JUL""  ,  ""label"" :  ""JUL""  }, 
  {  ""level"" :  ""JUN""  ,  ""label"" :  ""JUN""  }, 
  {  ""level"" :  ""MAR""  ,  ""label"" :  ""MAR""  }, 
  {  ""level"" :  ""MAY""  ,  ""label"" :  ""MAY""  }, 
  {  ""level"" :  ""NOV""  ,  ""label"" :  ""NOV""  }, 
  {  ""level"" :  ""OCT""  ,  ""label"" :  ""OCT""  }, 
  {  ""level"" :  ""SEP""  ,  ""label"" :  ""SEP""  }
]","character","string","","","","","","JUL ;; 
NOV ;; 
MAR ;; 
JAN ;; 
JUN",FALSE,"factor","categorical","","","","","","","[ 
  {  ""STAT"" :  ""Rows""  ,  ""VAL"" :  ""300""  ,  ""PER"" :  """"  }, 
  {  ""STAT"" :  ""Distinct""  ,  ""VAL"" :  ""12""  ,  ""PER"" :  ""(4.0%)""  }
]","SEP ;; JUN ;; OCT ;; AUG ;; FEB ;; JAN ;; JUL ;; MAR ;; MAY ;; APR ;; NOV ;; DEC","[ 
  {  ""Value"" :  ""SEP""  ,  ""Frequency"" :  32  }, 
  {  ""Value"" :  ""JUN""  ,  ""Frequency"" :  30  }, 
  {  ""Value"" :  ""OCT""  ,  ""Frequency"" :  30  }, 
  {  ""Value"" :  ""AUG""  ,  ""Frequency"" :  28  }, 
  {  ""Value"" :  ""FEB""  ,  ""Frequency"" :  27  }, 
  {  ""Value"" :  ""JAN""  ,  ""Frequency"" :  27  }, 
  {  ""Value"" :  ""JUL""  ,  ""Frequency"" :  23  }, 
  {  ""Value"" :  ""MAR""  ,  ""Frequency"" :  23  }, 
  {  ""Value"" :  ""MAY""  ,  ""Frequency"" :  23  }, 
  {  ""Value"" :  ""APR""  ,  ""Frequency"" :  20  }, 
  {  ""Value"" :  ""NOV""  ,  ""Frequency"" :  19  }, 
  {  ""Value"" :  ""DEC""  ,  ""Frequency"" :  18  }
]","[ 
  {  ""x"" :  ""SEP""  ,  ""Freq"" :  32  }, 
  {  ""x"" :  ""JUN""  ,  ""Freq"" :  30  }, 
  {  ""x"" :  ""OCT""  ,  ""Freq"" :  30  }, 
  {  ""x"" :  ""AUG""  ,  ""Freq"" :  28  }, 
  {  ""x"" :  ""FEB""  ,  ""Freq"" :  27  }, 
  {  ""x"" :  ""JAN""  ,  ""Freq"" :  27  }, 
  {  ""x"" :  ""JUL""  ,  ""Freq"" :  23  }, 
  {  ""x"" :  ""MAR""  ,  ""Freq"" :  23  }, 
  {  ""x"" :  ""MAY""  ,  ""Freq"" :  23  }, 
  {  ""x"" :  ""APR""  ,  ""Freq"" :  20  }, 
  {  ""x"" :  ""NOV""  ,  ""Freq"" :  19  }, 
  {  ""x"" :  ""DEC""  ,  ""Freq"" :  18  }, 
  {  ""x"" :  ""other""  ,  ""Freq"" :  0  }
]",3,"","","","31aa849bb54e3de2e380380228aa5df5"
"month_ym","","month_ym","","","character","string","","","","","","2016-07 ;; 
2015-11 ;; 
2018-03 ;; 
2018-01 ;; 
2018-06",FALSE,"character","string","","","","","","","[ 
  {  ""STAT"" :  ""Rows""  ,  ""VAL"" :  ""300""  ,  ""PER"" :  """"  }, 
  {  ""STAT"" :  ""Distinct""  ,  ""VAL"" :  ""48""  ,  ""PER"" :  ""(16.0%)""  }
]","2017-09 ;; 2017-01 ;; 2018-05 ;; 2018-08 ;; 2018-10 ;; 2015-06 ;; 2015-10 ;; 2016-09 ;; 2016-12 ;; 2017-08 ;; 2018-06 ;; 2015-02 ;; 2015-09 ;; 2017-07 ;; 2018-02 ;; 2015-03 ;; 2015-07 ;; 2016-04 ;; 2016-06 ;; 2017-02 ;; 2015-04 ;; 2016-01 ;; 2016-08 ;; 2017-10 ;; 2018-01 ;; 2018-03 ;; 2015-01 ;; 2015-11 ;; 2016-03 ;; 2016-10 ;; 2016-11 ;; 2017-03 ;; 2017-04 ;; 2017-05 ;; 2017-06 ;; 2018-11 ;; 2015","{
  ""STATS"": [
    {
      ""STAT"": ""Minimum"",
      ""CHARACTERS"": 7,
      ""WORDS"": 1
    },
    {
      ""STAT"": ""Median"",
      ""CHARACTERS"": 7,
      ""WORDS"": 1
    },
    {
      ""STAT"": ""Mean"",
      ""CHARACTERS"": 7,
      ""WORDS"": 1
    },
    {
      ""STAT"": ""Max"",
      ""CHARACTERS"": 7,
      ""WORDS"": 1
    },
    {
      ""STAT"": ""Skew""
    }
  ],
  ""HIST"": [
    ""<?xml version=\""1.0\"" encoding=\""UTF-8\""?>\n<svg xmlns=\""http://www.w3.org/2000/svg\"" xmlns:xlink=\""http://www.w3.org/1999/xlink\"" width=\""48.00pt\"" height=\""12.00pt\"" viewBox=\""0 0 48.00 12.00\"">\n  <g class=\""svglite\"">\n    <defs>\n      <style type=\""text/css\""><![CDATA[\n    .svglite line, .svglite polyline, .svglite polygon, .svglite path, .svglite rect, .svglite circle {\n      fill: none;\n      stroke: #000000;\n      stroke-linecap: round;\n      stroke-linejoin: round;\n      stroke-miterlimit: 10.00;\n    }\n    .svglite text {\n      white-space: pre;\n    }\n    .svglite g.glyphgroup path {\n      fill: inherit;\n      stroke: none;\n    }\n  ]]><\/style>\n    <\/defs>\n    <rect width=\""100%\"" height=\""100%\"" style=\""stroke: none; fill: none;\""/>\n    <defs>\n      <clipPath id=\""cpMC4wMHw0OC4wMHwwLjAwfDEyLjAw\"">\n        <rect x=\""0.00\"" y=\""0.00\"" width=\""48.00\"" height=\""12.00\""/>\n      <\/clipPath>\n    <\/defs>\n    <g clip-path=\""url(#cpMC4wMHw0OC4wMHwwLjAwfDEyLjAw)\"">\n<\/g>\n    <defs>\n      <clipPath id=\""cpMC4wMHw0OC4wMHwyLjg4fDEyLjAw\"">\n        <rect x=\""0.00\"" y=\""2.88\"" width=\""48.00\"" height=\""9.12\""/>\n      <\/clipPath>\n    <\/defs>\n    <g clip-path=\""url(#cpMC4wMHw0OC4wMHwyLjg4fDEyLjAw)\"">\n      <rect x=\""8.13\"" y=\""3.22\"" width=\""39.68\"" height=\""8.44\"" style=\""stroke-width: 0.38; fill: #D3D3D3;\""/>\n    <\/g>\n  <\/g>\n<\/svg>\n"",
    ""<?xml version=\""1.0\"" encoding=\""UTF-8\""?>\n<svg xmlns=\""http://www.w3.org/2000/svg\"" xmlns:xlink=\""http://www.w3.org/1999/xlink\"" width=\""48.00pt\"" height=\""12.00pt\"" viewBox=\""0 0 48.00 12.00\"">\n  <g class=\""svglite\"">\n    <defs>\n      <style type=\""text/css\""><![CDATA[\n    .svglite line, .svglite polyline, .svglite polygon, .svglite path, .svglite rect, .svglite circle {\n      fill: none;\n      stroke: #000000;\n      stroke-linecap: round;\n      stroke-linejoin: round;\n      stroke-miterlimit: 10.00;\n    }\n    .svglite text {\n      white-space: pre;\n    }\n    .svglite g.glyphgroup path {\n      fill: inherit;\n      stroke: none;\n    }\n  ]]><\/style>\n    <\/defs>\n    <rect width=\""100%\"" height=\""100%\"" style=\""stroke: none; fill: none;\""/>\n    <defs>\n      <clipPath id=\""cpMC4wMHw0OC4wMHwwLjAwfDEyLjAw\"">\n        <rect x=\""0.00\"" y=\""0.00\"" width=\""48.00\"" height=\""12.00\""/>\n      <\/clipPath>\n    <\/defs>\n    <g clip-path=\""url(#cpMC4wMHw0OC4wMHwwLjAwfDEyLjAw)\"">\n<\/g>\n    <defs>\n      <clipPath id=\""cpMC4wMHw0OC4wMHwyLjg4fDEyLjAw\"">\n        <rect x=\""0.00\"" y=\""2.88\"" width=\""48.00\"" height=\""9.12\""/>\n      <\/clipPath>\n    <\/defs>\n    <g clip-path=\""url(#cpMC4wMHw0OC4wMHwyLjg4fDEyLjAw)\"">\n      <rect x=\""-31.56\"" y=\""3.22\"" width=\""55.56\"" height=\""8.44\"" style=\""stroke-width: 0.38; fill: #D3D3D3;\""/>\n    <\/g>\n  <\/g>\n<\/svg>\n""
  ],
  ""COMMON"": [
    {
      ""Value"": ""2017-09"",
      ""Frequency"": 13
    },
    {
      ""Value"": ""2017-01"",
      ""Frequency"": 10
    },
    {
      ""Value"": ""2018-05"",
      ""Frequency"": 10
    },
    {
      ""Value"": ""2018-08"",
      ""Frequency"": 10
    },
    {
      ""Value"": ""2018-10"",
      ""Frequency"": 10
    },
    {
      ""Value"": ""2015-06"",
      ""Frequency"": 9
    }
  ]
}","[ 
  {  ""ww"" :  ""201709""  ,  ""Freq"" :  13  }, 
  {  ""ww"" :  ""201701""  ,  ""Freq"" :  10  }, 
  {  ""ww"" :  ""201805""  ,  ""Freq"" :  10  }, 
  {  ""ww"" :  ""201808""  ,  ""Freq"" :  10  }, 
  {  ""ww"" :  ""201810""  ,  ""Freq"" :  10  }, 
  {  ""ww"" :  ""201506""  ,  ""Freq"" :  9  }, 
  {  ""ww"" :  ""201510""  ,  ""Freq"" :  9  }, 
  {  ""ww"" :  ""201609""  ,  ""Freq"" :  9  }, 
  {  ""ww"" :  ""201612""  ,  ""Freq"" :  9  }, 
  {  ""ww"" :  ""201708""  ,  ""Freq"" :  9  }, 
  {  ""ww"" :  ""201806""  ,  ""Freq"" :  9  }, 
  {  ""ww"" :  ""201502""  ,  ""Freq"" :  8  }, 
  {  ""ww"" :  ""201509""  ,  ""Freq"" :  8  }, 
  {  ""ww"" :  ""201707""  ,  ""Freq"" :  8  }, 
  {  ""ww"" :  ""201802""  ,  ""Freq"" :  8  }, 
  {  ""ww"" :  ""201503""  ,  ""Freq"" :  7  }, 
  {  ""ww"" :  ""201507""  ,  ""Freq"" :  7  }, 
  {  ""ww"" :  ""201604""  ,  ""Freq"" :  7  }, 
  {  ""ww"" :  ""201606""  ,  ""Freq"" :  7  }, 
  {  ""ww"" :  ""201702""  ,  ""Freq"" :  7  }, 
  {  ""ww"" :  ""201504""  ,  ""Freq"" :  6  }, 
  {  ""ww"" :  ""201601""  ,  ""Freq"" :  6  }, 
  {  ""ww"" :  ""201608""  ,  ""Freq"" :  6  }, 
  {  ""ww"" :  ""201710""  ,  ""Freq"" :  6  }, 
  {  ""ww"" :  ""201801""  ,  ""Freq"" :  6  }, 
  {  ""ww"" :  ""201803""  ,  ""Freq"" :  6  }, 
  {  ""ww"" :  ""201501""  ,  ""Freq"" :  5  }, 
  {  ""ww"" :  ""201511""  ,  ""Freq"" :  5  }, 
  {  ""ww"" :  ""201603""  ,  ""Freq"" :  5  }, 
  {  ""ww"" :  ""201610""  ,  ""Freq"" :  5  }, 
  {  ""ww"" :  ""201611""  ,  ""Freq"" :  5  }, 
  {  ""ww"" :  ""201703""  ,  ""Freq"" :  5  }, 
  {  ""ww"" :  ""201704""  ,  ""Freq"" :  5  }, 
  {  ""ww"" :  ""201705""  ,  ""Freq"" :  5  }, 
  {  ""ww"" :  ""201706""  ,  ""Freq"" :  5  }, 
  {  ""ww"" :  ""201811""  ,  ""Freq"" :  5  }, 
  {  ""ww"" :  ""201505""  ,  ""Freq"" :  4  }, 
  {  ""ww"" :  ""201602""  ,  ""Freq"" :  4  }, 
  {  ""ww"" :  ""201605""  ,  ""Freq"" :  4  }, 
  {  ""ww"" :  ""201607""  ,  ""Freq"" :  4  }, 
  {  ""ww"" :  ""201711""  ,  ""Freq"" :  4  }, 
  {  ""ww"" :  ""201807""  ,  ""Freq"" :  4  }, 
  {  ""ww"" :  ""201812""  ,  ""Freq"" :  4  }, 
  {  ""ww"" :  ""201508""  ,  ""Freq"" :  3  }, 
  {  ""ww"" :  ""201512""  ,  ""Freq"" :  3  }, 
  {  ""ww"" :  ""201712""  ,  ""Freq"" :  2  }, 
  {  ""ww"" :  ""201804""  ,  ""Freq"" :  2  }, 
  {  ""ww"" :  ""201809""  ,  ""Freq"" :  2  }
]",7,"","","","a7c33d79e2d1b70d5e13449694c75472"
"hour_ampm","","hour_ampm","","","hms","unknown","","","","","","02:38:00 ;; 
19:05:00 ;; 
05:51:00 ;; 
05:27:00 ;; 
08:07:00",FALSE,"c(""hms"", ""difftime"")","temporal","","","hour","","","","[ 
  {  ""STAT"" :  ""Rows""  ,  ""VAL"" :  ""300""  ,  ""PER"" :  """"  }, 
  {  ""STAT"" :  ""Distinct""  ,  ""VAL"" :  ""268""  ,  ""PER"" :  ""(89.3%)""  }
]","00:36:00 ;; 01:51:00 ;; 02:16:00 ;; 02:32:00 ;; 02:38:00 ;; 02:55:00 ;; 04:09:00 ;; 04:18:00 ;; 04:52:00 ;; 05:07:00 ;; 05:59:00 ;; 07:06:00 ;; 07:39:00 ;; 08:08:00 ;; 08:15:00 ;; 08:22:00 ;; 09:52:00 ;; 10:26:00 ;; 13:27:00 ;; 14:26:00 ;; 14:48:00 ;; 15:02:00 ;; 15:12:00 ;; 15:26:00 ;; 15:36:00 ;; 15:42:00 ;; 17:18:00 ;; 19:05:00 ;; 20:19:00 ;; 21:55:00 ;; 22:27:00 ;; 22:48:00 ;; 00:02:00 ;; 00:0","","[ 
  {  ""Value"" :  ""00 :  02 :  00""  ,  ""Count"" :  1  }, 
  {  ""Value"" :  ""00 :  07 :  00""  ,  ""Count"" :  1  }, 
  {  ""Value"" :  ""00 :  12 :  00""  ,  ""Count"" :  1  }, 
  {  ""Value"" :  ""00 :  13 :  00""  ,  ""Count"" :  1  }, 
  {  ""Value"" :  ""00 :  22 :  00""  ,  ""Count"" :  1  }, 
  {  ""Value"" :  ""00 :  23 :  00""  ,  ""Count"" :  1  }, 
  {  ""Value"" :  ""00 :  24 :  00""  ,  ""Count"" :  1  }, 
  {  ""Value"" :  ""00 :  29 :  00""  ,  ""Count"" :  1  }, 
  {  ""Value"" :  ""00 :  36 :  00""  ,  ""Count"" :  2  }, 
  {  ""Value"" :  ""00 :  38 :  00""  ,  ""Count"" :  1  }, 
  {  ""Value"" :  ""00 :  41 :  00""  ,  ""Count"" :  1  }, 
  {  ""Value"" :  ""00 :  51 :  00""  ,  ""Count"" :  1  }, 
  {  ""Value"" :  ""00 :  53 :  00""  ,  ""Count"" :  1  }, 
  {  ""Value"" :  ""01 :  00 :  00""  ,  ""Count"" :  1  }, 
  {  ""Value"" :  ""01 :  02 :  00""  ,  ""Count"" :  1  }, 
  {  ""Value"" :  ""01 :  04 :  00""  ,  ""Count"" :  1  }, 
  {  ""Value"" :  ""01 :  10 :  00""  ,  ""Count"" :  1  }, 
  {  ""Value"" :  ""01 :  11 :  00""  ,  ""Count"" :  1  }, 
  {  ""Value"" :  ""01 :  29 :  00""  ,  ""Count"" :  1  }, 
  {  ""Value"" :  ""01 :  32 :  00""  ,  ""Count"" :  1  }, 
  {  ""Value"" :  ""01 :  33 :  00""  ,  ""Count"" :  1  }, 
  {  ""Value"" :  ""01 :  36 :  00""  ,  ""Count"" :  1  }, 
  {  ""Value"" :  ""01 :  39 :  00""  ,  ""Count"" :  1  }, 
  {  ""Value"" :  ""01 :  41 :  00""  ,  ""Count"" :  1  }, 
  {  ""Value"" :  ""01 :  42 :  00""  ,  ""Count"" :  1  }, 
  {  ""Value"" :  ""01 :  51 :  00""  ,  ""Count"" :  2  }, 
  {  ""Value"" :  ""01 :  52 :  00""  ,  ""Count"" :  1  }, 
  {  ""Value"" :  ""02 :  02 :  00""  ,  ""Count"" :  1  }, 
  {  ""Value"" :  ""02 :  03 :  00""  ,  ""Count"" :  1  }, 
  {  ""Value"" :  ""02 :  04 :  00""  ,  ""Count"" :  1  }, 
  {  ""Value"" :  ""02 :  11 :  00""  ,  ""Count"" :  1  }, 
  {  ""Value"" :  ""02 :  14 :  00""  ,  ""Count"" :  1  }, 
  {  ""Value"" :  ""02 :  16 :  00""  ,  ""Count"" :  2  }, 
  {  ""Value"" :  ""02 :  25 :  00""  ,  ""Count"" :  1  }, 
  {  ""Value"" :  ""02 :  26 :  00""  ,  ""Count"" :  1  }, 
  {  ""Value"" :  ""02 :  27 :  00""  ,  ""Count"" :  1  }, 
  {  ""Value"" :  ""02 :  32 :  00""  ,  ""Count"" :  2  }, 
  {  ""Value"" :  ""02 :  38 :  00""  ,  ""Count"" :  2  }, 
  {  ""Value"" :  ""02 :  41 :  00""  ,  ""Count"" :  1  }, 
  {  ""Value"" :  ""02 :  55 :  00""  ,  ""Count"" :  2  }, 
  {  ""Value"" :  ""03 :  10 :  00""  ,  ""Count"" :  1  }, 
  {  ""Value"" :  ""03 :  18 :  00""  ,  ""Count"" :  1  }, 
  {  ""Value"" :  ""03 :  19 :  00""  ,  ""Count"" :  1  }, 
  {  ""Value"" :  ""03 :  26 :  00""  ,  ""Count"" :  1  }, 
  {  ""Value"" :  ""03 :  28 :  00""  ,  ""Count"" :  1  }, 
  {  ""Value"" :  ""03 :  32 :  00""  ,  ""Count"" :  1  }, 
  {  ""Value"" :  ""03 :  36 :  00""  ,  ""Count"" :  1  }, 
  {  ""Value"" :  ""03 :  38 :  00""  ,  ""Count"" :  1  }, 
  {  ""Value"" :  ""03 :  46 :  00""  ,  ""Count"" :  1  }, 
  {  ""Value"" :  ""03 :  50 :  00""  ,  ""Count"" :  1  }, 
  {  ""Value"" :  ""03 :  54 :  00""  ,  ""Count"" :  1  }, 
  {  ""Value"" :  ""03 :  55 :  00""  ,  ""Count"" :  1  }, 
  {  ""Value"" :  ""04 :  09 :  00""  ,  ""Count"" :  2  }, 
  {  ""Value"" :  ""04 :  13 :  00""  ,  ""Count"" :  1  }, 
  {  ""Value"" :  ""04 :  16 :  00""  ,  ""Count"" :  1  }, 
  {  ""Value"" :  ""04 :  18 :  00""  ,  ""Count"" :  2  }, 
  {  ""Value"" :  ""04 :  20 :  00""  ,  ""Count"" :  1  }, 
  {  ""Value"" :  ""04 :  42 :  00""  ,  ""Count"" :  1  }, 
  {  ""Value"" :  ""04 :  52 :  00""  ,  ""Count"" :  2  }, 
  {  ""Value"" :  ""04 :  55 :  00""  ,  ""Count"" :  1  }, 
  {  ""Value"" :  ""04 :  56 :  00""  ,  ""Count"" :  1  }, 
  {  ""Value"" :  ""04 :  59 :  00""  ,  ""Count"" :  1  }, 
  {  ""Value"" :  ""05 :  00 :  00""  ,  ""Count"" :  1  }, 
  {  ""Value"" :  ""05 :  07 :  00""  ,  ""Count"" :  2  }, 
  {  ""Value"" :  ""05 :  15 :  00""  ,  ""Count"" :  1  }, 
  {  ""Value"" :  ""05 :  16 :  00""  ,  ""Count"" :  1  }, 
  {  ""Value"" :  ""05 :  19 :  00""  ,  ""Count"" :  1  }, 
  {  ""Value"" :  ""05 :  27 :  00""  ,  ""Count"" :  1  }, 
  {  ""Value"" :  ""05 :  35 :  00""  ,  ""Count"" :  1  }, 
  {  ""Value"" :  ""05 :  37 :  00""  ,  ""Count"" :  1  }, 
  {  ""Value"" :  ""05 :  50 :  00""  ,  ""Count"" :  1  }, 
  {  ""Value"" :  ""05 :  51 :  00""  ,  ""Count"" :  1  }, 
  {  ""Value"" :  ""05 :  53 :  00""  ,  ""Count"" :  1  }, 
  {  ""Value"" :  ""05 :  57 :  00""  ,  ""Count"" :  1  }, 
  {  ""Value"" :  ""05 :  59 :  00""  ,  ""Count"" :  2  }, 
  {  ""Value"" :  ""06 :  02 :  00""  ,  ""Count"" :  1  }, 
  {  ""Value"" :  ""06 :  09 :  00""  ,  ""Count"" :  1  }, 
  {  ""Value"" :  ""06 :  13 :  00""  ,  ""Count"" :  1  }, 
  {  ""Value"" :  ""06 :  18 :  00""  ,  ""Count"" :  1  }, 
  {  ""Value"" :  ""06 :  25 :  00""  ,  ""Count"" :  1  }, 
  {  ""Value"" :  ""06 :  29 :  00""  ,  ""Count"" :  1  }, 
  {  ""Value"" :  ""06 :  43 :  00""  ,  ""Count"" :  1  }, 
  {  ""Value"" :  ""06 :  52 :  00""  ,  ""Count"" :  1  }, 
  {  ""Value"" :  ""06 :  54 :  00""  ,  ""Count"" :  1  }, 
  {  ""Value"" :  ""07 :  06 :  00""  ,  ""Count"" :  2  }, 
  {  ""Value"" :  ""07 :  09 :  00""  ,  ""Count"" :  1  }, 
  {  ""Value"" :  ""07 :  16 :  00""  ,  ""Count"" :  1  }, 
  {  ""Value"" :  ""07 :  19 :  00""  ,  ""Count"" :  1  }, 
  {  ""Value"" :  ""07 :  21 :  00""  ,  ""Count"" :  1  }, 
  {  ""Value"" :  ""07 :  39 :  00""  ,  ""Count"" :  2  }, 
  {  ""Value"" :  ""07 :  47 :  00""  ,  ""Count"" :  1  }, 
  {  ""Value"" :  ""07 :  52 :  00""  ,  ""Count"" :  1  }, 
  {  ""Value"" :  ""07 :  54 :  00""  ,  ""Count"" :  1  }, 
  {  ""Value"" :  ""08 :  05 :  00""  ,  ""Count"" :  1  }, 
  {  ""Value"" :  ""08 :  07 :  00""  ,  ""Count"" :  1  }, 
  {  ""Value"" :  ""08 :  08 :  00""  ,  ""Count"" :  2  }, 
  {  ""Value"" :  ""08 :  09 :  00""  ,  ""Count"" :  1  }, 
  {  ""Value"" :  ""08 :  15 :  00""  ,  ""Count"" :  2  }, 
  {  ""Value"" :  ""08 :  22 :  00""  ,  ""Count"" :  2  }, 
  {  ""Value"" :  ""08 :  32 :  00""  ,  ""Count"" :  1  }, 
  {  ""Value"" :  ""08 :  40 :  00""  ,  ""Count"" :  1  }, 
  {  ""Value"" :  ""08 :  49 :  00""  ,  ""Count"" :  1  }, 
  {  ""Value"" :  ""08 :  52 :  00""  ,  ""Count"" :  1  }, 
  {  ""Value"" :  ""09 :  06 :  00""  ,  ""Count"" :  1  }, 
  {  ""Value"" :  ""09 :  15 :  00""  ,  ""Count"" :  1  }, 
  {  ""Value"" :  ""09 :  36 :  00""  ,  ""Count"" :  1  }, 
  {  ""Value"" :  ""09 :  45 :  00""  ,  ""Count"" :  1  }, 
  {  ""Value"" :  ""09 :  48 :  00""  ,  ""Count"" :  1  }, 
  {  ""Value"" :  ""09 :  49 :  00""  ,  ""Count"" :  1  }, 
  {  ""Value"" :  ""09 :  52 :  00""  ,  ""Count"" :  2  }, 
  {  ""Value"" :  ""09 :  56 :  00""  ,  ""Count"" :  1  }, 
  {  ""Value"" :  ""10 :  12 :  00""  ,  ""Count"" :  1  }, 
  {  ""Value"" :  ""10 :  13 :  00""  ,  ""Count"" :  1  }, 
  {  ""Value"" :  ""10 :  18 :  00""  ,  ""Count"" :  1  }, 
  {  ""Value"" :  ""10 :  19 :  00""  ,  ""Count"" :  1  }, 
  {  ""Value"" :  ""10 :  22 :  00""  ,  ""Count"" :  1  }, 
  {  ""Value"" :  ""10 :  25 :  00""  ,  ""Count"" :  1  }, 
  {  ""Value"" :  ""10 :  26 :  00""  ,  ""Count"" :  2  }, 
  {  ""Value"" :  ""10 :  37 :  00""  ,  ""Count"" :  1  }, 
  {  ""Value"" :  ""10 :  45 :  00""  ,  ""Count"" :  1  }, 
  {  ""Value"" :  ""11 :  09 :  00""  ,  ""Count"" :  1  }, 
  {  ""Value"" :  ""11 :  17 :  00""  ,  ""Count"" :  1  }, 
  {  ""Value"" :  ""11 :  18 :  00""  ,  ""Count"" :  1  }, 
  {  ""Value"" :  ""11 :  32 :  00""  ,  ""Count"" :  1  }, 
  {  ""Value"" :  ""11 :  33 :  00""  ,  ""Count"" :  1  }, 
  {  ""Value"" :  ""11 :  37 :  00""  ,  ""Count"" :  1  }, 
  {  ""Value"" :  ""11 :  43 :  00""  ,  ""Count"" :  1  }, 
  {  ""Value"" :  ""12 :  06 :  00""  ,  ""Count"" :  1  }, 
  {  ""Value"" :  ""12 :  19 :  00""  ,  ""Count"" :  1  }, 
  {  ""Value"" :  ""12 :  23 :  00""  ,  ""Count"" :  1  }, 
  {  ""Value"" :  ""12 :  29 :  00""  ,  ""Count"" :  1  }, 
  {  ""Value"" :  ""12 :  35 :  00""  ,  ""Count"" :  1  }, 
  {  ""Value"" :  ""12 :  39 :  00""  ,  ""Count"" :  1  }, 
  {  ""Value"" :  ""12 :  49 :  00""  ,  ""Count"" :  1  }, 
  {  ""Value"" :  ""12 :  55 :  00""  ,  ""Count"" :  1  }, 
  {  ""Value"" :  ""12 :  57 :  00""  ,  ""Count"" :  1  }, 
  {  ""Value"" :  ""13 :  10 :  00""  ,  ""Count"" :  1  }, 
  {  ""Value"" :  ""13 :  15 :  00""  ,  ""Count"" :  1  }, 
  {  ""Value"" :  ""13 :  16 :  00""  ,  ""Count"" :  1  }, 
  {  ""Value"" :  ""13 :  20 :  00""  ,  ""Count"" :  1  }, 
  {  ""Value"" :  ""13 :  24 :  00""  ,  ""Count"" :  1  }, 
  {  ""Value"" :  ""13 :  27 :  00""  ,  ""Count"" :  2  }, 
  {  ""Value"" :  ""13 :  30 :  00""  ,  ""Count"" :  1  }, 
  {  ""Value"" :  ""13 :  32 :  00""  ,  ""Count"" :  1  }, 
  {  ""Value"" :  ""13 :  36 :  00""  ,  ""Count"" :  1  }, 
  {  ""Value"" :  ""13 :  37 :  00""  ,  ""Count"" :  1  }, 
  {  ""Value"" :  ""13 :  42 :  00""  ,  ""Count"" :  1  }, 
  {  ""Value"" :  ""13 :  43 :  00""  ,  ""Count"" :  1  }, 
  {  ""Value"" :  ""13 :  49 :  00""  ,  ""Count"" :  1  }, 
  {  ""Value"" :  ""13 :  56 :  00""  ,  ""Count"" :  1  }, 
  {  ""Value"" :  ""13 :  59 :  00""  ,  ""Count"" :  1  }, 
  {  ""Value"" :  ""14 :  06 :  00""  ,  ""Count"" :  1  }, 
  {  ""Value"" :  ""14 :  07 :  00""  ,  ""Count"" :  1  }, 
  {  ""Value"" :  ""14 :  13 :  00""  ,  ""Count"" :  1  }, 
  {  ""Value"" :  ""14 :  15 :  00""  ,  ""Count"" :  1  }, 
  {  ""Value"" :  ""14 :  17 :  00""  ,  ""Count"" :  1  }, 
  {  ""Value"" :  ""14 :  22 :  00""  ,  ""Count"" :  1  }, 
  {  ""Value"" :  ""14 :  26 :  00""  ,  ""Count"" :  2  }, 
  {  ""Value"" :  ""14 :  30 :  00""  ,  ""Count"" :  1  }, 
  {  ""Value"" :  ""14 :  32 :  00""  ,  ""Count"" :  1  }, 
  {  ""Value"" :  ""14 :  33 :  00""  ,  ""Count"" :  1  }, 
  {  ""Value"" :  ""14 :  48 :  00""  ,  ""Count"" :  2  }, 
  {  ""Value"" :  ""14 :  49 :  00""  ,  ""Count"" :  1  }, 
  {  ""Value"" :  ""14 :  53 :  00""  ,  ""Count"" :  1  }, 
  {  ""Value"" :  ""15 :  02 :  00""  ,  ""Count"" :  2  }, 
  {  ""Value"" :  ""15 :  09 :  00""  ,  ""Count"" :  1  }, 
  {  ""Value"" :  ""15 :  12 :  00""  ,  ""Count"" :  2  }, 
  {  ""Value"" :  ""15 :  26 :  00""  ,  ""Count"" :  2  }, 
  {  ""Value"" :  ""15 :  32 :  00""  ,  ""Count"" :  1  }, 
  {  ""Value"" :  ""15 :  33 :  00""  ,  ""Count"" :  1  }, 
  {  ""Value"" :  ""15 :  36 :  00""  ,  ""Count"" :  2  }, 
  {  ""Value"" :  ""15 :  39 :  00""  ,  ""Count"" :  1  }, 
  {  ""Value"" :  ""15 :  42 :  00""  ,  ""Count"" :  2  }, 
  {  ""Value"" :  ""15 :  47 :  00""  ,  ""Count"" :  1  }, 
  {  ""Value"" :  ""15 :  54 :  00""  ,  ""Count"" :  1  }, 
  {  ""Value"" :  ""15 :  56 :  00""  ,  ""Count"" :  1  }, 
  {  ""Value"" :  ""16 :  07 :  00""  ,  ""Count"" :  1  }, 
  {  ""Value"" :  ""16 :  08 :  00""  ,  ""Count"" :  1  }, 
  {  ""Value"" :  ""16 :  15 :  00""  ,  ""Count"" :  1  }, 
  {  ""Value"" :  ""16 :  23 :  00""  ,  ""Count"" :  1  }, 
  {  ""Value"" :  ""16 :  30 :  00""  ,  ""Count"" :  1  }, 
  {  ""Value"" :  ""16 :  32 :  00""  ,  ""Count"" :  1  }, 
  {  ""Value"" :  ""16 :  33 :  00""  ,  ""Count"" :  1  }, 
  {  ""Value"" :  ""16 :  41 :  00""  ,  ""Count"" :  1  }, 
  {  ""Value"" :  ""16 :  43 :  00""  ,  ""Count"" :  1  }, 
  {  ""Value"" :  ""16 :  44 :  00""  ,  ""Count"" :  1  }, 
  {  ""Value"" :  ""16 :  45 :  00""  ,  ""Count"" :  1  }, 
  {  ""Value"" :  ""16 :  53 :  00""  ,  ""Count"" :  1  }, 
  {  ""Value"" :  ""17 :  02 :  00""  ,  ""Count"" :  1  }, 
  {  ""Value"" :  ""17 :  10 :  00""  ,  ""Count"" :  1  }, 
  {  ""Value"" :  ""17 :  18 :  00""  ,  ""Count"" :  2  }, 
  {  ""Value"" :  ""17 :  22 :  00""  ,  ""Count"" :  1  }, 
  {  ""Value"" :  ""17 :  32 :  00""  ,  ""Count"" :  1  }, 
  {  ""Value"" :  ""17 :  50 :  00""  ,  ""Count"" :  1  }, 
  {  ""Value"" :  ""18 :  01 :  00""  ,  ""Count"" :  1  }, 
  {  ""Value"" :  ""18 :  05 :  00""  ,  ""Count"" :  1  }, 
  {  ""Value"" :  ""18 :  20 :  00""  ,  ""Count"" :  1  }, 
  {  ""Value"" :  ""18 :  30 :  00""  ,  ""Count"" :  1  }, 
  {  ""Value"" :  ""18 :  33 :  00""  ,  ""Count"" :  1  }, 
  {  ""Value"" :  ""18 :  37 :  00""  ,  ""Count"" :  1  }, 
  {  ""Value"" :  ""19 :  04 :  00""  ,  ""Count"" :  1  }, 
  {  ""Value"" :  ""19 :  05 :  00""  ,  ""Count"" :  2  }, 
  {  ""Value"" :  ""19 :  15 :  00""  ,  ""Count"" :  1  }, 
  {  ""Value"" :  ""19 :  16 :  00""  ,  ""Count"" :  1  }, 
  {  ""Value"" :  ""19 :  23 :  00""  ,  ""Count"" :  1  }, 
  {  ""Value"" :  ""19 :  25 :  00""  ,  ""Count"" :  1  }, 
  {  ""Value"" :  ""19 :  29 :  00""  ,  ""Count"" :  1  }, 
  {  ""Value"" :  ""19 :  34 :  00""  ,  ""Count"" :  1  }, 
  {  ""Value"" :  ""19 :  41 :  00""  ,  ""Count"" :  1  }, 
  {  ""Value"" :  ""19 :  49 :  00""  ,  ""Count"" :  1  }, 
  {  ""Value"" :  ""20 :  00 :  00""  ,  ""Count"" :  1  }, 
  {  ""Value"" :  ""20 :  01 :  00""  ,  ""Count"" :  1  }, 
  {  ""Value"" :  ""20 :  09 :  00""  ,  ""Count"" :  1  }, 
  {  ""Value"" :  ""20 :  14 :  00""  ,  ""Count"" :  1  }, 
  {  ""Value"" :  ""20 :  18 :  00""  ,  ""Count"" :  1  }, 
  {  ""Value"" :  ""20 :  19 :  00""  ,  ""Count"" :  2  }, 
  {  ""Value"" :  ""20 :  21 :  00""  ,  ""Count"" :  1  }, 
  {  ""Value"" :  ""20 :  30 :  00""  ,  ""Count"" :  1  }, 
  {  ""Value"" :  ""20 :  42 :  00""  ,  ""Count"" :  1  }, 
  {  ""Value"" :  ""20 :  44 :  00""  ,  ""Count"" :  1  }, 
  {  ""Value"" :  ""20 :  46 :  00""  ,  ""Count"" :  1  }, 
  {  ""Value"" :  ""20 :  49 :  00""  ,  ""Count"" :  1  }, 
  {  ""Value"" :  ""20 :  53 :  00""  ,  ""Count"" :  1  }, 
  {  ""Value"" :  ""20 :  57 :  00""  ,  ""Count"" :  1  }, 
  {  ""Value"" :  ""20 :  58 :  00""  ,  ""Count"" :  1  }, 
  {  ""Value"" :  ""21 :  08 :  00""  ,  ""Count"" :  1  }, 
  {  ""Value"" :  ""21 :  09 :  00""  ,  ""Count"" :  1  }, 
  {  ""Value"" :  ""21 :  16 :  00""  ,  ""Count"" :  1  }, 
  {  ""Value"" :  ""21 :  22 :  00""  ,  ""Count"" :  1  }, 
  {  ""Value"" :  ""21 :  36 :  00""  ,  ""Count"" :  1  }, 
  {  ""Value"" :  ""21 :  38 :  00""  ,  ""Count"" :  1  }, 
  {  ""Value"" :  ""21 :  42 :  00""  ,  ""Count"" :  1  }, 
  {  ""Value"" :  ""21 :  43 :  00""  ,  ""Count"" :  1  }, 
  {  ""Value"" :  ""21 :  50 :  00""  ,  ""Count"" :  1  }, 
  {  ""Value"" :  ""21 :  52 :  00""  ,  ""Count"" :  1  }, 
  {  ""Value"" :  ""21 :  53 :  00""  ,  ""Count"" :  1  }, 
  {  ""Value"" :  ""21 :  55 :  00""  ,  ""Count"" :  2  }, 
  {  ""Value"" :  ""21 :  56 :  00""  ,  ""Count"" :  1  }, 
  {  ""Value"" :  ""22 :  05 :  00""  ,  ""Count"" :  1  }, 
  {  ""Value"" :  ""22 :  17 :  00""  ,  ""Count"" :  1  }, 
  {  ""Value"" :  ""22 :  26 :  00""  ,  ""Count"" :  1  }, 
  {  ""Value"" :  ""22 :  27 :  00""  ,  ""Count"" :  2  }, 
  {  ""Value"" :  ""22 :  33 :  00""  ,  ""Count"" :  1  }, 
  {  ""Value"" :  ""22 :  34 :  00""  ,  ""Count"" :  1  }, 
  {  ""Value"" :  ""22 :  42 :  00""  ,  ""Count"" :  1  }, 
  {  ""Value"" :  ""22 :  48 :  00""  ,  ""Count"" :  2  }, 
  {  ""Value"" :  ""22 :  50 :  00""  ,  ""Count"" :  1  }, 
  {  ""Value"" :  ""22 :  51 :  00""  ,  ""Count"" :  1  }, 
  {  ""Value"" :  ""22 :  53 :  00""  ,  ""Count"" :  1  }, 
  {  ""Value"" :  ""22 :  56 :  00""  ,  ""Count"" :  1  }, 
  {  ""Value"" :  ""22 :  57 :  00""  ,  ""Count"" :  1  }, 
  {  ""Value"" :  ""22 :  59 :  00""  ,  ""Count"" :  1  }, 
  {  ""Value"" :  ""23 :  00 :  00""  ,  ""Count"" :  1  }, 
  {  ""Value"" :  ""23 :  07 :  00""  ,  ""Count"" :  1  }, 
  {  ""Value"" :  ""23 :  18 :  00""  ,  ""Count"" :  1  }, 
  {  ""Value"" :  ""23 :  21 :  00""  ,  ""Count"" :  1  }, 
  {  ""Value"" :  ""23 :  22 :  00""  ,  ""Count"" :  1  }, 
  {  ""Value"" :  ""23 :  26 :  00""  ,  ""Count"" :  1  }, 
  {  ""Value"" :  ""23 :  29 :  00""  ,  ""Count"" :  1  }, 
  {  ""Value"" :  ""23 :  33 :  00""  ,  ""Count"" :  1  }, 
  {  ""Value"" :  ""23 :  35 :  00""  ,  ""Count"" :  1  }, 
  {  ""Value"" :  ""23 :  37 :  00""  ,  ""Count"" :  1  }, 
  {  ""Value"" :  ""23 :  44 :  00""  ,  ""Count"" :  1  }, 
  {  ""Value"" :  ""23 :  46 :  00""  ,  ""Count"" :  1  }, 
  {  ""Value"" :  ""23 :  47 :  00""  ,  ""Count"" :  1  }, 
  {  ""Value"" :  ""23 :  53 :  00""  ,  ""Count"" :  1  }, 
  {  ""Value"" :  ""23 :  54 :  00""  ,  ""Count"" :  1  }, 
  {  ""Value"" :  ""23 :  59 :  00""  ,  ""Count"" :  1  }
]",8,"","","","f88066944d0869466e92833c25c4afc1"
"event_ts","","event_ts","","","character","string","","","","","","2016-07-14 22:20:... ;; 
2015-11-17 03:39:... ;; 
2018-03-22 01:05:... ;; 
2018-01-02 13:17:... ;; 
2018-06-05 00:04:...",FALSE,"character","temporal","","","date","","","","[ 
  {  ""STAT"" :  ""Rows""  ,  ""VAL"" :  ""300""  ,  ""PER"" :  """"  }, 
  {  ""STAT"" :  ""Distinct""  ,  ""VAL"" :  ""300""  ,  ""PER"" :  ""(100.0%)""  }
]","2015-01-02 11:02:24 MST ;; 2015-01-16 17:17:50 MST ;; 2015-01-24 01:18:30 MST ;; 2015-01-24 10:05:07 MST ;; 2015-01-25 14:20:16 MST ;; 2015-02-02 14:48:47 MST ;; 2015-02-06 01:48:49 MST ;; 2015-02-09 15:18:51 MST ;; 2015-02-10 15:17:20 MST ;; 2015-02-11 04:55:08 MST ;; 2015-02-15 16:03:00 MST ;; 2015-02-18 05:56:45 MST ;; 2015-02-18 10:06:58 MST ;; 2015-03-01 05:10:44 MST ;; 2015-03-03 01:43:26 MS","","[ 
  {  ""Value"" :  ""2015-01-02 11 :  02 :  24 MST""  ,  ""Count"" :  1  }, 
  {  ""Value"" :  ""2015-01-16 17 :  17 :  50 MST""  ,  ""Count"" :  1  }, 
  {  ""Value"" :  ""2015-01-24 01 :  18 :  30 MST""  ,  ""Count"" :  1  }, 
  {  ""Value"" :  ""2015-01-24 10 :  05 :  07 MST""  ,  ""Count"" :  1  }, 
  {  ""Value"" :  ""2015-01-25 14 :  20 :  16 MST""  ,  ""Count"" :  1  }, 
  {  ""Value"" :  ""2015-02-02 14 :  48 :  47 MST""  ,  ""Count"" :  1  }, 
  {  ""Value"" :  ""2015-02-06 01 :  48 :  49 MST""  ,  ""Count"" :  1  }, 
  {  ""Value"" :  ""2015-02-09 15 :  18 :  51 MST""  ,  ""Count"" :  1  }, 
  {  ""Value"" :  ""2015-02-10 15 :  17 :  20 MST""  ,  ""Count"" :  1  }, 
  {  ""Value"" :  ""2015-02-11 04 :  55 :  08 MST""  ,  ""Count"" :  1  }, 
  {  ""Value"" :  ""2015-02-15 16 :  03 :  00 MST""  ,  ""Count"" :  1  }, 
  {  ""Value"" :  ""2015-02-18 05 :  56 :  45 MST""  ,  ""Count"" :  1  }, 
  {  ""Value"" :  ""2015-02-18 10 :  06 :  58 MST""  ,  ""Count"" :  1  }, 
  {  ""Value"" :  ""2015-03-01 05 :  10 :  44 MST""  ,  ""Count"" :  1  }, 
  {  ""Value"" :  ""2015-03-03 01 :  43 :  26 MST""  ,  ""Count"" :  1  }, 
  {  ""Value"" :  ""2015-03-17 14 :  50 :  45 MST""  ,  ""Count"" :  1  }, 
  {  ""Value"" :  ""2015-03-19 11 :  28 :  18 MST""  ,  ""Count"" :  1  }, 
  {  ""Value"" :  ""2015-03-23 22 :  52 :  06 MST""  ,  ""Count"" :  1  }, 
  {  ""Value"" :  ""2015-03-25 02 :  04 :  29 MST""  ,  ""Count"" :  1  }, 
  {  ""Value"" :  ""2015-03-29 16 :  23 :  27 MST""  ,  ""Count"" :  1  }, 
  {  ""Value"" :  ""2015-04-01 15 :  59 :  51 MST""  ,  ""Count"" :  1  }, 
  {  ""Value"" :  ""2015-04-10 14 :  56 :  46 MST""  ,  ""Count"" :  1  }, 
  {  ""Value"" :  ""2015-04-13 13 :  21 :  31 MST""  ,  ""Count"" :  1  }, 
  {  ""Value"" :  ""2015-04-17 04 :  42 :  37 MST""  ,  ""Count"" :  1  }, 
  {  ""Value"" :  ""2015-04-19 10 :  36 :  22 MST""  ,  ""Count"" :  1  }, 
  {  ""Value"" :  ""2015-04-25 02 :  33 :  47 MST""  ,  ""Count"" :  1  }, 
  {  ""Value"" :  ""2015-05-10 05 :  34 :  28 MST""  ,  ""Count"" :  1  }, 
  {  ""Value"" :  ""2015-05-26 07 :  38 :  10 MST""  ,  ""Count"" :  1  }, 
  {  ""Value"" :  ""2015-05-28 06 :  01 :  37 MST""  ,  ""Count"" :  1  }, 
  {  ""Value"" :  ""2015-05-29 01 :  55 :  42 MST""  ,  ""Count"" :  1  }, 
  {  ""Value"" :  ""2015-06-02 10 :  34 :  37 MST""  ,  ""Count"" :  1  }, 
  {  ""Value"" :  ""2015-06-05 04 :  32 :  37 MST""  ,  ""Count"" :  1  }, 
  {  ""Value"" :  ""2015-06-11 17 :  11 :  09 MST""  ,  ""Count"" :  1  }, 
  {  ""Value"" :  ""2015-06-12 10 :  59 :  02 MST""  ,  ""Count"" :  1  }, 
  {  ""Value"" :  ""2015-06-14 01 :  15 :  12 MST""  ,  ""Count"" :  1  }, 
  {  ""Value"" :  ""2015-06-18 17 :  00 :  47 MST""  ,  ""Count"" :  1  }, 
  {  ""Value"" :  ""2015-06-19 18 :  39 :  36 MST""  ,  ""Count"" :  1  }, 
  {  ""Value"" :  ""2015-06-20 10 :  00 :  45 MST""  ,  ""Count"" :  1  }, 
  {  ""Value"" :  ""2015-06-30 22 :  00 :  56 MST""  ,  ""Count"" :  1  }, 
  {  ""Value"" :  ""2015-07-01 14 :  45 :  53 MST""  ,  ""Count"" :  1  }, 
  {  ""Value"" :  ""2015-07-07 23 :  37 :  59 MST""  ,  ""Count"" :  1  }, 
  {  ""Value"" :  ""2015-07-08 11 :  17 :  51 MST""  ,  ""Count"" :  1  }, 
  {  ""Value"" :  ""2015-07-16 17 :  58 :  38 MST""  ,  ""Count"" :  1  }, 
  {  ""Value"" :  ""2015-07-20 15 :  33 :  17 MST""  ,  ""Count"" :  1  }, 
  {  ""Value"" :  ""2015-07-25 16 :  49 :  24 MST""  ,  ""Count"" :  1  }, 
  {  ""Value"" :  ""2015-07-31 20 :  37 :  14 MST""  ,  ""Count"" :  1  }, 
  {  ""Value"" :  ""2015-08-13 20 :  24 :  56 MST""  ,  ""Count"" :  1  }, 
  {  ""Value"" :  ""2015-08-14 14 :  04 :  06 MST""  ,  ""Count"" :  1  }, 
  {  ""Value"" :  ""2015-08-28 13 :  40 :  56 MST""  ,  ""Count"" :  1  }, 
  {  ""Value"" :  ""2015-09-07 12 :  27 :  10 MST""  ,  ""Count"" :  1  }, 
  {  ""Value"" :  ""2015-09-11 18 :  05 :  27 MST""  ,  ""Count"" :  1  }, 
  {  ""Value"" :  ""2015-09-16 09 :  02 :  42 MST""  ,  ""Count"" :  1  }, 
  {  ""Value"" :  ""2015-09-19 10 :  05 :  22 MST""  ,  ""Count"" :  1  }, 
  {  ""Value"" :  ""2015-09-19 21 :  43 :  00 MST""  ,  ""Count"" :  1  }, 
  {  ""Value"" :  ""2015-09-25 03 :  35 :  31 MST""  ,  ""Count"" :  1  }, 
  {  ""Value"" :  ""2015-09-25 09 :  59 :  36 MST""  ,  ""Count"" :  1  }, 
  {  ""Value"" :  ""2015-09-26 08 :  27 :  05 MST""  ,  ""Count"" :  1  }, 
  {  ""Value"" :  ""2015-10-01 23 :  33 :  24 MST""  ,  ""Count"" :  1  }, 
  {  ""Value"" :  ""2015-10-07 09 :  14 :  56 MST""  ,  ""Count"" :  1  }, 
  {  ""Value"" :  ""2015-10-15 15 :  47 :  10 MST""  ,  ""Count"" :  1  }, 
  {  ""Value"" :  ""2015-10-19 07 :  42 :  54 MST""  ,  ""Count"" :  1  }, 
  {  ""Value"" :  ""2015-10-21 08 :  20 :  01 MST""  ,  ""Count"" :  1  }, 
  {  ""Value"" :  ""2015-10-23 00 :  18 :  38 MST""  ,  ""Count"" :  1  }, 
  {  ""Value"" :  ""2015-10-25 04 :  20 :  24 MST""  ,  ""Count"" :  1  }, 
  {  ""Value"" :  ""2015-10-26 01 :  24 :  17 MST""  ,  ""Count"" :  1  }, 
  {  ""Value"" :  ""2015-10-26 06 :  53 :  24 MST""  ,  ""Count"" :  1  }, 
  {  ""Value"" :  ""2015-11-07 07 :  33 :  23 MST""  ,  ""Count"" :  1  }, 
  {  ""Value"" :  ""2015-11-10 22 :  44 :  20 MST""  ,  ""Count"" :  1  }, 
  {  ""Value"" :  ""2015-11-13 18 :  59 :  46 MST""  ,  ""Count"" :  1  }, 
  {  ""Value"" :  ""2015-11-17 03 :  39 :  53 MST""  ,  ""Count"" :  1  }, 
  {  ""Value"" :  ""2015-11-21 11 :  27 :  27 MST""  ,  ""Count"" :  1  }, 
  {  ""Value"" :  ""2015-12-03 09 :  21 :  24 MST""  ,  ""Count"" :  1  }, 
  {  ""Value"" :  ""2015-12-14 22 :  46 :  11 MST""  ,  ""Count"" :  1  }, 
  {  ""Value"" :  ""2015-12-22 14 :  51 :  28 MST""  ,  ""Count"" :  1  }, 
  {  ""Value"" :  ""2016-01-04 11 :  00 :  16 MST""  ,  ""Count"" :  1  }, 
  {  ""Value"" :  ""2016-01-09 15 :  26 :  36 MST""  ,  ""Count"" :  1  }, 
  {  ""Value"" :  ""2016-01-11 23 :  22 :  05 MST""  ,  ""Count"" :  1  }, 
  {  ""Value"" :  ""2016-01-12 09 :  14 :  53 MST""  ,  ""Count"" :  1  }, 
  {  ""Value"" :  ""2016-01-25 20 :  56 :  38 MST""  ,  ""Count"" :  1  }, 
  {  ""Value"" :  ""2016-01-26 16 :  56 :  39 MST""  ,  ""Count"" :  1  }, 
  {  ""Value"" :  ""2016-02-02 00 :  27 :  39 MST""  ,  ""Count"" :  1  }, 
  {  ""Value"" :  ""2016-02-06 20 :  29 :  05 MST""  ,  ""Count"" :  1  }, 
  {  ""Value"" :  ""2016-02-10 15 :  59 :  14 MST""  ,  ""Count"" :  1  }, 
  {  ""Value"" :  ""2016-02-14 13 :  52 :  09 MST""  ,  ""Count"" :  1  }, 
  {  ""Value"" :  ""2016-03-01 03 :  07 :  10 MST""  ,  ""Count"" :  1  }, 
  {  ""Value"" :  ""2016-03-02 02 :  35 :  32 MST""  ,  ""Count"" :  1  }, 
  {  ""Value"" :  ""2016-03-13 08 :  14 :  20 MST""  ,  ""Count"" :  1  }, 
  {  ""Value"" :  ""2016-03-17 21 :  14 :  07 MST""  ,  ""Count"" :  1  }, 
  {  ""Value"" :  ""2016-03-19 01 :  26 :  30 MST""  ,  ""Count"" :  1  }, 
  {  ""Value"" :  ""2016-04-01 12 :  00 :  07 MST""  ,  ""Count"" :  1  }, 
  {  ""Value"" :  ""2016-04-07 18 :  27 :  00 MST""  ,  ""Count"" :  1  }, 
  {  ""Value"" :  ""2016-04-08 16 :  22 :  07 MST""  ,  ""Count"" :  1  }, 
  {  ""Value"" :  ""2016-04-15 04 :  36 :  54 MST""  ,  ""Count"" :  1  }, 
  {  ""Value"" :  ""2016-04-18 03 :  42 :  04 MST""  ,  ""Count"" :  1  }, 
  {  ""Value"" :  ""2016-04-25 01 :  45 :  46 MST""  ,  ""Count"" :  1  }, 
  {  ""Value"" :  ""2016-04-27 17 :  39 :  25 MST""  ,  ""Count"" :  1  }, 
  {  ""Value"" :  ""2016-05-03 17 :  27 :  56 MST""  ,  ""Count"" :  1  }, 
  {  ""Value"" :  ""2016-05-18 00 :  55 :  11 MST""  ,  ""Count"" :  1  }, 
  {  ""Value"" :  ""2016-05-26 04 :  51 :  18 MST""  ,  ""Count"" :  1  }, 
  {  ""Value"" :  ""2016-05-31 01 :  40 :  25 MST""  ,  ""Count"" :  1  }, 
  {  ""Value"" :  ""2016-06-09 03 :  37 :  16 MST""  ,  ""Count"" :  1  }, 
  {  ""Value"" :  ""2016-06-09 08 :  14 :  43 MST""  ,  ""Count"" :  1  }, 
  {  ""Value"" :  ""2016-06-20 22 :  28 :  03 MST""  ,  ""Count"" :  1  }, 
  {  ""Value"" :  ""2016-06-22 02 :  22 :  07 MST""  ,  ""Count"" :  1  }, 
  {  ""Value"" :  ""2016-06-23 21 :  27 :  02 MST""  ,  ""Count"" :  1  }, 
  {  ""Value"" :  ""2016-06-25 07 :  03 :  26 MST""  ,  ""Count"" :  1  }, 
  {  ""Value"" :  ""2016-06-29 03 :  50 :  38 MST""  ,  ""Count"" :  1  }, 
  {  ""Value"" :  ""2016-07-03 21 :  40 :  24 MST""  ,  ""Count"" :  1  }, 
  {  ""Value"" :  ""2016-07-14 05 :  38 :  32 MST""  ,  ""Count"" :  1  }, 
  {  ""Value"" :  ""2016-07-14 22 :  20 :  37 MST""  ,  ""Count"" :  1  }, 
  {  ""Value"" :  ""2016-07-26 14 :  05 :  42 MST""  ,  ""Count"" :  1  }, 
  {  ""Value"" :  ""2016-08-06 15 :  25 :  10 MST""  ,  ""Count"" :  1  }, 
  {  ""Value"" :  ""2016-08-23 02 :  08 :  58 MST""  ,  ""Count"" :  1  }, 
  {  ""Value"" :  ""2016-08-27 04 :  45 :  00 MST""  ,  ""Count"" :  1  }, 
  {  ""Value"" :  ""2016-08-27 11 :  16 :  38 MST""  ,  ""Count"" :  1  }, 
  {  ""Value"" :  ""2016-08-28 06 :  14 :  16 MST""  ,  ""Count"" :  1  }, 
  {  ""Value"" :  ""2016-08-29 21 :  37 :  53 MST""  ,  ""Count"" :  1  }, 
  {  ""Value"" :  ""2016-09-12 04 :  34 :  58 MST""  ,  ""Count"" :  1  }, 
  {  ""Value"" :  ""2016-09-13 11 :  25 :  38 MST""  ,  ""Count"" :  1  }, 
  {  ""Value"" :  ""2016-09-14 11 :  03 :  00 MST""  ,  ""Count"" :  1  }, 
  {  ""Value"" :  ""2016-09-16 23 :  13 :  44 MST""  ,  ""Count"" :  1  }, 
  {  ""Value"" :  ""2016-09-17 12 :  33 :  01 MST""  ,  ""Count"" :  1  }, 
  {  ""Value"" :  ""2016-09-21 20 :  14 :  57 MST""  ,  ""Count"" :  1  }, 
  {  ""Value"" :  ""2016-09-25 17 :  43 :  15 MST""  ,  ""Count"" :  1  }, 
  {  ""Value"" :  ""2016-09-27 17 :  01 :  09 MST""  ,  ""Count"" :  1  }, 
  {  ""Value"" :  ""2016-09-29 18 :  37 :  08 MST""  ,  ""Count"" :  1  }, 
  {  ""Value"" :  ""2016-10-01 16 :  26 :  04 MST""  ,  ""Count"" :  1  }, 
  {  ""Value"" :  ""2016-10-06 12 :  36 :  38 MST""  ,  ""Count"" :  1  }, 
  {  ""Value"" :  ""2016-10-11 03 :  11 :  53 MST""  ,  ""Count"" :  1  }, 
  {  ""Value"" :  ""2016-10-25 20 :  18 :  45 MST""  ,  ""Count"" :  1  }, 
  {  ""Value"" :  ""2016-10-31 21 :  32 :  29 MST""  ,  ""Count"" :  1  }, 
  {  ""Value"" :  ""2016-11-01 02 :  05 :  55 MST""  ,  ""Count"" :  1  }, 
  {  ""Value"" :  ""2016-11-07 20 :  40 :  35 MST""  ,  ""Count"" :  1  }, 
  {  ""Value"" :  ""2016-11-24 22 :  34 :  17 MST""  ,  ""Count"" :  1  }, 
  {  ""Value"" :  ""2016-11-28 19 :  54 :  42 MST""  ,  ""Count"" :  1  }, 
  {  ""Value"" :  ""2016-11-29 06 :  46 :  38 MST""  ,  ""Count"" :  1  }, 
  {  ""Value"" :  ""2016-12-03 22 :  01 :  09 MST""  ,  ""Count"" :  1  }, 
  {  ""Value"" :  ""2016-12-05 22 :  33 :  01 MST""  ,  ""Count"" :  1  }, 
  {  ""Value"" :  ""2016-12-06 18 :  03 :  14 MST""  ,  ""Count"" :  1  }, 
  {  ""Value"" :  ""2016-12-06 21 :  30 :  25 MST""  ,  ""Count"" :  1  }, 
  {  ""Value"" :  ""2016-12-15 20 :  08 :  40 MST""  ,  ""Count"" :  1  }, 
  {  ""Value"" :  ""2016-12-19 11 :  46 :  06 MST""  ,  ""Count"" :  1  }, 
  {  ""Value"" :  ""2016-12-20 06 :  49 :  25 MST""  ,  ""Count"" :  1  }, 
  {  ""Value"" :  ""2016-12-20 11 :  38 :  48 MST""  ,  ""Count"" :  1  }, 
  {  ""Value"" :  ""2016-12-27 03 :  25 :  32 MST""  ,  ""Count"" :  1  }, 
  {  ""Value"" :  ""2017-01-01 00 :  26 :  49 MST""  ,  ""Count"" :  1  }, 
  {  ""Value"" :  ""2017-01-01 05 :  34 :  22 MST""  ,  ""Count"" :  1  }, 
  {  ""Value"" :  ""2017-01-02 23 :  51 :  17 MST""  ,  ""Count"" :  1  }, 
  {  ""Value"" :  ""2017-01-10 11 :  36 :  51 MST""  ,  ""Count"" :  1  }, 
  {  ""Value"" :  ""2017-01-20 04 :  24 :  47 MST""  ,  ""Count"" :  1  }, 
  {  ""Value"" :  ""2017-01-23 13 :  50 :  24 MST""  ,  ""Count"" :  1  }, 
  {  ""Value"" :  ""2017-01-25 10 :  21 :  28 MST""  ,  ""Count"" :  1  }, 
  {  ""Value"" :  ""2017-01-27 11 :  53 :  55 MST""  ,  ""Count"" :  1  }, 
  {  ""Value"" :  ""2017-01-29 20 :  26 :  32 MST""  ,  ""Count"" :  1  }, 
  {  ""Value"" :  ""2017-01-31 13 :  00 :  27 MST""  ,  ""Count"" :  1  }, 
  {  ""Value"" :  ""2017-02-02 23 :  55 :  11 MST""  ,  ""Count"" :  1  }, 
  {  ""Value"" :  ""2017-02-08 05 :  13 :  32 MST""  ,  ""Count"" :  1  }, 
  {  ""Value"" :  ""2017-02-09 20 :  45 :  46 MST""  ,  ""Count"" :  1  }, 
  {  ""Value"" :  ""2017-02-11 15 :  57 :  11 MST""  ,  ""Count"" :  1  }, 
  {  ""Value"" :  ""2017-02-12 01 :  44 :  14 MST""  ,  ""Count"" :  1  }, 
  {  ""Value"" :  ""2017-02-19 07 :  03 :  21 MST""  ,  ""Count"" :  1  }, 
  {  ""Value"" :  ""2017-02-21 08 :  04 :  01 MST""  ,  ""Count"" :  1  }, 
  {  ""Value"" :  ""2017-03-06 15 :  21 :  00 MST""  ,  ""Count"" :  1  }, 
  {  ""Value"" :  ""2017-03-09 13 :  03 :  04 MST""  ,  ""Count"" :  1  }, 
  {  ""Value"" :  ""2017-03-21 21 :  55 :  35 MST""  ,  ""Count"" :  1  }, 
  {  ""Value"" :  ""2017-03-29 23 :  14 :  44 MST""  ,  ""Count"" :  1  }, 
  {  ""Value"" :  ""2017-03-31 19 :  39 :  28 MST""  ,  ""Count"" :  1  }, 
  {  ""Value"" :  ""2017-04-03 04 :  28 :  48 MST""  ,  ""Count"" :  1  }, 
  {  ""Value"" :  ""2017-04-15 23 :  15 :  32 MST""  ,  ""Count"" :  1  }, 
  {  ""Value"" :  ""2017-04-28 23 :  06 :  01 MST""  ,  ""Count"" :  1  }, 
  {  ""Value"" :  ""2017-04-29 10 :  27 :  59 MST""  ,  ""Count"" :  1  }, 
  {  ""Value"" :  ""2017-04-30 12 :  28 :  49 MST""  ,  ""Count"" :  1  }, 
  {  ""Value"" :  ""2017-05-08 19 :  39 :  33 MST""  ,  ""Count"" :  1  }, 
  {  ""Value"" :  ""2017-05-09 09 :  33 :  41 MST""  ,  ""Count"" :  1  }, 
  {  ""Value"" :  ""2017-05-11 13 :  40 :  25 MST""  ,  ""Count"" :  1  }, 
  {  ""Value"" :  ""2017-05-17 15 :  35 :  22 MST""  ,  ""Count"" :  1  }, 
  {  ""Value"" :  ""2017-05-17 17 :  22 :  33 MST""  ,  ""Count"" :  1  }, 
  {  ""Value"" :  ""2017-06-17 14 :  42 :  43 MST""  ,  ""Count"" :  1  }, 
  {  ""Value"" :  ""2017-06-24 12 :  09 :  39 MST""  ,  ""Count"" :  1  }, 
  {  ""Value"" :  ""2017-06-25 02 :  09 :  58 MST""  ,  ""Count"" :  1  }, 
  {  ""Value"" :  ""2017-06-30 01 :  16 :  17 MST""  ,  ""Count"" :  1  }, 
  {  ""Value"" :  ""2017-06-30 03 :  45 :  03 MST""  ,  ""Count"" :  1  }, 
  {  ""Value"" :  ""2017-07-02 09 :  17 :  19 MST""  ,  ""Count"" :  1  }, 
  {  ""Value"" :  ""2017-07-05 18 :  45 :  48 MST""  ,  ""Count"" :  1  }, 
  {  ""Value"" :  ""2017-07-07 12 :  03 :  47 MST""  ,  ""Count"" :  1  }, 
  {  ""Value"" :  ""2017-07-10 04 :  38 :  02 MST""  ,  ""Count"" :  1  }, 
  {  ""Value"" :  ""2017-07-10 11 :  57 :  01 MST""  ,  ""Count"" :  1  }, 
  {  ""Value"" :  ""2017-07-20 17 :  54 :  00 MST""  ,  ""Count"" :  1  }, 
  {  ""Value"" :  ""2017-07-22 07 :  16 :  32 MST""  ,  ""Count"" :  1  }, 
  {  ""Value"" :  ""2017-07-31 03 :  05 :  26 MST""  ,  ""Count"" :  1  }, 
  {  ""Value"" :  ""2017-08-02 07 :  30 :  39 MST""  ,  ""Count"" :  1  }, 
  {  ""Value"" :  ""2017-08-02 23 :  32 :  23 MST""  ,  ""Count"" :  1  }, 
  {  ""Value"" :  ""2017-08-08 08 :  48 :  35 MST""  ,  ""Count"" :  1  }, 
  {  ""Value"" :  ""2017-08-08 17 :  29 :  32 MST""  ,  ""Count"" :  1  }, 
  {  ""Value"" :  ""2017-08-18 21 :  29 :  28 MST""  ,  ""Count"" :  1  }, 
  {  ""Value"" :  ""2017-08-23 11 :  10 :  12 MST""  ,  ""Count"" :  1  }, 
  {  ""Value"" :  ""2017-08-24 22 :  39 :  36 MST""  ,  ""Count"" :  1  }, 
  {  ""Value"" :  ""2017-08-26 12 :  10 :  27 MST""  ,  ""Count"" :  1  }, 
  {  ""Value"" :  ""2017-08-26 13 :  57 :  47 MST""  ,  ""Count"" :  1  }, 
  {  ""Value"" :  ""2017-09-06 17 :  56 :  26 MST""  ,  ""Count"" :  1  }, 
  {  ""Value"" :  ""2017-09-07 22 :  25 :  24 MST""  ,  ""Count"" :  1  }, 
  {  ""Value"" :  ""2017-09-08 06 :  32 :  20 MST""  ,  ""Count"" :  1  }, 
  {  ""Value"" :  ""2017-09-10 11 :  39 :  22 MST""  ,  ""Count"" :  1  }, 
  {  ""Value"" :  ""2017-09-10 21 :  39 :  20 MST""  ,  ""Count"" :  1  }, 
  {  ""Value"" :  ""2017-09-11 11 :  45 :  18 MST""  ,  ""Count"" :  1  }, 
  {  ""Value"" :  ""2017-09-11 20 :  07 :  57 MST""  ,  ""Count"" :  1  }, 
  {  ""Value"" :  ""2017-09-14 02 :  48 :  36 MST""  ,  ""Count"" :  1  }, 
  {  ""Value"" :  ""2017-09-18 19 :  59 :  31 MST""  ,  ""Count"" :  1  }, 
  {  ""Value"" :  ""2017-09-22 02 :  05 :  04 MST""  ,  ""Count"" :  1  }, 
  {  ""Value"" :  ""2017-09-23 04 :  58 :  22 MST""  ,  ""Count"" :  1  }, 
  {  ""Value"" :  ""2017-09-25 06 :  47 :  09 MST""  ,  ""Count"" :  1  }, 
  {  ""Value"" :  ""2017-09-28 22 :  35 :  06 MST""  ,  ""Count"" :  1  }, 
  {  ""Value"" :  ""2017-10-02 13 :  09 :  16 MST""  ,  ""Count"" :  1  }, 
  {  ""Value"" :  ""2017-10-05 06 :  12 :  01 MST""  ,  ""Count"" :  1  }, 
  {  ""Value"" :  ""2017-10-11 00 :  20 :  58 MST""  ,  ""Count"" :  1  }, 
  {  ""Value"" :  ""2017-10-19 00 :  21 :  35 MST""  ,  ""Count"" :  1  }, 
  {  ""Value"" :  ""2017-10-23 23 :  16 :  14 MST""  ,  ""Count"" :  1  }, 
  {  ""Value"" :  ""2017-10-30 17 :  15 :  51 MST""  ,  ""Count"" :  1  }, 
  {  ""Value"" :  ""2017-11-01 08 :  42 :  25 MST""  ,  ""Count"" :  1  }, 
  {  ""Value"" :  ""2017-11-03 04 :  01 :  14 MST""  ,  ""Count"" :  1  }, 
  {  ""Value"" :  ""2017-11-16 05 :  05 :  20 MST""  ,  ""Count"" :  1  }, 
  {  ""Value"" :  ""2017-11-26 07 :  27 :  09 MST""  ,  ""Count"" :  1  }, 
  {  ""Value"" :  ""2017-12-13 11 :  35 :  44 MST""  ,  ""Count"" :  1  }, 
  {  ""Value"" :  ""2017-12-22 04 :  50 :  01 MST""  ,  ""Count"" :  1  }, 
  {  ""Value"" :  ""2018-01-02 13 :  17 :  40 MST""  ,  ""Count"" :  1  }, 
  {  ""Value"" :  ""2018-01-13 18 :  14 :  06 MST""  ,  ""Count"" :  1  }, 
  {  ""Value"" :  ""2018-01-14 09 :  22 :  26 MST""  ,  ""Count"" :  1  }, 
  {  ""Value"" :  ""2018-01-25 11 :  15 :  15 MST""  ,  ""Count"" :  1  }, 
  {  ""Value"" :  ""2018-01-26 09 :  16 :  51 MST""  ,  ""Count"" :  1  }, 
  {  ""Value"" :  ""2018-01-30 01 :  10 :  26 MST""  ,  ""Count"" :  1  }, 
  {  ""Value"" :  ""2018-02-02 17 :  45 :  19 MST""  ,  ""Count"" :  1  }, 
  {  ""Value"" :  ""2018-02-09 12 :  32 :  41 MST""  ,  ""Count"" :  1  }, 
  {  ""Value"" :  ""2018-02-10 07 :  54 :  18 MST""  ,  ""Count"" :  1  }, 
  {  ""Value"" :  ""2018-02-18 00 :  45 :  25 MST""  ,  ""Count"" :  1  }, 
  {  ""Value"" :  ""2018-02-21 01 :  32 :  48 MST""  ,  ""Count"" :  1  }, 
  {  ""Value"" :  ""2018-02-24 04 :  59 :  20 MST""  ,  ""Count"" :  1  }, 
  {  ""Value"" :  ""2018-02-24 08 :  23 :  12 MST""  ,  ""Count"" :  1  }, 
  {  ""Value"" :  ""2018-02-25 16 :  55 :  35 MST""  ,  ""Count"" :  1  }, 
  {  ""Value"" :  ""2018-03-07 18 :  31 :  31 MST""  ,  ""Count"" :  1  }, 
  {  ""Value"" :  ""2018-03-08 00 :  45 :  14 MST""  ,  ""Count"" :  1  }, 
  {  ""Value"" :  ""2018-03-10 03 :  57 :  48 MST""  ,  ""Count"" :  1  }, 
  {  ""Value"" :  ""2018-03-15 08 :  19 :  55 MST""  ,  ""Count"" :  1  }, 
  {  ""Value"" :  ""2018-03-22 01 :  05 :  41 MST""  ,  ""Count"" :  1  }, 
  {  ""Value"" :  ""2018-03-27 08 :  07 :  15 MST""  ,  ""Count"" :  1  }, 
  {  ""Value"" :  ""2018-04-18 12 :  14 :  40 MST""  ,  ""Count"" :  1  }, 
  {  ""Value"" :  ""2018-04-19 11 :  22 :  16 MST""  ,  ""Count"" :  1  }, 
  {  ""Value"" :  ""2018-05-01 00 :  25 :  44 MST""  ,  ""Count"" :  1  }, 
  {  ""Value"" :  ""2018-05-06 11 :  56 :  33 MST""  ,  ""Count"" :  1  }, 
  {  ""Value"" :  ""2018-05-09 13 :  07 :  57 MST""  ,  ""Count"" :  1  }, 
  {  ""Value"" :  ""2018-05-10 16 :  49 :  09 MST""  ,  ""Count"" :  1  }, 
  {  ""Value"" :  ""2018-05-15 02 :  42 :  03 MST""  ,  ""Count"" :  1  }, 
  {  ""Value"" :  ""2018-05-16 11 :  51 :  25 MST""  ,  ""Count"" :  1  }, 
  {  ""Value"" :  ""2018-05-20 07 :  03 :  25 MST""  ,  ""Count"" :  1  }, 
  {  ""Value"" :  ""2018-05-21 03 :  17 :  51 MST""  ,  ""Count"" :  1  }, 
  {  ""Value"" :  ""2018-05-22 05 :  10 :  20 MST""  ,  ""Count"" :  1  }, 
  {  ""Value"" :  ""2018-05-22 17 :  40 :  54 MST""  ,  ""Count"" :  1  }, 
  {  ""Value"" :  ""2018-06-01 11 :  42 :  47 MST""  ,  ""Count"" :  1  }, 
  {  ""Value"" :  ""2018-06-02 19 :  38 :  24 MST""  ,  ""Count"" :  1  }, 
  {  ""Value"" :  ""2018-06-03 19 :  21 :  15 MST""  ,  ""Count"" :  1  }, 
  {  ""Value"" :  ""2018-06-05 00 :  04 :  24 MST""  ,  ""Count"" :  1  }, 
  {  ""Value"" :  ""2018-06-05 23 :  33 :  46 MST""  ,  ""Count"" :  1  }, 
  {  ""Value"" :  ""2018-06-15 17 :  30 :  08 MST""  ,  ""Count"" :  1  }, 
  {  ""Value"" :  ""2018-06-22 07 :  25 :  26 MST""  ,  ""Count"" :  1  }, 
  {  ""Value"" :  ""2018-06-25 10 :  07 :  15 MST""  ,  ""Count"" :  1  }, 
  {  ""Value"" :  ""2018-06-28 11 :  40 :  57 MST""  ,  ""Count"" :  1  }, 
  {  ""Value"" :  ""2018-07-02 15 :  31 :  34 MST""  ,  ""Count"" :  1  }, 
  {  ""Value"" :  ""2018-07-16 15 :  26 :  01 MST""  ,  ""Count"" :  1  }, 
  {  ""Value"" :  ""2018-07-30 21 :  11 :  33 MST""  ,  ""Count"" :  1  }, 
  {  ""Value"" :  ""2018-07-31 01 :  12 :  53 MST""  ,  ""Count"" :  1  }, 
  {  ""Value"" :  ""2018-08-01 06 :  17 :  05 MST""  ,  ""Count"" :  1  }, 
  {  ""Value"" :  ""2018-08-01 09 :  45 :  57 MST""  ,  ""Count"" :  1  }, 
  {  ""Value"" :  ""2018-08-03 09 :  17 :  26 MST""  ,  ""Count"" :  1  }, 
  {  ""Value"" :  ""2018-08-08 09 :  27 :  49 MST""  ,  ""Count"" :  1  }, 
  {  ""Value"" :  ""2018-08-08 18 :  16 :  58 MST""  ,  ""Count"" :  1  }, 
  {  ""Value"" :  ""2018-08-13 00 :  02 :  44 MST""  ,  ""Count"" :  1  }, 
  {  ""Value"" :  ""2018-08-14 03 :  17 :  06 MST""  ,  ""Count"" :  1  }, 
  {  ""Value"" :  ""2018-08-19 00 :  13 :  05 MST""  ,  ""Count"" :  1  }, 
  {  ""Value"" :  ""2018-08-29 07 :  54 :  27 MST""  ,  ""Count"" :  1  }, 
  {  ""Value"" :  ""2018-08-30 03 :  01 :  44 MST""  ,  ""Count"" :  1  }, 
  {  ""Value"" :  ""2018-09-10 03 :  15 :  06 MST""  ,  ""Count"" :  1  }, 
  {  ""Value"" :  ""2018-09-14 05 :  21 :  58 MST""  ,  ""Count"" :  1  }, 
  {  ""Value"" :  ""2018-10-03 04 :  48 :  57 MST""  ,  ""Count"" :  1  }, 
  {  ""Value"" :  ""2018-10-03 14 :  04 :  21 MST""  ,  ""Count"" :  1  }, 
  {  ""Value"" :  ""2018-10-10 19 :  57 :  03 MST""  ,  ""Count"" :  1  }, 
  {  ""Value"" :  ""2018-10-12 07 :  33 :  50 MST""  ,  ""Count"" :  1  }, 
  {  ""Value"" :  ""2018-10-15 20 :  10 :  19 MST""  ,  ""Count"" :  1  }, 
  {  ""Value"" :  ""2018-10-17 04 :  54 :  37 MST""  ,  ""Count"" :  1  }, 
  {  ""Value"" :  ""2018-10-24 03 :  16 :  46 MST""  ,  ""Count"" :  1  }, 
  {  ""Value"" :  ""2018-10-24 14 :  04 :  48 MST""  ,  ""Count"" :  1  }, 
  {  ""Value"" :  ""2018-10-25 03 :  01 :  29 MST""  ,  ""Count"" :  1  }, 
  {  ""Value"" :  ""2018-10-27 10 :  04 :  23 MST""  ,  ""Count"" :  1  }, 
  {  ""Value"" :  ""2018-11-03 15 :  58 :  29 MST""  ,  ""Count"" :  1  }, 
  {  ""Value"" :  ""2018-11-06 11 :  04 :  53 MST""  ,  ""Count"" :  1  }, 
  {  ""Value"" :  ""2018-11-25 11 :  32 :  20 MST""  ,  ""Count"" :  1  }, 
  {  ""Value"" :  ""2018-11-28 00 :  58 :  51 MST""  ,  ""Count"" :  1  }, 
  {  ""Value"" :  ""2018-11-29 06 :  16 :  27 MST""  ,  ""Count"" :  1  }, 
  {  ""Value"" :  ""2018-12-04 08 :  15 :  50 MST""  ,  ""Count"" :  1  }, 
  {  ""Value"" :  ""2018-12-12 02 :  31 :  25 MST""  ,  ""Count"" :  1  }, 
  {  ""Value"" :  ""2018-12-15 15 :  43 :  56 MST""  ,  ""Count"" :  1  }, 
  {  ""Value"" :  ""2018-12-20 15 :  48 :  18 MST""  ,  ""Count"" :  1  }
]",23,"","","","9b76e03952c84b366ac809bcf4ab237b"
"rule_year","","rule_year","","","numeric","number","","","","","","1990 ;; 
1999 ;; 
1986 ;; 
1992 ;; 
1976",FALSE,"numeric","number","","","","","","","[ 
  {  ""STAT"" :  ""Rows""  ,  ""VAL"" :  ""300""  ,  ""PER"" :  """"  }, 
  {  ""STAT"" :  ""Distinct""  ,  ""VAL"" :  ""61""  ,  ""PER"" :  ""(20.3%)""  }
]","1999 ;; 1964 ;; 2000 ;; 1977 ;; 1992 ;; 1996 ;; 2005 ;; 1957 ;; 1974 ;; 1993 ;; 1997 ;; 1998 ;; 2012 ;; 1979 ;; 1987 ;; 2015 ;; 1960 ;; 1962 ;; 1963 ;; 1965 ;; 1970 ;; 1972 ;; 1973 ;; 1976 ;; 1981 ;; 1982 ;; 1985 ;; 1988 ;; 2009 ;; 2010 ;; 2011 ;; 2014 ;; 1958 ;; 1969 ;; 1975 ;; 1980 ;; 1983 ;; 1984 ;; 1986 ;; 1995 ;; 2001 ;; 2002 ;; 2007 ;; 2013 ;; 1955 ;; 1956 ;; 1959 ;; 1961 ;; 1967 ;; 1971","[ 
  {  ""STAT"" :  ""Minimum""  ,  ""VAL"" :  ""1,955""  }, 
  {  ""STAT"" :  ""Q - 05""  ,  ""VAL"" :  ""1,958""  }, 
  {  ""STAT"" :  ""Q - 25""  ,  ""VAL"" :  ""1,971.75""  }, 
  {  ""STAT"" :  ""Median""  ,  ""VAL"" :  ""1,987""  }, 
  {  ""STAT"" :  ""Mean""  ,  ""VAL"" :  ""1,985.89""  }, 
  {  ""STAT"" :  ""Q - 75""  ,  ""VAL"" :  ""1,999""  }, 
  {  ""STAT"" :  ""Q - 95""  ,  ""VAL"" :  ""2,012.05""  }, 
  {  ""STAT"" :  ""Maximum""  ,  ""VAL"" :  ""2,015""  }, 
  {  ""STAT"" :  ""Skew""  ,  ""VAL"" :  ""-0.08""  }, 
  {  ""STAT"" :  ""Kurtosis""  ,  ""VAL"" :  ""-1.18""  }
]","  { 
    ""breaks""  :  [ 
1958, 
    1959.08, 
    1960.16, 
    1961.24, 
    1962.32, 
    1963.4, 
    1964.48, 
    1965.56, 
    1966.64, 
    1967.72, 
    1968.8, 
    1969.88, 
    1970.96, 
    1972.04, 
    1973.12, 
    1974.2, 
    1975.28, 
    1976.36, 
    1977.44, 
    1978.52, 
    1979.6, 
    1980.68, 
    1981.76, 
    1982.84, 
    1983.92, 
    1985, 
    1986.08, 
    1987.16, 
    1988.24, 
    1989.32, 
    1990.4, 
    1991.48, 
    1992.56, 
    1993.64, 
    1994.72, 
    1995.8, 
    1996.88, 
    1997.96, 
    1999.04, 
    2000.12, 
    2001.2, 
    2002.28, 
    2003.36, 
    2004.44, 
    2005.52, 
    2006.6, 
    2007.68, 
    2008.76, 
    2009.84, 
    2010.92, 
    2012
], 
    ""density""  :  [ 
0.0257, 
    0.0184, 
    0.011, 
    0.0184, 
    0.0184, 
    0.0478, 
    0.0184, 
    0.0074, 
    0.011, 
    0.0074, 
    0.0147, 
    0.0184, 
    0.0294, 
    0.0184, 
    0.0257, 
    0.0147, 
    0.0184, 
    0.0294, 
    0.0074, 
    0.0221, 
    0.0147, 
    0.0184, 
    0.0184, 
    0.0147, 
    0.0331, 
    0.0147, 
    0.0221, 
    0.0184, 
    0.011, 
    0.011, 
    0.011, 
    0.0294, 
    0.0257, 
    0.011, 
    0.0147, 
    0.0294, 
    0.0257, 
    0.0772, 
    0.0331, 
    0.0147, 
    0.0147, 
    0.0074, 
    0.0037, 
    0.0294, 
    0.0074, 
    0.0147, 
    0.011, 
    0.0184, 
    0.0184, 
    0.0441
], 
    ""y""  :  [ 
7, 
    5, 
    3, 
    5, 
    5, 
    13, 
    5, 
    2, 
    3, 
    2, 
    4, 
    5, 
    8, 
    5, 
    7, 
    4, 
    5, 
    8, 
    2, 
    6, 
    4, 
    5, 
    5, 
    4, 
    9, 
    4, 
    6, 
    5, 
    3, 
    3, 
    3, 
    8, 
    7, 
    3, 
    4, 
    8, 
    7, 
    21, 
    9, 
    4, 
    4, 
    2, 
    1, 
    8, 
    2, 
    4, 
    3, 
    5, 
    5, 
    12
], 
    ""mids""  :  [ 
1958.54, 
    1959.62, 
    1960.7, 
    1961.78, 
    1962.86, 
    1963.94, 
    1965.02, 
    1966.1, 
    1967.18, 
    1968.26, 
    1969.34, 
    1970.42, 
    1971.5, 
    1972.58, 
    1973.66, 
    1974.74, 
    1975.82, 
    1976.9, 
    1977.98, 
    1979.06, 
    1980.14, 
    1981.22, 
    1982.3, 
    1983.38, 
    1984.46, 
    1985.54, 
    1986.62, 
    1987.7, 
    1988.78, 
    1989.86, 
    1990.94, 
    1992.02, 
    1993.1, 
    1994.18, 
    1995.26, 
    1996.34, 
    1997.42, 
    1998.5, 
    1999.58, 
    2000.66, 
    2001.74, 
    2002.82, 
    2003.9, 
    2004.98, 
    2006.06, 
    2007.14, 
    2008.22, 
    2009.3, 
    2010.38, 
    2011.46
], 
    ""mean""  :  [ 
1985.89
], 
    ""median""  :  [ 
1987
], 
    ""min""  :  [ 
1955
], 
    ""max""  :  [ 
2015
]
  }",4,"","","","97e24cc698dc4cb21674c525115ff0e7"
"age_years","","age_years","","","numeric","number","","","","","","36 ;; 
27 ;; 
40 ;; 
34 ;; 
50",FALSE,"numeric","number","","","","","","","[ 
  {  ""STAT"" :  ""Rows""  ,  ""VAL"" :  ""300""  ,  ""PER"" :  """"  }, 
  {  ""STAT"" :  ""Distinct""  ,  ""VAL"" :  ""61""  ,  ""PER"" :  ""(20.3%)""  }
]","27 ;; 62 ;; 26 ;; 21 ;; 30 ;; 34 ;; 49 ;; 14 ;; 28 ;; 29 ;; 33 ;; 52 ;; 69 ;; 11 ;; 39 ;; 47 ;; 12 ;; 15 ;; 16 ;; 17 ;; 38 ;; 41 ;; 44 ;; 45 ;; 50 ;; 53 ;; 54 ;; 56 ;; 61 ;; 63 ;; 64 ;; 66 ;; 13 ;; 19 ;; 24 ;; 25 ;; 31 ;; 40 ;; 42 ;; 43 ;; 46 ;; 51 ;; 57 ;; 68 ;; 18 ;; 32 ;; 35 ;; 36 ;; 37 ;; 55 ;; 59 ;; 65 ;; 67 ;; 70 ;; 71 ;; 20 ;; 23 ;; 48 ;; 58 ;; 60 ;; 22","[ 
  {  ""STAT"" :  ""Minimum""  ,  ""VAL"" :  ""11""  }, 
  {  ""STAT"" :  ""Q - 05""  ,  ""VAL"" :  ""13.95""  }, 
  {  ""STAT"" :  ""Q - 25""  ,  ""VAL"" :  ""27""  }, 
  {  ""STAT"" :  ""Median""  ,  ""VAL"" :  ""39""  }, 
  {  ""STAT"" :  ""Mean""  ,  ""VAL"" :  ""40.11""  }, 
  {  ""STAT"" :  ""Q - 75""  ,  ""VAL"" :  ""54.25""  }, 
  {  ""STAT"" :  ""Q - 95""  ,  ""VAL"" :  ""68""  }, 
  {  ""STAT"" :  ""Maximum""  ,  ""VAL"" :  ""71""  }, 
  {  ""STAT"" :  ""Skew""  ,  ""VAL"" :  ""0.08""  }, 
  {  ""STAT"" :  ""Kurtosis""  ,  ""VAL"" :  ""-1.18""  }
]","  { 
    ""breaks""  :  [ 
14, 
    15.08, 
    16.16, 
    17.24, 
    18.32, 
    19.4, 
    20.48, 
    21.56, 
    22.64, 
    23.72, 
    24.8, 
    25.88, 
    26.96, 
    28.04, 
    29.12, 
    30.2, 
    31.28, 
    32.36, 
    33.44, 
    34.52, 
    35.6, 
    36.68, 
    37.76, 
    38.84, 
    39.92, 
    41, 
    42.08, 
    43.16, 
    44.24, 
    45.32, 
    46.4, 
    47.48, 
    48.56, 
    49.64, 
    50.72, 
    51.8, 
    52.88, 
    53.96, 
    55.04, 
    56.12, 
    57.2, 
    58.28, 
    59.36, 
    60.44, 
    61.52, 
    62.6, 
    63.68, 
    64.76, 
    65.84, 
    66.92, 
    68
], 
    ""density""  :  [ 
0.0441, 
    0.0184, 
    0.0184, 
    0.011, 
    0.0147, 
    0.0074, 
    0.0294, 
    0.0037, 
    0.0074, 
    0.0147, 
    0.0147, 
    0.0331, 
    0.0772, 
    0.0257, 
    0.0294, 
    0.0147, 
    0.011, 
    0.0257, 
    0.0294, 
    0.011, 
    0.011, 
    0.011, 
    0.0184, 
    0.0221, 
    0.0331, 
    0.0147, 
    0.0147, 
    0.0184, 
    0.0184, 
    0.0147, 
    0.0221, 
    0.0074, 
    0.0294, 
    0.0184, 
    0.0147, 
    0.0257, 
    0.0184, 
    0.0294, 
    0.0184, 
    0.0147, 
    0.0074, 
    0.011, 
    0.0074, 
    0.0184, 
    0.0478, 
    0.0184, 
    0.0184, 
    0.011, 
    0.0184, 
    0.0257
], 
    ""y""  :  [ 
12, 
    5, 
    5, 
    3, 
    4, 
    2, 
    8, 
    1, 
    2, 
    4, 
    4, 
    9, 
    21, 
    7, 
    8, 
    4, 
    3, 
    7, 
    8, 
    3, 
    3, 
    3, 
    5, 
    6, 
    9, 
    4, 
    4, 
    5, 
    5, 
    4, 
    6, 
    2, 
    8, 
    5, 
    4, 
    7, 
    5, 
    8, 
    5, 
    4, 
    2, 
    3, 
    2, 
    5, 
    13, 
    5, 
    5, 
    3, 
    5, 
    7
], 
    ""mids""  :  [ 
14.54, 
    15.62, 
    16.7, 
    17.78, 
    18.86, 
    19.94, 
    21.02, 
    22.1, 
    23.18, 
    24.26, 
    25.34, 
    26.42, 
    27.5, 
    28.58, 
    29.66, 
    30.74, 
    31.82, 
    32.9, 
    33.98, 
    35.06, 
    36.14, 
    37.22, 
    38.3, 
    39.38, 
    40.46, 
    41.54, 
    42.62, 
    43.7, 
    44.78, 
    45.86, 
    46.94, 
    48.02, 
    49.1, 
    50.18, 
    51.26, 
    52.34, 
    53.42, 
    54.5, 
    55.58, 
    56.66, 
    57.74, 
    58.82, 
    59.9, 
    60.98, 
    62.06, 
    63.14, 
    64.22, 
    65.3, 
    66.38, 
    67.46
], 
    ""mean""  :  [ 
40.11
], 
    ""median""  :  [ 
39
], 
    ""min""  :  [ 
11
], 
    ""max""  :  [ 
71
]
  }",2,"","","","744e760f305d7798abb270d940a9a70e"
